heliostat_id,sigma_x,sigma_y,amplitude,x_locations,y_locations,x_normal,y_normal
0,4.362927451154023,4.197495620628111,0.8847895052795833,-645.236109,871.012645,33.35119518048918,10.8
1,4.363301878944852,5.015574217970151,0.8684500817081068,-137.896988,-251.883725,51.02872753821603,10.8
2,4.36374045452179,4.197728219219964,0.8640655751274549,708.401319,599.837089,20.06274749355474,10.8
3,4.364245731228785,4.1743478404367265,0.8614018361096455,718.23025,678.369895,20.541610470351465,10.8
4,4.235052643352849,4.168760520909233,0.9533412652891111,-738.826406,608.585286,35.506078591898685,10.8
5,4.364820071009569,4.6337520188706085,0.8579321846853695,347.997288,-128.960645,10.730377728970907,10.8
6,4.235139973286264,4.130605155578209,0.9517243960943397,324.118312,1106.806625,25.210524522102794,10.8
7,4.365465609199242,4.27631612378281,0.8536605253085794,-607.862752,95.863316,40.206450390673155,10.8
8,4.2352757078510805,4.11948407644464,0.9492606355514865,-354.024167,1097.606703,30.478017301265865,10.8
9,4.366184250333356,4.683163180910953,0.848592172980007,-302.20627,-168.623124,46.07826679475987,10.8
10,4.235463312588751,4.563944925786411,0.9459512767354357,364.923542,-119.465746,11.070261286159159,10.8
11,4.366977616049683,4.135377457050897,0.8448370751540042,691.868398,618.833646,20.302178985216152,10.8
12,4.235706194269262,4.135142184065544,0.9417986787531727,-765.067146,472.634211,36.70323603946076,10.8
13,4.367847035401816,4.112324648408546,0.8408364917886417,-736.368552,658.636291,35.146931353675654,10.8
14,4.236007703612172,4.2455781946784565,0.9393741737773186,-591.186506,77.128317,40.44195784500093,10.8
15,4.368793506653713,4.110853046481298,0.8360294971709891,-724.412822,580.399022,35.62579433820011,10.8
16,4.236371080791291,4.315084914389949,0.9364903672455311,-506.610818,-1.875036,41.619495136028675,10.8
17,4.369817663788207,4.117617284099386,0.830423267229532,-750.414628,387.835004,37.37714098082384,10.8
18,4.10825699696535,4.065535658128576,1.0342687769634988,497.843748,1001.740237,23.654219841114354,10.8
19,4.236799466866445,4.665200032473628,0.9327506177967153,-270.854312,-195.205363,47.09791743174413,10.8
20,4.370919742126625,4.80481038371696,0.8253296795803535,-184.149667,-236.019998,49.60194148632875,10.8
21,4.108213527709049,4.225693688537576,1.0330913090896336,-573.956854,59.353303,40.67746530453195,10.8
22,4.237295873864926,4.053709510031593,0.9281585114112821,-524.835457,987.866207,32.034321987213865,10.8
23,4.372099544618948,4.093927633209434,0.8207329041044342,734.981321,416.341881,18.410656573294624,10.8
24,4.108205925395677,4.925220509451805,1.031200365194109,-91.492883,-259.291676,52.45551359989698,10.8
25,4.237863145620573,4.038140814895697,0.9244040232707899,293.97389,1115.191884,25.449956011789745,10.8
26,4.108237887022233,4.29076351761776,1.0284104614151535,-490.234026,-14.901582,41.85500259312081,10.8
27,4.373356403920413,4.03964049979409,0.8153295822094496,597.046653,904.725349,22.57677813652976,10.8
28,4.238503959420934,4.0262736421307865,0.9210205552167468,-324.118312,1106.806625,30.238585813757044,10.8
29,4.10831312281038,4.829508540285849,1.0247228614795507,164.193178,-235.587755,5.371573508065261,10.8
30,4.374689139116835,4.085612753718924,0.809129250162932,-730.583906,309.11208,38.054515428191834,10.8
31,4.239220795400565,4.026313219903767,0.9302394041225797,659.659227,818.624425,21.738767922663413,10.8
32,4.1084353471918,4.028220199963174,1.0222526625700135,691.469652,748.064366,21.140189193409284,10.8
33,4.376096013439439,4.196336577509609,0.8026790277462971,-557.284604,42.636075,40.91297275292669,10.8
34,4.240015894894757,4.067128821075975,0.9116654838397107,718.1857,336.916046,17.733282137655372,10.8
35,4.108608270247998,4.595534059985161,1.0199884362525315,285.072493,-173.783963,9.030960002898318,10.8
36,4.377574690236337,4.143568606899385,0.7974317714514491,601.883097,128.154741,15.71367486863113,10.8
37,4.240891254633591,4.099844129244491,0.9065322690098921,638.172568,227.68236,16.88656407822829,10.8
38,4.108835578894992,4.002203300167716,1.0168129082461097,-681.623869,800.428101,33.949773902492595,10.8
39,4.379122191944534,4.225911811433322,0.8024418855458726,505.989438,25.154034,14.300630122278612,10.8
40,4.380734830270965,4.0883694632606185,0.7954604483109822,-646.438533,203.028832,38.90123347501098,10.8
41,4.109120913197609,4.197128088513879,1.0127282074661854,-523.573217,12.036596,41.38398766946091,10.8
42,4.241848581097283,4.110066081477894,0.9025711475155731,-624.358302,119.547429,39.91729514131708,10.8
43,3.9891132328475645,4.045093851114888,1.115284676058024,-713.883624,286.023201,38.22385903463694,10.8
44,4.382408176160346,4.170905390883036,0.7876880142704332,-540.141797,26.851835,41.14848022084915,10.8
45,4.109467856269733,4.124210923774115,1.0089037812109611,586.230063,108.556784,15.478167396678899,10.8
46,4.242889285689315,3.9838312133798386,0.8977402588841639,-711.508454,729.031066,34.54835263211269,10.8
47,3.9890047313304033,3.972629041324785,1.1140028690051247,-621.37006,888.195874,33.11176369119295,10.8
48,4.384136980886997,4.508231195109312,0.7814160335905181,314.28595,-144.867971,10.050610629926084,10.8
49,4.109879911802084,3.957290334329631,1.006182105576632,263.613089,1122.756307,25.689387499809776,10.8
50,3.9889221944129902,4.027893432854672,1.111769359272182,702.383607,313.203399,17.56393851979721,10.8
51,4.244014414487377,4.20955757395136,0.892046779887898,490.330899,11.272377,14.065122657862773,10.8
52,4.385915124690933,4.81649814469779,0.7745305777924043,118.855268,-247.944643,3.944787421354814,10.8
53,3.9888692908300314,3.9475594715994227,1.108584465208387,-293.97389,1115.191884,29.999154324070098,10.8
54,4.110360488885812,3.949694240758406,1.0025375569878185,470.485602,1014.876937,23.893651330541267,10.8
55,4.387735556560137,4.598058635011296,0.7668545187735092,-233.803512,-213.494973,48.117568089119125,10.8
56,4.24522465482353,4.1136829354394315,0.885499489883811,569.973198,89.887924,15.242659946747537,10.8
57,3.988849765630957,3.964339397863792,1.1059977055760881,704.732073,647.760152,20.421894726256177,10.8
58,4.110912876049627,3.990850969928203,0.9979734635298402,-734.65349,361.999607,37.5464845926928,10.8
59,4.246520272659512,4.013215047546414,0.8808890778049587,-696.574581,263.692346,38.39320264312963,10.8
60,3.988867418159719,4.047247629706193,1.1043954826241507,613.535312,232.257349,17.05590768891433,10.8
61,4.111540223776951,3.9270752945259355,0.9927369803645788,-497.843748,1001.740237,31.79489049474549,10.8
62,4.247901093009919,4.002145881916411,0.8687680379114566,685.944115,290.224861,17.394594913885562,10.8
63,3.988926098952688,4.101724428595849,1.101828279100409,554.21651,72.305078,15.007152484475355,10.8
64,4.24936644399522,4.009417482631368,0.8493619524155788,-662.852692,222.24475,38.731889867275655,10.8
65,4.112245525215139,3.9327987878285033,0.9894710490474584,699.563296,697.604187,20.781041964286516,10.8
66,3.989029681585537,3.965491367779738,1.098296867681896,720.22306,389.920773,18.24131296255633,10.8
67,4.2509151428444,4.831631375384229,0.8312062974340931,18.314932,-262.121145,0.615619974917923,10.8
68,4.113031574434797,3.900812259098945,0.9852724982896117,233.058255,1129.494327,25.92881899541704,10.8
69,3.9891820703640737,3.996618767710475,1.0943377618207488,653.837349,247.513919,17.055907692033017,10.8
70,4.252545413100958,3.9343664441873,0.8162567234329033,-750.336182,444.2697,36.86911014893074,10.8
71,3.98938715201597,4.102452382139034,1.092330734872953,522.185532,39.950756,14.536137574813736,10.8
72,4.1139009750900035,3.889517693610638,0.9801464007910309,-263.613089,1122.756307,29.759722836050067,10.8
73,4.254254877318087,3.9079138217040357,0.8151755373896035,-722.044969,628.403987,35.26664709667214,10.8
74,3.9896488259781226,4.075365145152423,1.0893450586436197,537.940163,55.62879,14.771645025949525,10.8
75,4.114856071711253,4.595588920232618,0.9740992910308525,208.47091,-214.84045,6.798359579983668,10.8
76,4.256040483595487,3.989605160016688,0.8037059235475377,-621.994955,208.545752,38.73188987029413,10.8
77,3.869995267686166,4.794990445513583,1.2003914036875745,-18.314932,-262.121145,54.833490360941916,10.8
78,3.989970942922428,3.955651624955303,1.0853824098771527,-679.986144,242.60029,38.56254625702495,10.8
79,4.115898964907822,3.9537539422681047,0.9695532323602014,670.177169,268.511859,17.22525129924246,10.8
80,3.8698640412478467,3.885527346064219,1.1977285610167678,-718.23025,678.369895,34.90749986550838,10.8
81,4.2578984704955385,3.871775684482063,0.7938849346219066,572.283791,920.588902,22.81620962502356,10.8
82,3.990357318827732,3.900405985550387,1.0804458628832907,732.737605,472.732012,18.91868740988803,10.8
83,3.869752347940857,4.776531140121229,1.194932396902561,46.406352,-258.629816,1.5668106705494296,10.8
84,4.117031446015685,3.8865608231268842,0.9647185845195989,-708.401319,599.837089,35.386362842305104,10.8
85,4.259824292390258,3.863396625096863,0.7868637209093856,-597.046653,904.725349,32.87233219933008,10.8
86,3.869663785103414,3.8496306013999386,1.194020084516362,202.33188,1135.400985,26.168250483049214,10.8
87,4.261812575972238,3.848104590768717,0.7830938206321497,-233.058255,1129.494327,29.520291340442803,10.8
88,3.990811693915302,4.164805182900683,1.0774850251166184,-434.01858,-71.075629,43.019314852244236,10.8
89,4.1182549875689425,3.848699164160916,0.9589520826400418,442.781156,1027.266639,24.133082820542548,10.8
90,3.8696020518244625,3.8528628361882133,1.1920857538515044,637.209043,836.218201,21.978199413443775,10.8
91,4.2638570665527835,3.871125186502438,0.7812245663354443,-691.868398,618.833646,35.14693135064368,10.8
92,3.9913377406718547,4.177512146648514,1.0739902967878994,-416.910641,-84.874299,43.359198407263676,10.8
93,4.119570710000037,4.326855431678302,0.9522625859317025,-330.898953,-137.335888,45.058616153292114,10.8
94,4.265950536517219,3.8453551538399626,0.7813390689472313,-659.659227,818.624425,33.71034241319643,10.8
95,3.8695709388208153,3.8487932731698415,1.1891291841421285,670.921894,766.547055,21.379620692003527,10.8
96,4.268084733432417,3.8313350882022763,0.7838381881995504,-470.485602,1014.876937,31.55545900531857,10.8
97,3.9919390084908817,4.192436287906274,1.0695068840749502,-399.404629,-97.46517,43.699081960312135,10.8
98,3.869574318584819,4.592025567102781,1.1851513041986363,-164.193178,-235.587755,50.077536827794574,10.8
99,4.1209793369837335,4.658905056263891,0.9461547736487117,-118.855268,-247.944643,51.504322914505025,10.8
100,4.270250314492924,4.087205046524947,0.7906084635843693,-474.303372,-1.755461,41.6194951226513,10.8
101,4.272436737394569,3.8174475615672967,0.7893958032991355,171.456578,1140.471932,26.40768197647531,10.8
102,3.869616137386974,3.815514990788365,1.1836782319906949,-202.33188,1135.400985,29.280859852810632,10.8
103,3.992618934225539,4.724453614999341,1.0640392976576467,-46.406352,-258.629816,53.88229966531041,10.8
104,4.122481169251828,4.20614908737369,0.9330290047061817,-382.304245,-109.048857,44.03896549275746,10.8
105,4.274632211195844,3.8289721361635745,0.7798773205000826,-691.469652,748.064366,34.30892114245056,10.8
106,4.276823587271191,4.264332713338666,0.7695713640879104,-347.997288,-128.960645,44.71873260688892,10.8
107,4.278996261873768,3.8073935857013668,0.7605333084856031,140.455077,1144.703437,26.6471134602902,10.8
108,3.869700393923372,3.813735742340146,1.1813811864955284,547.0997,935.774856,23.05564111216289,10.8
109,3.9933808025495092,3.8046205201333922,1.0595249810264515,-171.456578,1140.471932,29.041428359384533,10.8
110,4.124076046607546,4.709597360704394,0.911243267350282,73.959177,-252.136811,2.5180013804355603,10.8
111,3.869831134938616,3.800588046382304,1.1780477686165687,414.750802,1038.900223,24.37251430761104,10.8
112,3.9942277312755756,4.2146597800853165,1.0554285064325082,-364.923542,-119.465746,44.37884904970068,10.8
113,4.125763299439624,3.8412151908834535,0.890589997857229,-734.981321,416.341881,37.038453762565226,10.8
114,3.87001242937386,3.8175495553175915,1.1736795744052673,674.826229,637.374711,20.54161046953572,10.8
115,4.127541717288442,3.7841809498420997,0.871782920731282,109.350193,1148.092384,26.886544952812663,10.8
116,3.995162642714345,3.782996052992988,1.0503340522327997,-140.455077,1144.703437,28.801996875569646,10.8
117,3.870248369632565,3.781415226149418,1.1706990627820073,-442.781156,1027.266639,31.316027515317295,10.8
118,3.757911880564481,3.800363689216033,1.2845004339416155,686.900459,666.639534,20.661326218803822,10.8
119,4.129409506036004,4.036682737737523,0.8564721236278525,473.721618,23.549918,14.300630125512704,10.8
120,3.9961882284483883,4.596020756935833,1.0442479639380675,144.838211,-233.719946,4.89597814091217,10.8
121,3.7577673496912123,3.7764919844261366,1.284314426317909,-572.283791,920.588902,32.63290071083628,10.8
122,3.870543041253561,3.768132166559358,1.1679473480313132,78.164822,1150.636279,27.125976444878532,10.8
123,4.131364219714336,3.8134990977760927,0.8425707145624708,718.465605,444.235611,18.749343799208063,10.8
124,3.757635852781407,3.7626136888696213,1.2830490459295332,-109.350193,1148.092384,28.56256538304718,10.8
125,3.997306943504708,3.781462831679497,1.0381249903855017,680.38143,716.325008,21.020473451795375,10.8
126,3.8709005227950093,3.7581835714273377,1.1641449962587163,46.921918,1152.33325,27.365407936368165,10.8
127,4.133402747956072,3.757946909586453,0.8428012230282602,-78.164822,1150.636279,28.323133890981314,10.8
128,3.757520813809974,3.780373636358856,1.280703309669355,-704.732073,647.760152,35.027215609603665,10.8
129,3.998520961839526,4.308282105902111,1.0333368010757835,-285.072493,-173.783963,46.418150332961524,10.8
130,4.135521220876723,3.750051088781209,0.831881156799095,15.644478,1153.182048,27.60483942177109,10.8
131,3.757425790908312,3.7484835062211364,1.277277339235097,-46.921918,1152.33325,28.08370239949168,10.8
132,3.8713248467039616,3.808559585339772,1.1592945991569346,-718.1857,336.916046,37.71582819820447,10.8
133,4.137714995916593,3.742637136262088,0.825122360859498,-15.644478,1153.182048,27.844270914088757,10.8
134,3.757354468422486,4.491878466357258,1.2757200096365255,188.58373,-216.557537,6.322764207645449,10.8
135,3.9998321500745364,3.7603842256975004,1.027545094089291,-699.563296,697.604187,34.668068371573334,10.8
136,3.8718200002834573,3.7490382233948343,1.1547350069188302,614.289843,853.19648,22.217630899952226,10.8
137,4.139978565588731,3.770733340946697,0.8203761694010614,724.107598,533.271996,19.464168766413046,10.8
138,3.7573106367181786,3.7366759263948,1.2741508300655406,386.41517,1049.769125,24.611945801125003,10.8
139,4.001242042078556,4.61910087119258,1.020758775247755,-73.959177,-252.136811,52.93110895542428,10.8
140,4.142305513500666,3.789535424659296,0.8175337896403969,704.729821,364.223834,18.07196935442215,10.8
141,3.8723899039868224,3.829562462346552,1.151429954134156,-638.172568,227.68236,38.56254625763155,10.8
142,3.75729820220357,3.827020931827803,1.2714869902868093,628.966764,252.00058,17.225251303570374,10.8
143,4.144688444636675,3.7346808159502083,0.8166756061903212,-637.209043,836.218201,33.470910922416074,10.8
144,4.002751798845329,3.854333860618917,1.0129886311289489,-601.883097,128.154741,39.73543546722871,10.8
145,4.147118912884051,4.406275338106744,0.8195076814587053,-208.47091,-214.84045,48.65075075587617,10.8
146,3.87303837811121,4.230436536574638,1.1470609335639903,-314.28595,-144.867971,45.398499705933766,10.8
147,3.757321152831067,3.7204170094915336,1.2677288862894718,-414.750802,1038.900223,31.076596028248805,10.8
148,4.1495873496046825,3.7811564353628087,0.8254114815622839,-702.383607,313.203399,37.88517181606264,10.8
149,4.004362167128772,3.7176017297594854,0.9987846327520731,521.512917,950.272035,23.295072602785822,10.8
150,4.152082983200015,3.832385059831475,0.8334994379031929,-192.124099,605.972943,30.434052944207778,10.8
151,4.17126648906877,3.832221238690929,0.7509316910632985,192.124099,605.972943,25.015057391652064,10.8
152,3.757383565769054,3.77554102283102,1.2646484540769538,689.849188,339.922342,17.902625742242364,10.8
153,4.154593757656409,3.722484935214667,0.8280631957546658,649.880306,784.465527,21.6190521769502,10.8
154,3.873769136039952,3.9269040105290163,1.141632123953754,-505.989438,25.154034,41.14848021358123,10.8
155,4.169115462847342,4.182927663869502,0.7623714578936205,340.485962,-111.465567,11.070261281808449,10.8
156,4.15710623734748,3.850471840023212,0.8173377395405672,-586.230063,108.556784,39.970942939180944,10.8
157,4.16685099226703,4.033332469404223,0.7730256970790133,422.205626,-52.540824,12.769679035523524,10.8
158,4.159605518713836,4.008741773949003,0.8074558094070294,438.201012,-37.466592,13.109562573986423,10.8
159,4.164496937520804,3.7104956473389406,0.7851997574496549,-547.0997,935.774856,32.393469223696954,10.8
160,4.1620751334800925,3.8143703589610922,0.7967332997953479,-613.535312,232.257349,38.39320264694551,10.8
161,4.006073469108137,3.7160471024225514,0.9747143179117267,-670.921894,766.547055,34.06948964385632,10.8
162,3.757489581613968,4.249488604681368,1.2626870467439524,297.60011,-151.331974,9.710727075741623,10.8
163,3.874585765396063,3.7714192813460214,1.1354265966716437,-685.944115,290.224861,38.05451542197428,10.8
164,4.007885537570326,4.044799065906865,0.9516497652921697,405.720406,-66.441472,12.429795470146487,10.8
165,3.7576433927018558,3.9274447340790952,1.259615341496812,-490.330899,11.272377,41.38398767799707,10.8
166,3.8754916810628854,3.8442033493903116,1.1314668022703798,-569.973198,89.887924,40.206450389112305,10.8
167,4.0097976830464095,4.559846304002417,0.9297315642338919,100.653626,-242.717488,3.4691920741322555,10.8
168,3.757849247691319,3.7343820752675,1.2554344264634945,-720.22306,389.920773,37.20779737330352,10.8
169,3.8764901365581186,3.7503670127191477,1.1264321623254503,674.303459,316.329962,17.733282137349782,10.8
170,4.011808657922595,4.111987301751257,0.9111383248528218,356.889112,-101.799419,11.41014482618175,10.8
171,3.758111404934765,3.7126538887957685,1.2507575720443989,-732.737605,472.732012,36.53042292597181,10.8
172,3.8775841628361936,4.043280154685029,1.1203288276108874,389.562106,-79.306708,12.089911938813707,10.8
173,4.013916605784789,3.7565160636140833,0.8946833098124009,-653.837349,247.513919,38.393202643826825,10.8
174,3.6456258805396677,3.6682182522007527,1.3750543582474024,357.795119,1059.865347,24.851377287678027,10.8
175,3.7584341415674993,3.715524711597743,1.2483043533214737,704.731956,417.267702,18.580000183445158,10.8
176,3.6454961461272126,3.7497089689625835,1.3942002278519008,643.8591,272.418574,17.39459491135875,10.8
177,4.016119010836235,3.827637140291698,0.8935707998756192,-554.21651,72.305078,40.44195785138449,10.8
178,3.8787765655914375,3.6590643346962084,1.1131648505375225,-386.41517,1049.769125,30.837164534734836,10.8
179,3.7588217360066714,3.735682279910862,1.2447248942376157,-670.177169,268.511859,38.223859036617384,10.8
180,3.6453797582446117,3.663471479053346,1.393408917595266,590.918495,869.546765,22.45706239241234,10.8
181,4.018412663529665,3.6898858343392655,0.8798581540736534,714.059924,500.49813,19.25737462663068,10.8
182,3.6452802055966265,4.050581186654623,1.37053096808278,373.034533,-91.030177,11.750028381262425,10.8
183,3.8800698958885023,3.727318039934688,1.1077079907330214,659.381223,294.027991,17.563938529288777,10.8
184,3.759278439183991,3.8602974033787034,1.2400213247546874,503.927011,52.111465,14.771645029364514,10.8
185,4.0207935868355085,3.842461865813831,0.8689744132668447,-522.185532,39.950756,40.912972761046106,10.8
186,3.645201109764068,3.8230993646044062,1.3883174561896974,-537.940163,55.62879,40.677465309910325,10.8
187,4.023256989615563,4.430868284717746,0.8614031752640758,-144.838211,-233.719946,50.55313219494767,10.8
188,3.881466411346115,3.7667040062780326,1.1019127255854437,594.189292,160.081183,16.18468977739107,10.8
189,3.7598084617038654,3.7771841636207317,1.2341973568400453,579.604049,139.676084,15.949182309242374,10.8
190,3.6451462458015396,3.864871081265471,1.3850316109645788,489.031321,37.414233,14.536137581061546,10.8
191,4.065759909446342,3.6551944436890964,0.7648659795302486,668.563253,685.028237,20.900757711269826,10.8
192,4.025797212612866,3.659461563552621,0.8556460166157728,657.287355,655.446638,20.78104195967935,10.8
193,3.8829680417705563,3.6451082530706675,1.0950445280284136,660.69877,734.518579,21.25990494063366,10.8
194,4.028407656126269,4.12570299925491,0.8517948064857248,324.501823,-120.253708,10.730377738715163,10.8
195,3.645119504107112,3.6317985388851293,1.3629740185161114,495.542275,964.069768,23.534504095929357,10.8
196,4.063567463516119,3.6534022755313194,0.7785337258162557,-674.826229,637.374711,34.90749986632412,10.8
197,3.760415962457215,3.6586794336674417,1.2306221425586417,554.706321,707.821824,21.85848366549576,10.8
198,4.031080731596475,3.7756055394128696,0.8502870954582709,564.36627,120.166546,15.713674861207096,10.8
199,4.061209455071406,3.629993247747852,0.7921126922546501,-614.289843,853.19648,33.231479435907616,10.8
200,3.645124881948162,3.6205420191201148,1.3606588032717077,328.911712,1069.181456,25.090808783153456,10.8
201,4.033807760032587,3.6402945534046873,0.8531571107286461,-686.900459,666.639534,34.78778411705602,10.8
202,3.8845763816310135,3.6233413279499698,1.0871142351420435,-521.512917,950.272035,32.15403773307402,10.8
203,3.7611050132555808,3.6339794766887095,1.2264284624209534,-680.38143,716.325008,34.42863688406447,10.8
204,4.058714623269032,3.6181602387283136,0.8049136412211011,-357.795119,1059.865347,30.597733048181816,10.8
205,4.036578932625877,4.473892279190528,0.8581451581278555,-100.653626,-242.717488,51.97991826172758,10.8
206,4.056109402842019,3.779288665631262,0.8168975664649012,549.57002,101.768159,15.47816740483455,10.8
207,4.039383205045254,4.2075985894081445,0.8734988588434454,276.485808,-154.271785,9.370843539129268,10.8
208,3.6451664926184275,4.276962437010422,1.378163541561699,230.372624,-191.167449,7.749550281673514,10.8
209,4.053418070202192,3.7175314476410155,0.8291884973471374,604.172114,255.6269,17.394594911807943,10.8
210,4.042208236959781,3.79072988710005,0.8760631870290684,534.206488,84.247316,15.242659944761868,10.8
211,4.050662858351397,3.622362435137029,0.8421043381691175,628.360374,801.806595,21.85848366946454,10.8
212,4.045040272063065,3.8046218372384035,0.8653601627332862,519.310674,67.751137,15.007152481667525,10.8
213,3.886292627275033,4.331003910943323,1.0692383500608844,-188.58373,-216.557537,49.12634612821439,10.8
214,4.047864089204367,3.6355117972994386,0.854172760174347,639.264685,673.036124,21.020473450756405,10.8
215,3.7618795981175195,3.619813227530982,1.2210971527021741,-649.880306,784.465527,33.83005815890965,10.8
216,3.64524854226899,3.646474104020207,1.373502345144393,-718.465605,444.235611,36.69976653665179,10.8
217,3.88811755840979,4.383583836855051,1.0428826266764706,169.140151,-216.782679,5.8471688443335665,10.8
218,3.76274357399237,4.532357997092282,1.2146337020536828,-3.975425,-250.528677,55.30908572123357,10.8
219,3.645375304381208,3.5963709940332285,1.3507000488568772,299.786211,1077.710595,25.330240270116946,10.8
220,3.890051501238698,3.5923425898280814,1.0173938416976314,-328.911712,1069.181456,30.358301552706386,10.8
221,3.763700661728295,4.519911012076848,1.2092497538094829,30.902997,-248.647193,1.0912153084683673,10.8
222,3.6455511335045916,3.5952454564985485,1.3690231098392804,567.112203,885.257021,22.696493878354005,10.8
223,3.8920942721159397,3.614041034107261,0.9929217422943689,-724.107598,533.271996,35.9849415694468,10.8
224,3.645780432507592,4.427937041859581,1.3651003952888578,126.179882,-230.481168,4.420382778965397,10.8
225,3.76475441457951,3.5823038310967825,1.2043334969885773,469.20689,977.157898,23.77393558465827,10.8
226,3.894245165766846,3.6170683450038053,0.9702559596674931,700.891804,471.475114,19.08803101819297,10.8
227,3.6460676406145835,3.5777754298330176,1.3388605392355062,-590.918495,869.546765,32.9920479434475,10.8
228,3.540087317549339,3.8130798537479653,1.4925086476276543,-473.721618,23.549918,41.14848021034714,10.8
229,3.7659081843475843,3.572500920263659,1.198269052112444,-495.542275,964.069768,31.914606239930485,10.8
230,3.8965028876997874,3.5978325399093625,0.9512217820158749,-554.706321,707.821824,33.59062667036408,10.8
231,3.9616906580044806,4.491790493158127,0.7776355338982623,-30.902997,-248.647193,54.35789502739147,10.8
232,3.5399604767128072,3.6180397954640546,1.4528501583119626,-704.729821,364.223834,37.37714098143769,10.8
233,3.6464172266594312,3.561534530944065,1.3353003506590126,270.440053,1085.446488,25.569671758266786,10.8
234,3.8988655117615982,3.560260072641258,0.9334872297654351,-299.786211,1077.710595,30.118870065742897,10.8
235,3.76716512410252,3.6530834918871244,1.191064243419822,-628.966764,252.00058,38.22385903228947,10.8
236,3.5398437767068067,3.652131618611047,1.4864368888439976,618.834681,275.947678,17.563938518249856,10.8
237,3.9595529669742215,4.479123137915053,0.7924999246288899,57.471907,-243.879892,2.042406017103275,10.8
238,3.9013304427601163,3.6072184772471867,0.9323476505956064,690.236084,390.995229,18.41065657814744,10.8
239,3.6468336583085468,3.5679498576793507,1.3531926450306977,640.529803,752.171509,21.499336435635428,10.8
240,3.5397405918551774,3.613222257657884,1.4861932077929805,-689.849188,339.922342,37.54648459361748,10.8
241,3.7685281285598733,3.5696412999572966,1.1838083185974182,649.733953,702.912726,21.140189197155898,10.8
242,3.9571866446498296,3.789651466499486,0.8066096448152525,471.790716,48.788227,14.771645030096863,10.8
243,3.9038943668370365,3.998474369886905,0.9173578837051704,-340.485962,-111.465567,44.37884905405139,10.8
244,3.5396544551543467,3.606917259772337,1.4523475274654871,676.298827,366.140681,18.24131296616381,10.8
245,3.6473214019382993,4.125593264820946,1.348709306368932,305.863708,81.802065,16.16851452616266,10.8
246,3.9065531754226015,3.556031273749271,0.9066851139296005,-660.69877,734.518579,34.18920539522618,10.8
247,3.7699998236226326,3.5473527680522827,1.1780648988899596,542.888488,900.315685,22.935925371349256,10.8
248,3.5395890612328826,4.061792415447617,1.4783109619308887,-297.60011,-151.331974,45.73838326011822,10.8
249,3.954625769793833,3.5595137587117796,0.8205181652838315,-668.563253,685.028237,34.54835262459002,10.8
250,3.909301942971922,3.5463104369679006,0.8979482774697155,606.377939,818.557494,22.097915154597935,10.8
251,3.6478849011195753,3.537570807304154,1.3217600205978837,442.526146,989.526792,24.0133670719866,10.8
252,3.539548247522293,3.5329482423729037,1.47796934114596,240.894837,1092.383439,25.809103252561663,10.8
253,3.9519018787765785,3.5799078517183305,0.8356254949314803,-704.731956,417.267702,36.869110152414684,10.8
254,3.771582539880792,3.5554435602012218,1.1711675640424026,-657.287355,655.446638,34.66806837618049,10.8
255,3.9121348344926283,3.5980801209483695,0.8910268775772688,-674.303459,316.329962,37.71582819851006,10.8
256,3.9490440912360363,3.5623635006521037,0.8499290167530054,-714.059924,500.49813,36.191735709229164,10.8
257,3.5395359877636436,4.229793240431898,1.4689588909650577,210.785566,-195.013936,7.273954927856174,10.8
258,3.9150450644832233,3.525706284940868,0.886010379075333,-270.440053,1085.446488,29.87943857759306,10.8
259,3.648528537939441,3.833886642186419,1.337634322051709,-422.205626,-52.540824,42.67943130033632,10.8
260,3.9460792361719026,3.590552765191794,0.8633846127904876,661.669755,341.969203,18.071969357555176,10.8
261,3.918024829841303,3.80863830012164,0.8847444624601857,-438.201012,-37.466592,42.33954776187341,10.8
262,3.773278264269727,3.532871693291398,1.1631271341296063,-628.360374,801.806595,33.5906266663953,10.8
263,3.9430319799240734,3.935200952064236,0.8759506680492312,-356.889112,-101.799419,44.038965509678086,10.8
264,3.9210652237450794,3.8520944816342464,0.8865422964978724,-405.720406,-66.441472,43.019314865713355,10.8
265,3.5395563790365854,4.4319629522698225,1.44038814267856,-57.471907,-243.879892,53.40670431875657,10.8
266,3.9241561759943338,3.5633489729597843,0.8904442825610157,688.202992,444.000121,18.918687412466582,10.8
267,3.9399249468772943,3.6004771267350457,0.8902385043356354,-643.8591,272.418574,38.05451542450109,10.8
268,3.64925664966465,3.518816102282169,1.3337089331641652,-469.20689,977.157898,31.67517475120157,10.8
269,3.927286377140287,3.5988233762490935,0.9084841963692933,632.932637,296.922037,17.733282130429217,10.8
270,3.936778831991065,3.873111812388277,0.9037994420711675,-389.562106,-79.306708,43.35919839704613,10.8
271,3.9304431773918824,3.5490065899559515,0.9176471197523463,694.330645,527.527164,19.59606185127062,10.8
272,3.9336125194525104,3.5211846994601568,0.9164380158104527,-567.112203,885.257021,32.752616457505844,10.8
273,3.8651681990201845,3.5889135342815246,0.783048023023796,-659.381223,294.027991,37.885171806571066,10.8
274,3.775088615742607,3.512739757521053,1.140997907352993,211.172312,1098.516342,26.04853473574294,10.8
275,3.5396136385651102,3.586633715064956,1.4711873391332448,647.614205,319.111106,17.902625743510953,10.8
276,3.650073475646903,3.5303270871435015,1.3071930721031924,-639.264685,673.036124,34.42863688510344,10.8
277,3.7770148258504666,4.334885159786736,1.1124735567024626,-126.179882,-230.481168,51.028727556894445,10.8
278,3.5397120838399956,3.528051717675666,1.466809525026936,620.771485,690.130223,21.259904944771684,10.8
279,3.8632365891516405,3.4999240452464955,0.7984076020819928,-240.894837,1092.383439,29.640007083298183,10.8
280,3.65098315087835,3.8807333590561335,1.3221438215070365,-373.034533,-91.030177,43.69908195459741,10.8
281,3.539856123457162,4.255188540320587,1.4273158892563949,-169.140151,-216.782679,49.601941491526276,10.8
282,3.7790576704355128,4.402885574753802,1.0846695064488303,83.373794,-236.282104,2.9935967211643977,10.8
283,3.5400502478282267,3.6910643234641514,1.4609110703581443,-503.927011,52.111465,40.67746530649533,10.8
284,3.8610005219519343,3.6098896883510765,0.8155330793466522,-594.189292,160.081183,39.26442055846877,10.8
285,3.781217463994692,4.128772120872055,1.0577440083461487,-230.372624,-191.167449,47.69956005418633,10.8
286,3.651989688890168,3.964564284148831,1.3148361042729815,-324.501823,-120.253708,44.71873259714467,10.8
287,3.7834940049218266,3.4797379048085864,1.031847994290413,181.294353,1103.840685,26.28796622812802,10.8
288,3.5402990065063076,3.9926384960555863,1.4573207485287931,308.362872,-127.982541,10.390494185015044,10.8
289,3.6530969429301887,3.4810990475235704,1.2887095032835316,415.519681,1001.167347,24.252798563992187,10.8
290,3.8584998035233435,3.609543774012848,0.8319460573190999,-579.604049,139.676084,39.49992802661747,10.8
291,3.434770542082725,3.4735296893042253,1.5185281132935202,-211.172312,1098.516342,29.400575600116902,10.8
292,3.785886524840434,4.042950582092532,1.009391426459232,-276.485808,-154.271785,46.07826679673057,10.8
293,3.540607008566052,3.474518702046764,1.4513233012095559,-442.526146,989.526792,31.435743263873245,10.8
294,3.6543085905073323,3.6870756148124277,1.2827141006516058,-489.031321,37.414233,40.9129727547983,10.8
295,3.8557714995278936,3.611426005275635,0.847591060548205,-564.36627,120.166546,39.735435474652746,10.8
296,3.7883936622794607,3.476297940957129,0.9890455937209086,583.94918,834.705895,22.33734664272341,10.8
297,3.540978892942453,3.4695723247196812,1.428560444530663,518.265182,914.711673,23.17535685539068,10.8
298,3.6556281145172806,3.474089244823815,1.2969320125523915,619.889376,769.270804,21.738767922057605,10.8
299,3.7910134132278146,3.559366932880776,0.9700099686318596,-604.172114,255.6269,38.05451542405191,10.8
300,3.852850045591622,3.4645560121859518,0.862414868318115,-542.888488,900.315685,32.513184964510586,10.8
301,3.4343049976729474,4.27317137720487,1.5765907219913056,150.241686,-215.569866,5.371573523571676,10.8
302,3.768063964548765,3.4539941189850625,0.8031401376295236,-181.294353,1103.840685,29.161144107731822,10.8
303,3.541419319668556,4.02144332344959,1.4441036677619117,-305.863708,81.802065,39.28059580969718,10.8
304,3.793743063722574,3.553022202019255,0.9688334780286494,593.91915,278.619989,17.73328214057676,10.8
305,3.657058758809088,3.6068890494084704,1.2884757980390116,-549.57002,101.768159,39.97094293102529,10.8
306,3.8497673641168393,3.4691827202832783,0.8783962865833225,630.426416,720.279836,21.379620684764333,10.8
307,3.796579171875151,3.461829448209133,0.9538197743453226,-640.529803,752.171509,33.949773900224415,10.8
308,3.541932950019259,3.615770821880795,1.4399098664930414,-534.206488,84.247316,40.206450391097974,10.8
309,3.8465529717480464,3.643773552986418,0.8942834215288773,500.42941,78.920484,15.242659943117104,10.8
310,3.7995174847965587,3.626563771182439,0.9421723890634144,-519.310674,67.751137,40.44195785419232,10.8
311,3.658603519762233,3.4807766734436045,1.2605428849721527,-700.891804,471.475114,36.36107931766688,10.8
312,3.766094013226922,3.8761082607595454,0.8207480250207607,348.05379,-84.934223,11.750028374635576,10.8
313,3.8432341168882744,3.44821766266017,0.9092960416886662,-606.377939,818.557494,33.35119518126191,10.8
314,3.8025528923806604,3.4404936979994325,0.932240408324578,388.207374,1012.070994,24.49223005032281,10.8
315,3.43408882606036,3.4560266015822063,1.5526644970467947,-649.733953,702.912726,34.308921138703944,10.8
316,3.5425244348192906,3.546039277626573,1.398261513825048,598.735842,213.612425,16.886564084288956,10.8
317,3.8056793735481453,4.324003875155818,0.9241252887350883,-83.373794,-236.282104,52.45551361469544,10.8
318,3.8398358757548468,3.649139151146036,0.9233871490218452,486.338991,63.449533,15.007152486461479,10.8
319,3.660265099814826,3.4354304796688426,1.2750882014045901,-415.519681,1001.167347,31.196311771867656,10.8
320,3.8088899211591447,4.17471946932293,0.9183027791867105,191.479039,-197.329416,6.798359577950791,10.8
321,3.836381286750698,3.549117609874057,0.9378252415339254,584.803249,191.551717,16.65570468155458,10.8
322,3.5431983925719743,3.42729806570941,1.4276087842499772,90.948269,1114.926146,27.00626069947581,10.8
323,3.8121764920176244,3.4666362654476544,0.91695829364711,682.285798,498.020275,19.426718241354365,10.8
324,3.8328914481675582,3.557275855954271,0.9529696256082112,571.327334,170.39759,16.42019723328052,10.8
325,3.815529918718817,3.4248050617421706,0.9176429364252647,60.669395,1116.983046,27.24569219003577,10.8
326,3.829385630684798,3.8289940726494462,0.9610074312807619,363.66448,-74.034493,12.08991192180325,10.8
327,3.7637778170841325,3.4234837540507645,0.8376549114353251,-90.948269,1114.926146,28.442849636384032,10.8
328,3.818939850203771,3.566724303365766,0.9309566865957907,557.152038,150.102936,16.184689775280034,10.8
329,3.6620458837683487,3.423297004763459,1.2669376709492306,30.345866,1118.217791,27.485123675075748,10.8
330,3.825881395560063,3.4231047748554086,0.9542109153938096,-60.669395,1116.983046,28.203418145824074,10.8
331,3.822394667320216,3.723173155180391,0.9434903293675727,424.996809,-19.895767,13.449446135279771,10.8
332,3.543959384442271,3.470261863229724,1.4234018299935143,-690.236084,390.995229,37.038453757712404,10.8
333,3.434097598058415,3.7402790154649,1.438417319913299,409.630142,-35.023756,13.10956257779219,10.8
334,3.663947920538499,3.41482431901545,1.2193925057421877,0.0,1118.629474,-27.72455516792992,10.8
335,3.761158117004061,3.4100373342139236,0.855203680894638,-30.345866,1118.217791,27.963986660784098,10.8
336,3.434169720243627,4.090280820796489,1.571934222682084,-210.785566,-195.013936,48.17515540800367,10.8
337,3.5448119044516573,3.8762569271305103,1.400083082068682,332.793305,-94.926306,11.410144829088942,10.8
338,3.6659728574384842,3.7538563493956363,1.1867932043797376,394.509751,-49.094248,12.769679019022561,10.8
339,3.5914581776877257,3.6778870548226825,0.7928031049431098,439.784785,-3.635367,13.789329669058269,10.8
340,3.5457603562793247,3.5550828427247407,1.4122188194708336,543.358365,130.941406,15.949182321623837,10.8
341,3.668121932887256,3.4055647929831596,1.176925530018365,493.260406,928.434389,23.414788352449207,10.8
342,3.7582749079113116,3.496708279602056,0.8733054474840188,582.791521,301.202753,18.071969354508397,10.8
343,3.5468090177178944,4.2714773729589615,1.4046476143912214,108.308039,-225.942008,3.9447874406442764,10.8
344,3.670395938714218,3.4803859914696877,1.1471315700717382,-618.834681,275.947678,37.88517181760999,10.8
345,3.4346556649702578,3.555030681784974,1.5342900085203603,528.951403,112.625907,15.713674859470494,10.8
346,3.7551655124173697,3.475970726928415,0.8906298520993966,607.791238,299.488388,17.902625745785144,10.8
347,3.676035807657397,3.4090793288691494,0.8380004040943244,-620.771485,690.130223,34.18920539108816,10.8
348,3.6727951551795623,3.5653846990859983,1.0988012266198064,514.95683,95.358565,15.478167402442061,10.8
349,3.5479620378345995,3.7541224321092783,1.398315544942096,378.933321,-62.054772,12.429795489545292,10.8
350,3.3356129806602297,3.4387472321943218,1.6778184464113626,-676.298827,366.140681,37.20779736969604,10.8
351,3.751864663290282,3.380027742084928,0.9071173417196057,360.609327,1022.229708,24.73166154171308,10.8
352,3.6753193417067545,3.3834864381914858,1.0911114016522105,-518.265182,914.711673,32.27375348046916,10.8
353,3.3354505520445583,3.386471358919226,1.6752763705729226,561.090605,850.239912,22.576778138746484,10.8
354,3.549223395827475,3.4246911800750963,1.3583451295989737,674.725836,417.190805,18.74934380054895,10.8
355,3.3352884002367675,3.373396269992503,1.6718731334409875,-388.207374,1012.070994,30.95688028553703,10.8
356,3.677967681053282,3.9237888546687314,1.0678106049873846,237.300922,209.60071,20.24711710255226,10.8
357,3.67369376737326,3.402110157343292,0.8572562089793168,-694.330645,527.527164,35.85304848458923,10.8
358,3.7484046317013804,3.986933620587673,0.9233871712792255,249.600616,-165.275744,8.70074098926522,10.8
359,3.5505968892227404,3.4222564683925083,1.3853741911828283,661.752478,391.819803,18.58000018876745,10.8
360,3.6807387273217853,3.3744678976197076,1.0272915625311008,-583.94918,834.705895,33.11176369313643,10.8
361,3.3351344664730322,3.378341984877799,1.6712631766046924,598.792679,785.803878,21.978199415828904,10.8
362,3.435643783431937,3.4080174893594952,1.5087613681556684,-688.202992,444.000121,36.53042292339326,10.8
363,3.7448153087659897,3.610211400370892,0.9410137121558453,456.932485,10.50457,14.06512265854154,10.8
364,3.6836303772497754,3.5874417910408445,1.0249180911275664,-471.790716,48.788227,40.677465305762986,10.8
365,3.334997516258055,3.4214261187840203,1.6678643568892528,-661.669755,341.969203,37.377140978304666,10.8
366,3.55208610360172,3.3793091077120785,1.3769043424864404,601.821368,706.716352,21.499336427998806,10.8
367,3.436107067264066,3.369601243276946,1.5425601290485695,-619.889376,769.270804,33.71034241380224,10.8
368,3.7411243160110588,3.3864076719005247,0.9577412958920934,673.578824,553.779307,19.93474906959132,10.8
369,3.6710055680324074,4.147927714269833,0.875818372727885,-150.241686,-215.569866,50.077536812288166,10.8
370,3.6866398008866605,3.417301363600247,1.0056012996744574,648.061608,367.104825,18.410656578139033,10.8
371,3.3348870918307063,3.368210113922397,1.663330379988099,610.654855,737.116786,21.61905217514675,10.8
372,3.6897634083645223,3.427893256438136,0.9907539086832788,-632.932637,296.922037,37.715828205430626,10.8
373,3.5536943717535783,3.3918631069674348,1.3412216796605356,670.66051,470.078659,19.257374631570002,10.8
374,3.7373571333992626,3.427151613112959,0.973516837206424,621.074054,320.988223,18.0719693511139,10.8
375,3.508263131148,3.4184954608444156,0.8178315365955744,-647.614205,319.111106,37.54648459234889,10.8
376,3.692996788287207,3.3470798868598024,0.9777548485775629,332.745854,1031.636011,24.971093032445275,10.8
377,3.7335371994116593,4.294981365971842,0.9882901517387285,16.614201,-237.780489,0.615619961168349,10.8
378,3.3348134846835067,3.3601520831935225,1.6617654637750954,-630.426416,720.279836,34.06948965109551,10.8
379,3.696334642880435,3.4117496117275365,0.966472217939263,634.893444,343.724266,18.241312965506424,10.8
380,3.5554247596557724,3.342204295623279,1.3615569854093423,-360.609327,1022.229708,30.71744879414676,10.8
381,3.729686001624784,3.3452874814141067,1.0018126481021885,467.892568,941.473733,23.65421984052464,10.8
382,3.668014038269903,4.289939104994882,0.8936754556528576,-16.614201,-237.780489,54.833490374691486,10.8
383,3.699770742302128,3.5650151908143206,0.9570054133359215,468.516163,73.887589,15.242659951336819,10.8
384,3.587266244368152,3.34369428962396,0.8530627886887425,-493.260406,928.434389,32.034321983410635,10.8
385,3.725823210054713,4.201126806216763,0.9995146763180942,-108.308039,-225.942008,51.504322895215566,10.8
386,3.7032978584342993,4.284992421589084,0.9513432649391314,42.097043,-234.613366,1.5668106760070764,10.8
387,3.721966758377434,3.824993675443676,0.9926662169213806,-308.362872,-127.982541,45.0586161508448,10.8
388,3.7069076819734565,3.3473924170929434,0.948729109052951,577.255243,801.758562,22.217630898131766,10.8
389,3.3347876742101503,3.343364826411235,1.6573758775203613,537.819041,865.148111,22.81620962750656,10.8
390,3.7181329412978643,3.332032664970557,0.9813329633230337,151.282953,1108.352547,26.527397716067085,10.8
391,3.710590786150547,4.055700331708998,0.9481301776051272,-191.479039,-197.329416,48.65075075790905,10.8
392,3.7143365179091017,4.121473140282996,0.967608100514654,172.559773,-198.156645,6.322764229607088,10.8
393,3.5572800398956974,3.3339342677774386,1.3534028164720544,304.637464,1040.28298,25.210524522819533,10.8
394,3.4271690566460227,3.3333948253778094,0.8125706116117697,-332.745854,1031.636011,30.47801730341457,10.8
395,3.4379665775341337,3.3402697281795,1.5157932086677555,-561.090605,850.239912,32.87233219711336,10.8
396,3.6647593433115104,3.988870957226909,0.9135289230901257,230.541009,-171.206989,8.225145642384248,10.8
397,3.334821293983799,3.869984228920346,1.651569938412396,-237.300922,209.60071,35.20199323330758,10.8
398,3.5592626401773373,3.4192825541969736,1.32225534618365,-593.91915,278.619989,37.71582819528308,10.8
399,3.5613746335182968,4.2594293856376595,1.2623511910551426,-42.097043,-234.613366,53.88229965985276,10.8
400,3.3349265546396922,3.3143066133926635,1.6488885241123303,121.160201,1112.048608,26.766829207397812,10.8
401,3.506482386040498,3.3368105457399735,0.8492479948721351,562.606498,738.316253,21.978199407810024,10.8
402,3.6612790497098415,3.351384198610479,0.9326027109211313,-682.285798,498.020275,36.02239209450548,10.8
403,3.563617690053706,3.307147038396162,1.2522433643864055,-151.282953,1108.352547,28.921712619792757,10.8
404,3.3351162066179856,4.162066940467392,1.643340902334641,131.985252,-212.979612,4.895978139462429,10.8
405,3.440631584661464,3.3318280127276627,1.470542337240296,662.088316,608.5638,20.42189472745745,10.8
406,3.6576082058710555,3.316245740093034,0.9508306139227268,-598.792679,785.803878,33.47091092003094,10.8
407,3.5659930413884156,3.3066215712165166,1.2200903602818716,442.180337,953.820105,23.893651332675695,10.8
408,3.335403448190638,3.7138573498737366,1.6360919467287443,-348.05379,-84.934223,43.699081961224266,10.8
409,3.426209087152812,3.3165830609082807,0.843478917058298,582.428281,722.782304,21.738767916410666,10.8
410,3.568501442885901,3.29292282738432,1.1594091408190605,-121.160201,1112.048608,28.682281128462034,10.8
411,3.6537794232770997,3.3970619414479826,0.9681488878215138,-598.735842,213.612425,38.56254625157089,10.8
412,3.571143148260789,4.222947365179012,1.1581745324904489,67.091303,-228.723304,2.5180013606659593,10.8
413,3.236517284092803,3.32385903293764,1.7580868967022845,662.674988,523.832,19.76540546203544,10.8
414,3.335801875828972,3.4751504603578818,1.632102268605965,-500.42941,78.920484,40.20645039274274,10.8
415,3.5036442837767177,3.286315963258241,0.8797082592276173,276.304846,1048.16425,25.449956012935907,10.8
416,3.3513452665178356,3.289628666984773,0.8346802053175766,-467.892568,941.473733,31.794890495335203,10.8
417,3.649822973532477,3.3014606766684986,0.9867765134391149,590.433823,753.411183,21.858483665239817,10.8
418,3.2363782802266727,3.2850279108755522,1.7452971528903385,-304.637464,1040.28298,30.238585813040313,10.8
419,3.573917844761123,3.3951378437147777,1.1312734552609545,-584.803249,191.551717,38.79340565430526,10.8
420,3.444227313793303,3.3012137875018266,1.3595127634780486,-601.821368,706.716352,33.94977390786104,10.8
421,3.236231543012763,3.287532275312267,1.7339732002400086,514.151616,879.419519,23.055641116913947,10.8
422,3.2770001085332976,3.2950828366407534,0.821622151372377,-610.654855,737.116786,33.830058160713094,10.8
423,3.6457668853243077,3.400449733188151,1.0053068976216308,-571.327334,170.39759,39.028913102579324,10.8
424,3.5768246308018994,3.4808367692085014,1.1064735642558858,-486.338991,63.449533,40.441957849398364,10.8
425,3.3363253915533067,3.810630279032722,1.6252019021269755,287.537399,-132.538408,10.050610638784121,10.8
426,3.236083949519057,3.367141415492848,1.722550600833087,-582.791521,301.202753,37.377140981351445,10.8
427,3.445652995660996,3.752240611118206,1.4812416589756359,317.296952,-103.874135,11.07026127292977,10.8
428,3.5798619676576555,3.6553733718162884,1.0828720775406884,-363.66448,-74.034493,43.359198414056586,10.8
429,3.6416370515801972,3.2956896706827488,1.0228602581718849,-181.728603,880.730124,29.520291343138137,10.8
430,3.575728956172175,3.2783292290248838,0.9351537238208973,-537.819041,865.148111,32.63290070835328,10.8
431,3.2359432754061537,3.4026981591637258,1.7169059383331284,-557.152038,150.102936,39.264420560579815,10.8
432,3.5830276163069414,3.3135586986688477,1.0606123434238224,-674.725836,417.190805,36.69976653531089,10.8
433,3.6374573252081226,3.2897067962568687,1.0391070466746564,181.728603,880.730124,25.928818992721702,10.8
434,3.3369881259199907,3.3477055174602954,1.6163160830945396,-607.791238,299.488388,37.5464845900747,10.8
435,3.2358181686450562,3.2629012015142957,1.7131673241453307,247.768854,1055.27402,25.689387504377017,10.8
436,3.586318602673012,3.7059738099519826,1.041216403442976,-332.793305,-94.926306,44.03896550677089,10.8
437,3.4240272725040994,3.858611151085034,0.8765984460678863,-249.600616,-165.275744,46.748369346594615,10.8
438,3.633249621986793,3.542926534726566,1.0398161473042062,-424.996809,-19.895767,41.99966420058007,10.8
439,3.589731168196603,3.2880641305406186,1.0252347812763074,-673.578824,553.779307,35.51436126626852,10.8
440,3.4998931232488815,3.257935934059105,0.9100095181545946,-276.304846,1048.16425,29.999154322923935,10.8
441,3.629034022405809,3.3389157804675773,1.0376896121320944,595.852699,322.58804,18.24131296732697,10.8
442,3.235718106330871,3.5606582111342817,1.7095179722492038,-409.630142,-35.023756,42.33954775806765,10.8
443,3.593260704076342,3.400384396137492,1.010859806951054,-543.358365,130.941406,39.499928014236005,10.8
444,3.337804343351218,3.3060503810696122,1.6108032481689183,-661.752478,391.819803,36.86911014709239,10.8
445,3.62482886230723,3.264078247951502,1.0309251735024614,555.292918,817.123113,22.45706238977302,10.8
446,3.5969017088643267,3.5808892683232396,0.9982033998858559,-394.509751,-49.094248,42.67943131683728,10.8
447,3.620650836882157,3.2542095857899422,1.019578250715724,416.142641,965.46442,24.133082819040382,10.8
448,3.600647710328299,3.5118609464140205,0.9877811778081304,-439.784785,-3.635367,41.659780666801566,10.8
449,3.6044912150278288,4.171249452898282,0.9819328586068948,-67.091303,-228.723304,52.93110897519388,10.8
450,3.616515080075658,3.406886138935598,1.0042234529412284,-528.951403,112.625907,39.73543547638935,10.8
451,3.3500253117269363,3.2947479711654726,0.8678682772577995,658.221917,442.771983,19.088031025708318,10.8
452,3.4506659006731755,3.6021526206762324,1.422477240160414,-378.933321,-62.054772,43.01931484631454,10.8
453,3.6084236445246223,3.434614285530254,0.9780167773681567,495.506596,105.504739,15.71367485683622,10.8
454,3.612435257183324,3.419685925823619,0.9826859547541443,-514.95683,95.358565,39.97094293341778,10.8
455,3.2356533589777183,3.950209240671701,1.711529909299352,211.595606,-175.585934,7.749550267259508,10.8
456,3.338788347420189,3.2820319742988016,1.6023362085527082,-670.66051,470.078659,36.19173570428985,10.8
457,3.235634937335398,3.4414125667775073,1.715846141572635,482.261578,89.304131,15.478167408384124,10.8
458,3.2766694999865855,3.2430051793496344,0.8567587291192498,-442.180337,953.820105,31.55545900318415,10.8
459,3.2081072809780107,3.267062927269785,0.8411585753148616,651.835022,579.215899,20.273436295613656,10.8
460,3.2356745620886107,3.290910913596963,1.7203757999304634,-648.061608,367.104825,37.03845375772081,10.8
461,3.4953643951876905,3.283925920016264,0.9420847061354926,646.231566,416.921892,18.918687412560196,10.8
462,3.5641574284403412,3.231441253071061,0.9965883692862809,219.050492,1061.607058,25.92881899818854,10.8
463,3.3399543715963977,3.230589136371474,1.5916061102297936,-247.768854,1055.27402,29.759722831482826,10.8
464,3.4207724946582925,3.2413363340501067,0.9096947383433266,-577.255243,801.758562,33.23147943772807,10.8
465,3.4568511928512455,4.058900159276254,1.336935393522397,-131.985252,-212.979612,50.553132196397414,10.8
466,3.2357845833882313,3.983247551145663,1.7387178815511988,-172.559773,-198.156645,49.126346106252754,10.8
467,3.341316484006939,3.277686130754912,1.5843419119977546,633.499059,391.699811,18.74934380125191,10.8
468,3.459185769073108,3.3281681785091406,1.4164044613712758,573.751698,222.476717,17.12671960539428,10.8
469,3.235977940372953,3.2532561743973725,1.7516955719096885,652.130345,495.464911,19.59606184846934,10.8
470,3.3474715260513066,3.286665359649794,0.9014876991203455,-621.074054,320.988223,37.37714098474594,10.8
471,3.4901841564941583,3.443617378901763,0.9727685349596054,-456.932485,10.50457,41.3839876773183,10.8
472,3.3428884462165076,3.226526430617694,1.574085817566112,-562.606498,738.316253,33.47091092804982,10.8
473,3.2362680890034037,4.1130826738514,1.7467661111998483,91.306897,-220.178662,3.46919207114318,10.8
474,3.5511636870995975,3.3206155579651884,1.0552719238693877,561.423492,200.633807,16.89121214870564,10.8
475,3.2749579325921494,3.2666668458136336,0.8922735429899626,-634.893444,343.724266,37.20779737035342,10.8
476,3.4165875018777254,3.273789770376402,0.9417081419522264,608.300813,344.581689,18.410656577409824,10.8
477,3.467031100451511,3.3294950032700377,1.3677828312587028,548.351049,179.611836,16.65570468893489,10.8
478,3.2074135296967365,3.200644141589758,0.8764456927228063,389.798643,976.398106,24.372514310589978,10.8
479,3.1403620424409215,3.2034988979988896,0.8606313585317352,490.105751,893.043632,23.29507260410147,10.8
480,3.344683604686495,3.2611775781943955,1.5613028521853682,621.237674,367.831223,18.580000192950244,10.8
481,3.1431147818853673,3.1951290783354582,1.8698068590927701,190.170899,1067.1587,26.168250482953347,10.8
482,3.236668936205287,3.208827825303065,1.741301777616026,569.778202,769.151032,22.09791515820848,10.8
483,3.5466542999095565,3.2920843094865253,1.0747785767520694,559.031187,302.653282,18.241312967894594,10.8
484,3.1429913272986587,3.191557010482616,1.8525124643384647,-219.050492,1061.607058,29.520291337671303,10.8
485,3.142859162399657,3.3291005604416215,1.84079033117828,535.599237,159.741734,16.4201972286225,10.8
486,3.48446877444975,3.193400433195927,1.0028262907804766,-514.151616,879.419519,32.393469218945896,10.8
487,3.3467147487990663,3.203488647160128,1.552058644051448,-582.428281,722.782304,33.71034241944918,10.8
488,3.23719474608896,3.338088335203407,1.7353856619583217,522.189876,140.683742,16.184689776176235,10.8
489,3.4761480498448085,3.185993428677162,1.14556269868435,-416.142641,965.46442,31.316027516819464,10.8
490,3.1427249094432645,3.584403186129222,1.8288087077688129,353.557557,-57.899194,12.42979547176725,10.8
491,3.3438290171044405,3.1946323719848575,0.9371927669670285,-590.433823,753.411183,33.590626670620026,10.8
492,3.479466292841381,3.345540536250817,1.3349712775777063,509.1364,122.694414,15.949182325359189,10.8
493,3.1425961411319348,3.2754569499014563,1.8187410646325104,570.231967,280.981103,17.902625743000293,10.8
494,3.5329319929853256,3.198669006035157,1.1300497743948108,-662.088316,608.5638,35.02721560840239,10.8
495,3.348993975978515,3.3867174829749356,1.5397966894639536,-468.516163,73.887589,40.20645038452302,10.8
496,3.2378600825900765,3.802715771924982,1.7263594329737662,-230.541009,-171.206989,47.223964693475594,10.8
497,3.4116074001103134,3.1730180197874085,0.975670231930027,161.151331,1071.924863,26.407681969932483,10.8
498,3.1424813436472805,3.171272462230171,1.8146231399963004,-190.170899,1067.1587,29.280859852906495,10.8
499,3.490225217026692,3.9856681238827716,1.294146640131004,154.130636,-197.54536,5.847168865892556,10.8
500,3.4783249685164987,3.1776926775202448,1.034683878149187,532.921871,831.886222,22.696493878834573,10.8
501,3.519331364194258,3.5946816970737268,1.182214380507912,339.111225,-69.035963,12.089911923712748,10.8
502,3.1423898791285274,3.1983043004465532,1.8104523180248895,-662.674988,523.832,35.683704873824404,10.8
503,3.272005155221755,3.1753534005089543,0.9272314494026795,-555.292918,817.123113,32.99204794608682,10.8
504,3.514901148724206,3.1630774376241195,1.0252761553986882,132.013147,1075.902036,26.64711346177794,10.8
505,3.351532522859505,3.16567904679346,1.5247664462773947,363.167735,986.613116,24.61194579770462,10.8
506,3.2386796966490725,3.1623702215292058,1.7190480971886433,-161.151331,1071.924863,29.04142836592736,10.8
507,3.5020978799843157,3.2510918626395586,1.2480999831350037,570.805613,323.341936,18.410656583712893,10.8
508,3.077592215699657,4.054701806722132,0.87787244638425,-91.306897,-220.178662,51.97991826471666,10.8
509,3.2053405047225807,3.528034185934874,0.9141932383091207,368.283211,-45.83052,12.769679034674013,10.8
510,3.142331950763881,3.161064338816092,1.8080888990920623,-389.798643,976.398106,31.076596025269865,10.8
511,3.139268933727235,3.8995623573256157,0.8967058773756633,192.875119,-178.443604,7.2739549330536235,10.8
512,3.354340634701394,3.151833996848725,1.5133295289941586,102.777795,1079.087294,26.88654495407581,10.8
513,3.2396684456070854,3.1848258748551204,1.7114481488811946,642.088255,548.872277,20.104092687890784,10.8
514,3.142318561147845,3.3621563631789204,1.8120584032617422,463.907285,98.77652,15.713674862925544,10.8
515,3.471850010273562,3.149835266736,1.0647398123996101,-132.013147,1075.902036,28.8019968740819,10.8
516,3.3392384050383797,3.155504041947015,0.9719493415842899,465.699144,906.010421,23.534504091790858,10.8
517,3.405958735877337,3.16218958645957,1.0093679829596849,548.703197,784.324748,22.33734664550243,10.8
518,3.142361459826045,3.459176235717222,1.8161164582787221,397.117837,-18.590643,13.449446135500878,10.8
519,3.35742735950858,3.435715747803653,1.4988678747073307,411.110652,-3.39834,13.789329662780283,10.8
520,3.2408411916968167,3.147266588905927,1.7006934789313057,-490.105751,893.043632,32.15403773175837,10.8
521,3.4651320857965096,3.1346670731018995,1.0937109695745224,73.466794,1081.478291,27.125976442299496,10.8
522,3.1424730960574903,3.4054324533244045,1.8306080487279397,425.267636,12.867277,14.12921321908464,10.8
523,3.3608004038676977,3.1320220984781115,1.481428941977135,-102.777795,1079.087294,28.562565381784033,10.8
524,3.267951415961053,3.470813109523746,0.9647419041460191,382.584922,-32.711365,13.109562570381925,10.8
525,3.2422126734776846,3.7010426754814225,1.6912987449788588,265.931726,-137.465837,9.65193170520655,10.8
526,3.142666552540289,3.1437730031116224,1.8472770233479245,542.370609,753.306766,22.21763090504092,10.8
527,3.3997590133444793,3.124349496130425,1.041513852901498,44.101718,1083.073267,27.365407929228724,10.8
528,3.3644659105258907,3.1229255858683964,1.4676222816538436,-73.466794,1081.478291,28.323133893560346,10.8
529,3.4582507005399985,3.372205340691212,1.1245702174070427,438.760504,30.217417,14.469096768580556,10.8
530,3.202020015298264,3.131249441818398,0.9515668617785843,510.158567,846.037023,22.935925375608292,10.8
531,3.015908746670298,3.1204494000237153,0.8950197393206463,14.70418,1083.871049,27.60483942441377,10.8
532,3.3338339569494564,3.1195692148336405,1.0066298503258382,-44.101718,1083.073267,28.083702406631115,10.8
533,3.243797416017492,3.6271370000914582,1.6817684692373551,-287.537399,-132.538408,45.39849969707572,10.8
534,3.0761293913117136,3.1170948952330106,0.9158481123526266,-14.70418,1083.871049,27.844270911446074,10.8
535,3.1429554843184873,3.119179730929065,1.8574545838983225,336.269517,996.10193,24.851377289627195,10.8
536,3.1368044797932564,3.999554318324172,0.9359666340060078,114.462777,-209.078611,4.420382788938483,10.8
537,3.368428287300932,3.7873042856532564,1.4508110994898324,-211.595606,-175.585934,47.699560068600334,10.8
538,3.4512771660693478,3.1381103374414185,1.1532672288716301,-651.835022,579.215899,35.17567404024619,10.8
539,3.2456095835467713,3.1105558256690045,1.669046727764879,-363.167735,986.613116,30.83716453815522,10.8
540,3.3726899637337047,3.561409696925667,1.4310610059145452,-317.296952,-103.874135,44.378849062930065,10.8
541,3.143354054955972,3.1504723233119076,1.8525783354769692,-658.221917,442.771983,36.36107931015153,10.8
542,3.0499376475377016,3.1180867465687743,2.009981163799669,-569.778202,769.151032,33.35119517765136,10.8
543,3.39311654175209,3.18191694606357,1.0753285037144351,-595.852699,322.58804,37.20779736853287,10.8
544,3.049844246876017,4.07109497239254,1.98359615398112,-3.588291,-226.131748,55.30908572238164,10.8
545,3.4442750709142036,3.1795980232384005,1.1804500337917756,583.036648,345.212617,18.580000191739245,10.8
546,3.3772511957806244,4.069356095045149,1.4145635956119722,27.893608,-224.433487,1.0912153016754864,10.8
547,2.8527412343419982,3.1270575346299245,0.862375690814706,629.131261,603.799478,20.612123518892275,10.8
548,3.0497359213484265,3.1478993495118224,1.956417118723745,-646.231566,416.921892,36.530422923299646,10.8
549,3.262934276034899,3.1081207361991754,1.0023476109012917,-532.921871,831.886222,32.75261645702527,10.8
550,3.1438768492393314,3.1347338494283647,1.8478311543788066,-652.130345,495.464911,35.85304848739051,10.8
551,3.247662862260392,3.1403644727338236,1.65733306415576,640.748634,467.701089,19.42671823902701,10.8
552,3.0496180113980165,3.1009542939991297,1.9354149285470725,440.949759,918.310343,23.77393558838107,10.8
553,3.382109792402576,3.892817686601644,1.3953218228440285,-154.130636,-197.54536,49.60194146996729,10.8
554,3.4373007922561456,3.1499034043461984,1.2096813402711963,-633.499059,391.699811,36.69976653460793,10.8
555,3.327742354219285,3.2697038014563566,1.0433677142227094,-495.506596,105.504739,39.73543547902362,10.8
556,3.049496855643615,4.056300741423639,1.915628596672441,-27.893608,-224.433487,54.35789503418435,10.8
557,3.3872608960291117,3.091928360435438,1.4012781426253729,309.123789,1004.857566,25.090808779716326,10.8
558,3.430403974971851,3.137447638481101,1.236454575613851,629.758947,441.409979,19.257374636280815,10.8
559,3.144538801782643,3.093320501087623,1.8397641788470502,-465.699144,906.010421,31.914606244068985,10.8
560,3.2499703119271697,3.123766980354476,1.6456295838815604,632.639786,520.121492,19.934749077583604,10.8
561,2.958789385618589,3.6976262467375536,0.9099821654822574,247.620776,-145.413002,9.176336333914463,10.8
562,3.197586684832347,3.0884539462864904,0.989546059301821,-336.269517,996.10193,30.597733046232648,10.8
563,3.049379792640785,3.2762852456959997,1.8953475303158434,-482.261578,89.304131,39.97094292747572,10.8
564,3.3926966846213915,3.189709012423507,1.3818907487724796,-573.751698,222.476717,38.322390730465564,10.8
565,3.3861305039282588,3.154756375875931,1.1086815413551863,-608.300813,344.581689,37.038453758450025,10.8
566,3.423628004772392,3.139801986263475,1.2613249404043592,618.003555,415.71794,19.088031023463294,10.8
567,3.398406102603016,4.045777872908648,1.359948197831949,51.875191,-220.130434,2.042406040127414,10.8
568,3.417010463644715,3.143962821117188,1.2884754934500013,-621.237674,367.831223,36.869110142909605,10.8
569,3.404374549084633,3.0945143932633186,1.3351575740412545,527.22432,798.921164,22.576778137072203,10.8
570,3.4105835630637222,3.175150467959289,1.3129408130224096,-559.031187,302.653282,37.20779736796525,10.8
571,3.0492751192986263,3.1942163780387225,1.8810456665910842,-561.423492,200.633807,38.5578981871542,10.8
572,3.0140425542221143,3.097275165904104,0.9348604912519712,500.716388,781.613754,22.69649387762405,10.8
573,2.8025880510035885,3.1484543361537685,0.8636017534532163,594.631727,367.667689,18.7493437999927,10.8
574,3.133091381178194,3.0877715133889905,0.9757847684758557,487.019762,859.565098,23.1753568611066,10.8
575,3.073305421294287,3.0997670598453677,0.9551546189277268,610.418165,660.379058,21.14018919174984,10.8
576,3.1453551092487397,3.1392353413198766,1.8294242527359115,606.667007,391.396474,18.918687411725443,10.8
577,3.252544215918518,3.200886645202927,1.630712808097121,-548.351049,179.611836,38.79340564692495,10.8
578,3.049192054785057,3.087721422544727,1.868453492279504,-548.703197,784.324748,33.111763690357414,10.8
579,3.321081970617061,3.086116977726926,1.0786526949876254,521.73551,767.742808,22.457062390100127,10.8
580,3.3788911994110675,3.1622146951520063,1.1400412003784959,-570.231967,280.981103,37.54648459285955,10.8
581,3.2570863767926075,3.077571766875012,1.0388745400824986,-510.158567,846.037023,32.51318496025155,10.8
582,3.0491407130828145,3.937090972774008,1.855609042311572,-114.462777,-209.078611,51.02872754692135,10.8
583,3.1463411245384627,3.069144600664665,1.8228745294277027,281.750531,1012.873577,25.330240266104376,10.8
584,3.2553959348146844,3.201647820060127,1.6164634689007285,-535.599237,159.741734,39.028913107237344,10.8
585,3.049132057641363,3.0781968540837887,1.8485723452037546,-542.370609,753.306766,33.23147943081892,10.8
586,3.258535731740348,3.2038533220011765,1.6023666100113216,-522.189876,140.683742,39.26442055968361,10.8
587,3.14751227202852,3.0586301729364678,1.8129522779537524,-309.123789,1004.857566,30.358301556143516,10.8
588,3.0491778504650386,3.840821516579356,1.8436893141506345,174.487167,-179.818382,6.798359550245031,10.8
589,3.371480364288596,3.772416816796589,1.1727950061131733,-192.875119,-178.443604,48.17515540280622,10.8
590,2.7563222772915354,3.437129731413144,0.8701737271721475,-353.557557,-57.899194,43.01931486409259,10.8
591,3.1921743894621457,3.4982118600911867,1.0299477559794636,324.349369,-79.149724,11.750028390933508,10.8
592,3.2619725949356067,3.053098946950025,1.5850575968347933,415.875814,929.934343,24.013367077924833,10.8
593,3.313962520015125,3.9975160058781354,1.1133206005177028,-51.875191,-220.130434,53.406704295732425,10.8
594,3.1488839277952083,3.219253220900839,1.800439411617892,489.172591,131.788519,16.184689770027887,10.8
595,3.0492906022778743,3.204920338573698,1.8387336989576755,-509.1364,122.694414,39.49992801050065,10.8
596,2.9565515655616545,3.0761886002924963,0.9515211700389249,-642.088255,548.872277,35.34501764796906,10.8
597,3.1282575724418775,3.2296275063807602,1.0151380802603451,476.810694,114.904392,15.94918231841234,10.8
598,3.3639715810073127,3.0461152214928537,1.2049609762209645,-440.949759,918.310343,31.67517474747877,10.8
599,3.2505338945887576,3.124262443647924,1.0776605819814145,-570.805613,323.341936,37.03845375214695,10.8
600,3.01083166146915,3.1237704448617976,0.9748944545602269,557.979079,345.004932,18.749343801000947,10.8
601,3.06923316439198,3.6945024751321283,0.9972943589050308,229.25638,-151.804588,8.70074099943129,10.8
602,3.265714055029261,3.0519115566037196,1.568096756779496,505.35738,812.929534,22.81620962469684,10.8
603,3.0494835226044277,3.0684114170314443,1.8550992249832048,620.555918,573.104228,20.442779903820103,10.8
604,3.1504713012687264,3.037501500226218,1.7918148679682253,254.16989,1020.144064,25.569671760367505,10.8
605,3.2697659888074924,3.88940415136928,1.5514319811821358,136.290193,-195.551978,5.371573490708677,10.8
606,3.3564307182941184,3.4397480299074084,1.234747410812512,-339.111225,-69.035963,43.359198412147094,10.8
607,3.04977044524196,3.9745379853931064,1.878689315172436,75.254706,-213.272532,2.9935967399701866,10.8
608,3.3064849780968757,3.027601222605169,1.1500566245505266,-281.750531,1012.873577,30.11887006975547,10.8
609,3.152289325372953,3.126780970981709,1.7797724575953906,561.066114,252.768107,17.597734517272116,10.8
610,2.7110087689221714,3.3776446660311015,0.8772742603665826,-368.283211,-45.83052,42.67943130118583,10.8
611,2.801690274930501,3.1352417023025145,0.9163573113453614,549.920727,230.298623,17.362227065395288,10.8
612,3.2741324126231457,3.1159358067001617,1.5315885704178553,346.074535,533.242246,22.644246852272737,10.8
613,3.185913602902409,3.143128394247215,1.0694376277506288,537.988368,208.609205,17.126719597698482,10.8
614,3.348916386081198,3.029308788170964,1.2656767072330442,463.522487,872.460493,23.414788352368788,10.8
615,3.050165765063321,3.2216076707235994,1.8957481852324696,-463.907285,98.77652,39.7354354729343,10.8
616,3.2788152629432883,3.5668815098725717,1.5118073487810009,-265.931726,-137.465837,45.797178630653285,10.8
617,2.96214726758895,3.1488095791966138,2.1330162387523237,526.314734,188.087122,16.891212150582227,10.8
618,3.154352520839892,3.0404227801463364,1.7648386273769723,-629.131261,603.799478,34.83698681696757,10.8
619,3.2433955535587686,3.1586774124782777,1.116258993720623,513.941163,168.340912,16.655704683347054,10.8
620,2.9620685846055648,3.0226745477601287,2.106000267054711,-487.019762,859.565098,32.27375347475324,10.8
621,3.341480380273026,3.0256707866197563,1.2959798640329967,-527.22432,798.921164,32.87233219878764,10.8
622,3.2838141615559513,3.028225390788963,1.4924732007552772,-500.716388,781.613754,32.75261645823579,10.8
623,2.9619744746065373,3.0129359610981217,2.0779718039962707,226.402168,1026.663675,25.809103250806118,10.8
624,3.050684363729631,3.0158605706351302,1.911740528110485,390.495765,940.873867,24.25279856413038,10.8
625,2.90003047535614,3.312157550994667,0.9680638533071909,-397.117837,-18.590643,41.999664200358964,10.8
626,2.961869898337133,3.164808452549665,2.0517464501814073,501.86596,149.680831,16.42019723438559,10.8
627,3.1224322579844146,3.0094725484574916,1.057431272720798,-254.16989,1020.144064,29.87943857549234,10.8
628,3.334168155908946,3.028215239243193,1.3235893085049315,389.263277,810.669438,23.77393558737527,10.8
629,3.2987416804380256,3.2871915176659483,1.184851029979966,-411.110652,-3.39834,41.65978067307955,10.8
630,3.289126174137246,3.3325352142623603,1.4700368643009376,-382.584922,-32.711365,42.33954776547792,10.8
631,2.9529877249492777,3.2635435342763714,0.9934807766243426,-425.267636,12.867277,41.3198971167752,10.8
632,3.156674852158498,3.0098427310668177,1.7538684672397362,-415.875814,929.934343,31.43574325793501,10.8
633,2.961760890086016,3.0293508839001486,2.031280536859568,605.500978,627.49384,20.950810733886634,10.8
634,3.2947455591327066,3.0197456090197337,1.4784306498274649,-521.73551,767.742808,32.99204794575972,10.8
635,3.327019243969573,3.0442180590322607,1.3521222248096565,-640.748634,467.701089,36.02239209683283,10.8
636,3.0640331595264287,3.241955177638734,1.0391821153929939,-438.760504,30.217417,40.980013567279286,10.8
637,3.051341530006213,3.075819590696201,1.9239055508817382,-583.036648,345.212617,36.8691101441206,10.8
638,3.3006634848940695,3.09198477078723,1.4562017889448742,-346.074535,533.242246,32.804863483587106,10.8
639,3.0063781359666284,3.937283077920979,1.0185509682337979,-75.254706,-213.272532,52.455513595889656,10.8
640,3.320067687060383,3.0358668514325435,1.3800822175896623,-632.639786,520.121492,35.514361258276246,10.8
641,2.7550992510083847,3.001284145001894,0.9185262555456616,198.467803,1032.427612,26.048534742063822,10.8
642,2.9616544984938713,3.02029429368197,2.010123728724719,-610.418165,660.379058,34.30892114411,10.8
643,3.30686774106231,3.0738344871950316,1.4308737912361211,569.361957,367.328797,18.918687402008267,10.8
644,3.3133424416140076,3.000845382936597,1.405110382376252,-226.402168,1026.663675,29.64000708505373,10.8
645,2.6690806413720534,3.044468801954285,0.8833587080143239,-629.758947,441.409979,36.19173569957903,10.8
646,3.1592695831891433,3.194688422354657,1.7394499724912094,457.97721,123.384138,16.18468977855244,10.8
647,2.9615587869440305,3.035405307169593,1.9906912425602616,622.331719,491.941412,19.765405465546422,10.8
648,3.1789295651790757,3.6954740634564005,1.1089675275642343,210.951942,-156.659533,8.225145643113343,10.8
649,3.052152877419419,3.003918642329198,1.9292118590672305,483.118472,826.339549,23.055641118876125,10.8
650,3.2908165685458464,3.0732309302097085,1.218486323877988,544.330808,366.159838,19.088031012661432,10.8
651,3.235782066624001,2.994811091120771,1.153234812022351,364.828291,951.120862,24.49223005896971,10.8
652,2.9614827945938207,3.5801510523898123,1.977391073906665,-247.620776,-145.413002,46.27277400194538,10.8
653,3.1621491271506854,3.02045373441091,1.7218666734371333,612.217538,544.012088,20.27343629182632,10.8
654,2.961436495028526,3.0357211442948806,1.9636633203671536,-618.003555,415.71794,36.36107931239655,10.8
655,3.053134241404993,3.749846555130088,1.9329722492548171,-174.487167,-179.818382,48.65075078561481,10.8
656,2.9614307608419037,2.988592612565456,1.9515587450565806,-505.35738,812.929534,32.632900711163,10.8
657,3.2827855119559346,2.9845861603244113,1.2542651119163577,439.684037,884.713714,23.65421983995858,10.8
658,3.1653248866290356,2.9776110711528707,1.7083020477623354,170.387357,1037.431633,26.287966226779183,10.8
659,3.115742922691109,3.4587109980418034,1.0999747070086185,314.190158,-39.098981,12.769679038467856,10.8
660,2.7093954844926627,2.9752109684163086,0.9273249937204914,-198.467803,1032.427612,29.40057559379602,10.8
661,3.054301580216336,2.9766227235434477,1.9329183233953184,-390.495765,940.873867,31.196311771729462,10.8
662,2.896090044920353,3.8103263798245552,1.0116198895423232,-136.290193,-195.551978,50.07753684515116,10.8
663,2.9614773238178507,3.342491958094166,1.9459542632020481,356.964625,-30.520806,13.109562567660419,10.8
664,2.7983294876613134,3.0143335240680567,0.9733093886378623,612.358881,465.248,19.59606185233413,10.8
665,2.6278931304901674,3.8943591726061397,0.8913275320428808,97.760809,-203.939373,3.944787428908846,10.8
666,3.2277958771241413,2.9760069018948214,1.192143201386757,-463.522487,872.460493,32.03432198349106,10.8
667,3.168807062784666,3.026362261225528,1.6912823779887007,-606.667007,391.396474,36.5304229241344,10.8
668,3.0578292963801053,3.03314017244705,1.0818876122336682,-594.631727,367.667689,36.69976653586714,10.8
669,2.9481886555593686,2.981497433705518,1.0370473251915047,479.328714,794.909395,22.935925371923183,10.8
670,3.171341015639607,3.3648157089524307,1.1508835849941732,343.418117,-42.736216,12.769679036396028,10.8
671,3.2747166846619353,3.0158807198781172,1.2876631867250388,601.597916,439.12384,19.426718241767844,10.8
672,3.000794163227606,2.9644523594187495,1.0629799159197284,142.181497,1041.672053,26.527397715310613,10.8
673,2.9615887095021396,2.9634285813169425,1.9401214772584745,-170.387357,1037.431633,29.161144109080663,10.8
674,3.0556708801001435,3.020605706912468,1.9216256899873398,591.202899,414.385314,19.257374632538898,10.8
675,3.1726044932358763,3.02508613495917,1.67086452851837,580.086925,390.212223,19.088031015608266,10.8
676,2.961778198888964,2.974461016658207,1.9499044378861805,-389.263277,810.669438,31.675174748484572,10.8
677,3.2666709850589823,2.9821828863413415,1.319388723404908,-620.555918,573.104228,35.00633043203974,10.8
678,3.0572580277869275,2.9564702767729094,1.910585408835686,338.892287,960.667785,24.731661540402143,10.8
679,3.1767244472321425,2.9529295382307614,1.6545036853258874,113.870984,1045.145752,26.766829208432043,10.8
680,2.667106783218507,2.950303207600136,0.9189000260637094,-142.181497,1041.672053,28.921712620549233,10.8
681,3.2195311271539775,3.781624630934832,1.2306166861624879,156.535816,-179.755754,6.3227642317507105,10.8
682,2.9620597531935373,2.950743902374874,1.9777822004351846,-364.828291,951.120862,30.95688027689014,10.8
683,2.751537878770308,3.0343828379658166,0.9787376091536566,475.198193,422.257687,20.273436297741277,10.8
684,3.1811724327844795,3.578683971375955,1.6347152886813792,-229.25638,-151.804588,46.748369336428546,10.8
685,3.108313147529494,3.025203882385373,1.1414744154764132,-557.979079,345.004932,36.699766534858895,10.8
686,3.2587024468642736,3.372297024838734,1.3534148604618996,-324.349369,-79.149724,43.69908194492633,10.8
687,3.0590786949380884,3.284362538419123,1.899354604683462,370.717915,-17.35476,13.449446115081372,10.8
688,2.589633024515196,2.9403889591883923,0.9007043777380819,85.476657,1047.850173,27.006260696802357,10.8
689,3.1632594019400315,2.9678214563247853,1.1913095583794517,598.109687,596.492168,20.781467125750254,10.8
690,3.18595197530371,2.9397681417506822,1.6115784292396789,-113.870984,1045.145752,28.682281127427796,10.8
691,2.8434199518478627,2.9495877913706052,1.0278585220228074,460.523966,839.141338,23.295072608046993,10.8
692,2.962447951561447,3.10392618559956,1.998954931171653,-489.172591,131.788519,39.264420565831955,10.8
693,3.25085867637933,2.9441440655833717,1.384694313239196,415.521958,896.315742,23.89365132627441,10.8
694,3.050745488269597,2.9345668596929633,1.1274004049566027,57.019415,1049.783325,27.245692185240756,10.8
695,3.1910644058375737,3.1131745629849426,1.5920677208537828,-476.810694,114.904392,39.49992801744751,10.8
696,3.0611482088859336,2.9332077174623943,1.8844809017713424,-85.476657,1047.850173,28.442849639057485,10.8
697,2.890926941452975,2.9420722300615902,1.05609525594777,-483.118472,826.339549,32.39346921698372,10.8
698,3.2431812647555174,3.684826021160338,1.4138352254736,192.818589,-160.004418,7.749550299634251,10.8
699,3.2110737821674125,2.9373827486087,1.2669411977417906,-439.684037,884.713714,31.794890495901264,10.8
700,2.9629579176208947,2.9300561210295872,2.014668921771191,28.520203,1050.943786,27.485123681873993,10.8
701,3.19650860654938,2.9299733734383007,1.5694320109871716,-57.019415,1049.783325,28.203418150619086,10.8
702,2.8745001510254813,2.9519385159149225,2.268773519741513,-605.500978,627.49384,34.4982996019732,10.8
703,2.942257585908231,3.24378076273781,1.0831895448904398,383.967684,-3.173969,13.789329678110256,10.8
704,2.99419738736948,3.2199805217477997,1.107070417495646,397.370899,12.023209,14.12921323157481,10.8
705,3.235706191652886,2.927247883867905,1.44551935487363,0.0,1051.330702,-27.72455516792992,10.8
706,2.8744355684792873,3.8385202651430985,2.2335878558046187,-97.760809,-203.939373,51.50432290695099,10.8
707,3.2022807804170106,2.9265395758053674,1.5777922944431744,-28.520203,1050.943786,27.963986653985852,10.8
708,2.8743552318111862,3.0210219308578257,2.198737927114704,-561.066114,252.768107,37.85137581858773,10.8
709,3.2284642281771525,3.194841532745507,1.47417317441493,410.153155,28.24723,14.469096766281886,10.8
710,3.2083741850454235,3.4547936043776497,1.5549735922829342,279.176412,-108.060492,10.603122394274976,10.8
711,3.0634814140630366,2.9268091343044356,1.870705578367839,312.706841,969.507611,24.971093031806262,10.8
712,2.6255210163875016,3.02916384263792,0.9402426293009548,-549.920727,230.298623,38.086883270464554,10.8
713,3.221481302972997,3.1730146088820286,1.5002760645154443,423.016502,45.554015,14.808980317407645,10.8
714,3.2147788541751168,2.92632669001727,1.5292420227620784,-338.892287,960.667785,30.7174487954577,10.8
715,2.7055811385939346,3.038051267977522,0.9840935220834252,-537.988368,208.609205,38.32239073816136,10.8
716,2.8742637098607133,2.9446939756014383,2.1626183635504916,580.978971,650.264091,21.289497962941724,10.8
717,2.963605247639418,2.935383684809904,2.03098663259815,-479.328714,794.909395,32.51318496393666,10.8
718,2.8741666732755586,3.044701538000783,2.1329387773558843,-526.314734,188.087122,38.55789818527762,10.8
719,3.1002610885624113,3.147481811762086,1.1855921212075713,435.134246,63.891003,15.14886387022338,10.8
720,3.1547884435769933,3.0542230491827174,1.2311546347914046,-513.941163,168.340912,38.79340565251279,10.8
721,3.2025018857764977,2.9286230847934145,1.3048678487830976,457.588231,807.619943,23.1753568592123,10.8
722,2.874070871152031,2.920744155659647,2.104207975997606,391.054034,907.258039,24.13308282153386,10.8
723,3.0660925329800373,2.928360566991415,1.856899847943385,413.113093,831.24878,23.654219845074913,10.8
724,2.7925257183704386,2.9519008838255147,1.0350856648312157,-622.331719,491.941412,35.68370487031343,10.8
725,2.964405911832526,3.0619154847875016,2.0402346557029705,-501.86596,149.680831,39.02891310147425,10.8
726,2.8739841006797033,3.086628603591814,2.074563713177035,470.001863,140.177408,16.42019723475814,10.8
727,2.551840793578214,2.9413434354237897,0.9116356978467285,-612.217538,544.012088,35.17567404403352,10.8
728,3.068994998135104,3.5862481717159937,1.8394257332851656,-210.951942,-156.659533,47.2239646927465,10.8
729,2.8739151865163475,3.0673583676008325,2.0510999593696697,481.445431,157.696968,16.65570468987673,10.8
730,3.042903169010543,2.9729307418215645,1.172072672274996,-569.361957,367.328797,36.530422933851575,10.8
731,2.9653761687465274,2.9056007561955455,2.0434488499780175,286.291227,977.633832,25.210524527052613,10.8
732,3.193885850710461,2.910238735740749,1.342184388953159,437.590492,851.325478,23.53450409620269,10.8
733,2.6630722796425843,3.801793653272474,0.9708361601500519,119.132294,-192.239278,4.895978170868247,10.8
734,2.8738739315167607,3.470120308394803,2.0291343501233023,261.826639,-117.931341,10.127527039270333,10.8
735,2.5869154731640642,2.9754511090694273,0.9239165688176857,-544.330808,366.159838,36.36107932319841,10.8
736,3.072201309574254,2.90271790463068,1.8226614648420911,-415.521958,896.315742,31.55545900958544,10.8
737,3.146023960954812,2.8974553310714297,1.2733795280019757,-312.706841,969.507611,30.478017304053584,10.8
738,2.9867073078148003,2.9635420841059545,1.1545381500969611,554.848765,388.904013,19.257374636350733,10.8
739,2.884634724938723,2.9363855774727328,1.1044014371135766,-612.358881,465.248,35.85304848352571,10.8
740,2.966532471420189,2.9307262106134604,2.047360266232076,602.998295,515.457251,20.104092682858898,10.8
741,2.87387110297883,2.902899423395772,2.0065555947272364,-460.523966,839.141338,32.15403772781285,10.8
742,2.935305343748814,2.924027818299676,1.130038889292894,590.893675,567.101517,20.612123518728183,10.8
743,2.7456048059514333,3.3109095441186405,1.038992681608955,329.478299,-53.955933,12.429795478809872,10.8
744,3.091698438275276,2.97561012931109,1.2296346709000876,-475.198193,422.257687,35.175674038118565,10.8
745,3.0757228598011137,2.982858106908271,1.8060244302258783,546.782626,282.339619,18.068749429559894,10.8
746,3.1852888303968028,3.078164537375764,1.3768809387002003,-457.97721,123.384138,39.2644205573074,10.8
747,2.8739183621927893,3.700886980088838,1.9899285144599574,-156.535816,-179.755754,49.126346104109125,10.8
748,2.96789135253424,2.9874942751230638,2.04391690831077,536.8518,259.307553,17.83324197306881,10.8
749,3.0795697393073915,3.346261539557908,1.7857225170798658,-314.190158,-39.098981,42.679431297391986,10.8
750,2.8740282325704087,2.928420859922267,1.975291586131638,-601.597916,439.12384,36.022392094092005,10.8
751,2.5165012218900116,2.95482979906614,0.9226011525972013,529.880899,386.775501,19.42671824628175,10.8
752,3.176767093484012,2.9905924273698234,1.412871780981192,526.093508,237.01246,17.597734511795203,10.8
753,2.621229401382856,2.8776116937237894,0.9824359315462693,259.66489,985.040466,25.449956009608968,10.8
754,3.137053867254058,2.9175768487827565,1.3135371283684163,594.056993,488.40085,19.93474907329651,10.8
755,2.969469319592656,3.009793128162376,2.0318076806143703,504.228756,195.518651,17.126719598766137,10.8
756,3.083750572415485,2.9971998897976615,1.7657690823377052,515.531298,215.896841,17.36222705789826,10.8
757,3.034419509486507,2.927800988201662,1.2169403691474603,-591.202899,414.385314,36.19173570332095,10.8
758,2.874214032503833,2.8748416802660954,1.9602806563724868,-286.291227,977.633832,30.238585808807233,10.8
759,2.548777458988153,2.9311280114317557,0.954348639221978,-580.086925,390.212223,36.361079320251584,10.8
760,2.6994828972181426,2.8820225882771244,1.0456184562648692,435.510941,819.736044,23.414788347621354,10.8
761,3.168370423397467,2.8738454924725763,1.4481756258120486,366.298276,917.53255,24.37251431042739,10.8
762,3.0882723038409083,2.893337060064786,1.7335502785209023,-598.109687,596.492168,34.66764321010959,10.8
763,3.08272981284286,2.9133178896326695,1.2720098268739601,584.306303,461.883042,19.765405462058688,10.8
764,2.9712827261238726,3.011734773629078,2.0215875250516846,493.166216,176.24096,16.8912121429615,10.8
765,2.874489830508923,3.2220815905988265,1.9756982960618559,-356.964625,-30.520806,42.339547768199424,10.8
766,3.0931399916875346,2.866750918211437,1.6763412031359626,-391.054034,907.258039,31.31602751432598,10.8
767,2.978442466860848,2.922465648666071,1.202452717935049,564.687828,412.182092,19.426718243921933,10.8
768,3.160142514057831,3.0665704225908037,1.480469827983579,449.412797,83.221266,15.478167399248896,10.8
769,2.78440172736992,3.4725068595922717,1.1017962139976745,244.256387,-126.261388,9.651931688433507,10.8
770,3.127958332327237,3.2409068314622727,1.3524771547687555,-343.418117,-42.736216,42.679431299463815,10.8
771,2.927446455577728,2.8699982548823484,1.17837547067153,-413.113093,831.24878,31.794890490784933,10.8
772,2.8748703651041927,2.911132406497863,2.0104312618909947,574.868126,436.763888,19.596061849658184,10.8
773,2.877316618837568,2.865573020753427,1.149873411638526,414.33493,862.883002,23.773935589212947,10.8
774,3.0983566048731084,2.8691833153614565,1.6275841642934727,-457.588231,807.619943,32.27375347664754,10.8
775,2.9733476487452997,3.5880835332368592,2.007468254137807,-192.818589,-160.004418,47.699560036225584,10.8
776,3.1521213483166126,3.659775209663806,1.5137885053509565,174.964672,-161.873272,7.273954939315161,10.8
777,3.1039227719884113,2.8781959169088824,1.588034067454905,574.782618,619.001652,21.12015434684389,10.8
778,2.5824124265464725,2.85385684273715,0.9676908956510502,232.847426,991.722064,25.689387504393977,10.8
779,3.144339579892642,3.03799949435002,1.5464516088961446,450.742825,147.64036,16.65570468631209,10.8
780,3.1098365566759827,2.8580842150178727,1.554277911723025,-437.590492,851.325478,31.914606239657154,10.8
781,2.8753709823505194,2.8506788574157578,2.0383932299377068,-259.66489,985.040466,29.999154326250874,10.8
782,3.1368249067594176,2.869055593750689,1.5467903792278568,-580.978971,650.264091,34.15961237291812,10.8
783,2.6568499548586555,3.7326821217882626,1.0380572141216597,-119.132294,-192.239278,50.553132164991595,10.8
784,3.1160932116287694,2.8523209936596365,1.5653672465483677,341.272905,927.131712,24.611945795030685,10.8
785,2.975679757620844,2.851848018028658,1.9900444876702252,-366.298276,917.53255,31.07659602543245,10.8
786,3.1296004102975354,3.1749349786955166,1.5440621479687933,-370.717915,-17.35476,41.99966422077846,10.8
787,2.7920152627204606,2.8673619717519907,2.408563494956156,555.601356,672.076697,21.628185186824936,10.8
788,3.1226848952264614,2.848022406799134,1.5512625777453621,205.858575,997.673705,25.92881899631754,10.8
789,3.025406127266134,2.8618253817779222,1.264574990675663,535.300584,722.609245,22.09791515565442,10.8
790,2.7919638151764037,2.8466713376763773,2.3672963926150383,-232.847426,991.722064,29.759722831465865,10.8
791,2.791896391678436,3.507931552773513,2.331581564807888,226.580442,-133.057261,9.176336339113533,10.8
792,3.0734523910527933,3.3562445305802546,1.3166271988626708,-279.176412,-108.060492,44.84598794158487,10.8
793,2.5131728916847824,2.854419994744765,0.9369758632128565,-435.510941,819.736044,32.03432198823849,10.8
794,3.118810008136012,3.1460113633685833,1.3938541795022177,-383.967684,-3.173969,41.659780657749586,10.8
795,2.8760075494991373,3.121861630654092,2.065436425154185,-397.370899,12.023209,41.31989710428503,10.8
796,2.7918171280076773,2.848996338572155,2.29434001800017,390.774398,873.805401,24.013367072070317,10.8
797,2.737376373942747,3.09862877741157,1.1075645523188085,-410.153155,28.24723,40.980013569577956,10.8
798,2.9782941573131207,2.8394443936945555,1.9770444930206508,178.718203,1002.891011,26.168250482802087,10.8
799,2.7917312981903804,2.8675241998210894,2.258699287440191,-590.893675,567.101517,34.83698681713166,10.8
800,2.791645298964533,2.835141246709057,2.2290053520374635,-205.858575,997.673705,29.520291339542304,10.8
801,2.876796381429453,2.8365896559661925,2.0885977477160496,315.99634,936.048461,24.85137728726624,10.8
802,2.9695183886884915,3.070593707916225,1.2493954802200118,-423.016502,45.554015,40.6401300184522,10.8
803,2.7915666141562463,2.83786696812789,2.198165342162827,-414.33493,862.883002,31.6751747466469,10.8
804,2.981205253385064,2.8645642580095947,1.9601095594384692,-602.998295,515.457251,35.34501765300095,10.8
805,3.1096743273928307,2.832528818896553,1.4326321541426694,-341.272905,927.131712,30.83716454082916,10.8
806,2.544051086645814,3.7045141345068426,0.9801981006251949,139.12112,-178.308041,5.847168861338723,10.8
807,2.614854657649088,3.0469606470370825,1.0471267052481106,-435.134246,63.891003,40.30024646563646,10.8
808,2.791503812110803,2.8915143424632483,2.168846055114845,-554.848765,388.904013,36.19173569950911,10.8
809,2.8236733963263485,2.8256514162306616,1.1737853359917194,151.446285,1007.37014,26.4076819744893,10.8
810,2.918796057226567,2.8536382716995754,1.2294118391544429,568.699602,589.355774,20.950810739836513,10.8
811,2.877754145046625,2.824299121903035,2.1045627436752623,-178.718203,1002.891011,29.28085985305776,10.8
812,3.0639558112956133,2.887818618506806,1.3608662229541169,539.518447,409.906488,19.596061850241952,10.8
813,2.8690813789982563,3.374919375868063,1.1994165590125925,-261.826639,-117.931341,45.3215832965895,10.8
814,2.984426579200138,2.856054660417435,1.9395614694228367,582.776834,538.213975,20.44277990106368,10.8
815,2.791466489006407,2.9759904050177375,2.145840836579152,-481.445431,157.696968,38.793405645983114,10.8
816,3.015968262288064,2.988675326552845,1.3107139757345716,-470.001863,140.177408,39.0289131011017,10.8
817,2.691131180269402,2.8896969915680355,1.112622388690816,-529.880899,386.775501,36.02239208957809,10.8
818,3.100609842819079,2.855903117922228,1.4695801600860838,-594.056993,488.40085,35.51436126256334,10.8
819,2.7914652391246197,3.5346457373047877,2.12201286014696,208.912143,-138.333432,8.700740992131905,10.8
820,2.8788977474657695,3.1637736642395193,2.1191000097799866,358.254788,-2.96142,13.789329678909716,10.8
821,2.9879706368185195,2.9037557113389654,1.9234911931439747,-546.782626,282.339619,37.38036090629995,10.8
822,2.4777539257132895,2.812888598235458,0.9758962305106318,124.062895,1011.107795,26.64711346698573,10.8
823,2.7915116221199003,2.816003407904311,2.0996110118456723,366.926236,884.084637,24.252798564863348,10.8
824,2.7741532335103543,2.808026614529505,1.171703587975463,-151.446285,1007.37014,29.041428361370546,10.8
825,2.991848717445361,3.1810986479427683,1.9034802726410163,345.688439,-16.183032,13.449446115919763,10.8
826,2.8802442545463753,2.809357486743917,2.1297418444320697,290.487186,944.276232,25.090808779889095,10.8
827,3.09166858870925,2.850959813465343,1.5091122984514922,-584.306303,461.883042,35.683704873801155,10.8
828,2.5759317725560513,3.208320439369291,1.0203672394933099,-329.478299,-53.955933,43.01931485704997,10.8
829,3.054322194446362,2.8265300973677827,1.4028156826880251,-574.782618,619.001652,34.32895598901595,10.8
830,2.5082878907003554,2.9008663389490197,0.9704751905282103,-536.8518,259.307553,37.61586836279103,10.8
831,2.791618090771438,3.589864488781073,2.083873996797602,-174.964672,-161.873272,48.17515539654468,10.8
832,2.9600460590593967,2.805500123953092,1.2993698347772358,-315.99634,936.048461,30.597733048593604,10.8
833,2.996070713186426,2.799905347834972,1.8795968012061057,96.588189,1014.101226,26.886544957390136,10.8
834,3.082896438085177,2.835807978905205,1.5455935742943714,574.880236,510.834431,20.273436293734065,10.8
835,2.881810772365975,2.7969081430682863,2.1328399171660495,-124.062895,1011.107795,28.801996868874113,10.8
836,2.6484262461552905,2.903919578412853,1.1150477620846866,-526.093508,237.01246,37.85137582406464,10.8
837,2.791797971387162,2.802464485071556,2.0675753644974377,-390.774398,873.805401,31.435743263789522,10.8
838,3.006204275033991,2.8531542551710984,1.3563430004993888,-564.687828,412.182092,36.02239209193791,10.8
839,3.0006449341178874,2.9115401316057525,1.8527355116823865,-515.531298,215.896841,38.08688327796158,10.8
840,2.9094675844174347,2.921698846103118,1.2797190162944883,-504.228756,195.518651,38.322390737093706,10.8
841,3.074333468752951,2.840285124600663,1.5796854938673182,-574.868126,436.763888,35.853048486201665,10.8
842,2.815102445731763,2.8034927682271964,1.2206539239198186,-535.300584,722.609245,33.35119518020542,10.8
843,2.792065374920336,2.7882899016530502,2.073651870287066,69.04239,1016.34823,27.125976443114034,10.8
844,3.005577888264822,2.811525805564632,1.7885571079158886,550.609066,640.599532,21.45884157097847,10.8
845,2.88361430948837,2.787790396492508,2.1339735642861832,-96.588189,1014.101226,28.562565378469706,10.8
846,2.8600400134454316,2.797987090381097,1.2559153387143318,390.411175,842.149676,23.893651329116793,10.8
847,2.7270109201474826,2.8044548168056678,1.1779055229403728,-555.601356,672.076697,33.820925149034906,10.8
848,3.044626318368578,2.8299351755323583,1.446613330502425,566.15418,483.962027,20.104092680779566,10.8
849,3.0660143364815413,3.3775369783294833,1.6094683324340953,-244.256387,-126.261388,45.79717864742633,10.8
850,3.0108740878851727,2.949594439058125,1.7288646409935822,461.854477,165.051202,16.891212154292994,10.8
851,2.408147239363514,2.9219578427229207,0.9550404340878181,-493.166216,176.24096,38.55789819289834,10.8
852,2.5374514051157258,2.781286640003537,1.0312390970699548,41.445772,1017.847151,27.365407931923052,10.8
853,2.792435151869489,2.780662611704081,2.113273767237429,-69.04239,1016.34823,28.32313389274581,10.8
854,3.0165358127869513,2.8301748592542175,1.681556562348266,557.686743,458.49924,19.934749081120557,10.8
855,3.05796861549672,2.8364469627216167,1.5976040303854164,548.457114,433.544939,19.76540546664461,10.8
856,2.8856716706578593,2.7856010249583933,2.131244580644141,342.807999,893.713145,24.492230057387786,10.8
857,3.0225628857896023,2.8484107599137576,1.639769784243932,514.650634,406.821558,19.765405464524605,10.8
858,3.050221148259067,2.77609210087701,1.5935558169154054,-41.445772,1017.847151,28.08370240393679,10.8
859,2.472729554207084,2.7751104265856235,0.9846154784832445,13.818648,1018.596888,27.604839420298454,10.8
860,3.028952429127227,2.7780010830626036,1.6423823479354482,264.76422,951.80897,25.33024026725181,10.8
861,2.6063432495842744,2.926926646361476,1.1205675462711226,472.347126,183.156299,17.126719596159916,10.8
862,3.0427923648618087,2.7744076789143595,1.6029610886347743,-13.818648,1018.596888,27.844270915561385,10.8
863,2.9501308922695286,3.219961926222739,1.3494244323582818,310.249821,-63.160384,12.089911921586605,10.8
864,3.0356986058002127,2.7844859050207305,1.619186061657363,344.162174,862.084311,24.372514308138847,10.8
865,2.792922815557388,2.775998567855419,2.145962470595651,-290.487186,944.276232,30.35830155597075,10.8
866,2.9962053714330006,2.7912697586591735,1.4047148702834196,529.405506,692.899533,21.966872400549697,10.8
867,2.8879993222657716,2.966857906395043,2.1207347004468273,-449.412797,83.221266,39.970942936610946,10.8
868,3.03493582635442,3.087022288352951,1.489798163745168,370.954153,11.22392,14.129213223785094,10.8
869,2.7935444553647115,2.944108111198213,2.173008448015409,-450.742825,147.64036,38.79340564954775,10.8
870,2.7096849247338928,2.770949408485043,2.5604749604161414,-366.926236,884.084637,31.196311770996495,10.8
871,2.6806453267167925,2.850922991707754,1.1852735234750096,530.941912,311.107034,18.539764349259507,10.8
872,2.709645850158989,3.619320056815165,2.509671320604685,-139.12112,-178.308041,49.60194147452112,10.8
873,2.8995710168880704,2.8584975570457907,1.3304223737651417,522.253929,287.577981,18.304256895794197,10.8
874,2.709590810730832,3.05508116540479,2.4659379264237473,383.073404,26.382249,14.46909677263659,10.8
875,2.8906132366122472,3.5370011480504333,2.10667681318052,191.362875,-142.112078,8.225145614267873,10.8
876,2.709523480607429,2.7622665402876256,2.422189779223483,238.846374,958.64113,25.56967175966698,10.8
877,2.5016266453579976,3.401704063156139,1.0139859923991505,-226.580442,-133.057261,46.27277399674631,10.8
878,2.709448697413148,3.027564751294157,2.3766717483504283,395.267434,42.565759,14.808980310087946,10.8
879,2.7943166761103173,2.8624389357794118,2.2009477217573643,512.700344,264.740708,18.068749423177806,10.8
880,2.7620229764021116,3.8079947743322737,1.2474102096583655,13.094699,-201.33483,0.5731655350615519,10.8
881,3.0253115261281813,2.758544274558899,1.5301221651775139,-264.76422,951.80897,30.11887006860803,10.8
882,2.5673848232377923,2.8703899646417015,1.0892212791948797,503.279639,243.091691,17.833241978751722,10.8
883,2.8503031938030716,2.881354948685823,1.309629946216578,493.080317,222.139557,17.5977345089091,10.8
884,2.8935287506582488,2.7596807504321488,2.090404001768721,318.437439,902.683835,24.73166154126988,10.8
885,2.7093724772989756,3.0040111762145068,2.3378608813765167,406.76333,59.725286,15.148863877711626,10.8
886,2.986055554103407,2.779293515625338,1.4509159519732842,-568.699602,589.355774,34.49829959602333,10.8
887,2.4038528377250232,3.800413024220278,0.9941691146638381,-13.094699,-201.33483,54.875944800798294,10.8
888,2.7093019661915765,2.759458487029869,2.299715036971118,-390.411175,842.149676,31.55545900674305,10.8
889,2.939872047771518,2.7585506119182126,1.397800498543375,367.421894,852.430709,24.133082825612398,10.8
890,2.7952564868623426,2.8861280826731255,2.2214855014102803,483.061945,202.299159,17.3622270606347,10.8
891,2.896760409438766,3.7925873676940416,2.069948702454485,30.232518,-199.482279,1.3273708083543632,10.8
892,2.709245440755019,2.751450446189402,2.2602153619371026,-342.807999,893.713145,30.956880278472056,10.8
893,2.3766880952254423,2.9757659759710062,0.9765666575273448,418.256756,77.970604,15.488747409100029,10.8
894,3.0158076905770494,2.7533376920690307,1.5719185307785715,-344.162174,862.084311,31.076596027720996,10.8
895,2.6378812074168296,2.7756552137284585,1.1893712037935689,-582.776834,538.213975,35.00633043479616,10.8
896,2.434618363083026,3.135986079579392,1.0358544389858042,332.653326,-28.442167,13.109562578783255,10.8
897,2.709212251204255,3.2333617453462877,2.227098145596245,289.180957,-77.400988,11.554313123026496,10.8
898,2.796381206792077,2.7422417489212525,2.2356976045226644,212.752726,964.767684,25.80910324853339,10.8
899,2.9003217895980273,2.764970359845844,2.050238751416833,545.668004,610.742085,21.289497956526546,10.8
900,2.709212802093112,2.737792578223454,2.1952536152230877,-238.846374,958.64113,29.87943857619286,10.8
901,2.4660154026085093,2.796775545717486,1.0263228875107548,-539.518447,409.906488,35.85304848561789,10.8
902,2.7147231450566656,2.910635847416955,1.2552693109694446,442.224734,171.476106,17.126719605013605,10.8
903,2.8892116228614957,2.9457480139071253,1.3843319286273021,428.927515,97.185696,15.828630956774646,10.8
904,2.528861568266006,3.7753620938066215,1.096940398087308,-30.232518,-199.482279,54.12173952750548,10.8
905,3.0064724046755256,2.7466023603637053,1.6129743884373609,474.777904,763.738684,22.81620962570843,10.8
906,2.9758316585850197,3.430462902372232,1.4958646046841875,-208.912143,-138.333432,46.74836934372794,10.8
907,2.7977083811638286,2.762999568437579,2.2509432260828746,561.697116,560.178071,20.78146712875145,10.8
908,2.9042253408020557,3.77228741087665,2.0306166108600925,47.149659,-196.173634,2.081576088851289,10.8
909,2.709258509625558,2.735566568282709,2.1624165148806735,293.832493,910.990107,24.971093033793892,10.8
910,2.9293620164872416,2.746688093693903,1.4487822952243257,-550.609066,640.599532,33.99026876488137,10.8
911,2.9084821921396387,3.25699084210368,2.0068192493675805,272.993722,-89.08096,11.078717740983052,10.8
912,2.9973478982581074,2.7862041979190137,1.6506872066900038,523.393578,430.305293,19.934749074174164,10.8
913,2.70936174538587,2.7605844977940666,2.135672939473636,-574.880236,510.834431,35.17567404212578,10.8
914,2.839979293306599,2.7254387630611894,1.3624871032222912,186.502482,970.184123,26.048534735894997,10.8
915,2.5957370087221534,2.728548956203918,1.192878199900953,-318.437439,902.683835,30.717448794589963,10.8
916,2.7992556443174834,3.158785141189557,2.258394368490433,96.015591,301.703815,25.005486772721135,10.8
917,2.3729328184026066,3.5634345659315034,1.0073621367100414,157.495296,-162.307348,6.798359544565059,10.8
918,2.9131019649064465,2.7209435977523273,1.9813700774596326,-212.752726,964.767684,29.640007087326456,10.8
919,2.709535803047102,2.734521341892492,2.1107446213150487,502.429999,712.701936,22.30555962730425,10.8
920,2.9884708744680015,2.734090108695351,1.674456011674714,-529.405506,692.899533,33.48223793531015,10.8
921,2.9656035324044887,2.737626571225295,1.5435898784707867,525.624631,661.253999,21.79752878898246,10.8
922,2.8010406201895743,2.7231407723989363,2.258890567990895,-367.421894,852.430709,31.316027510247444,10.8
923,2.9180925728073404,2.756026107303136,1.9104156336571965,-566.15418,483.962027,35.34501765508028,10.8
924,2.493050898853801,3.047410460142226,1.0671772195978741,-358.254788,-2.96142,41.65978065695012,10.8
925,2.6682092529845542,2.748022802105527,1.2617514016298383,554.856851,532.515705,20.61212351876634,10.8
926,2.979872869033159,3.744091593100172,1.645823485393903,-47.149659,-196.173634,53.36753424700855,10.8
927,2.709794810570701,2.7124960680322614,2.08512541489115,160.114962,974.886458,26.287966230673298,10.8
928,2.9234600143202427,2.757468382928707,1.8433280954848368,-557.686743,458.49924,35.514361254739285,10.8
929,2.3968891380996427,3.069221142610136,1.0497378099724004,-345.688439,-16.183032,41.99966421994008,10.8
930,2.7482796536088836,2.709433120262801,1.3241652967461892,-186.502482,970.184123,29.400575599964846,10.8
931,2.878489112550397,3.1398959007844365,1.4367795960024075,-96.015591,301.703815,30.443623563138708,10.8
932,2.9715805729838984,2.7119415472041104,1.6437085504768096,269.011272,918.625846,25.2105245262263,10.8
933,2.929208155009754,2.7603403824065733,1.7845371772066045,-548.457114,433.544939,35.683704869215234,10.8
934,2.803080777817847,2.774179986540387,2.2605196338352807,-514.650634,406.821558,35.68370487133524,10.8
935,2.344352471297645,3.734392816435064,1.005975316326253,63.722637,-191.433044,2.8357813717705866,10.8
936,2.5567773619502283,2.709273145274622,1.1716290167306465,-293.832493,910.990107,30.478017302065954,10.8
937,2.963616132892671,2.74546283943834,1.652820437411876,547.168281,505.328281,20.442779904363285,10.8
938,2.7101537098729165,3.278740218351942,2.1010725322534283,256.421537,-99.252788,10.603122417087882,10.8
939,2.9353384999103045,2.771759580145026,1.7348238454924239,498.662442,426.268488,20.104092681942525,10.8
940,2.918686444827895,2.704459816961058,1.499480565263346,133.609591,978.87123,26.527397714411435,10.8
941,2.955997480945684,2.7560241630197746,1.6716198721255968,531.418686,454.269303,20.104092685472438,10.8
942,2.941849968466403,2.7034304164413063,1.6904244521977696,-160.114962,974.886458,29.161144105186548,10.8
943,2.9487386346977695,2.7489074677391385,1.6968616624237165,539.684054,479.559358,20.273436297837748,10.8
944,2.955434244677863,2.709392627813813,1.5885047940366992,320.649133,871.103378,24.61194580211111,10.8
945,2.8053933238740316,3.4531366794691274,2.254069701852401,-191.362875,-142.112078,47.22396472159197,10.8
946,2.7106281428790906,2.855549888691279,2.147436879315951,-461.854477,165.051202,38.55789818156685,10.8
947,2.8291729327839317,2.8399983281661276,1.4188500692088553,-472.347126,183.156299,38.32239073969993,10.8
948,2.6253663635500812,2.693252199040355,1.2659695660226082,107.005876,982.135505,26.766829205332918,10.8
949,2.4574602852354976,2.703157332428858,1.0773522093839576,-474.777904,763.738684,32.63290071015141,10.8
950,2.807995028625994,2.690699946273434,2.239098103980608,-133.609591,978.87123,28.921712621448414,10.8
951,2.7112344123771956,2.6935077077120013,2.1867717906836575,243.992046,925.585431,25.4499560135376,10.8
952,2.7848931276295263,2.7719210315483336,1.3922105595871872,-530.941912,311.107034,36.909345986600336,10.8
953,2.341327230646967,3.117099864416161,1.0251236991456303,-310.249821,-63.160384,43.35919841427323,10.8
954,2.9453803514165866,2.6918527969349815,1.6314394542606419,-269.011272,918.625846,30.238585809633545,10.8
955,2.6322025030097813,3.311101579514067,2.7132228257610986,239.579233,-107.910716,10.127527055770557,10.8
956,2.366583279322122,2.753843717213135,1.05390723145281,481.939869,445.087652,20.442779902413243,10.8
957,2.6321747384814844,2.687310613015443,2.7006580878293427,80.323399,984.67688,27.00626070011169,10.8
958,2.632131202644002,3.706736810281689,2.649273487289571,-63.722637,-191.433044,52.61332896408925,10.8
959,2.700762297701307,2.6856250386407052,1.3348790338987429,-107.005876,982.135505,28.68228113052692,10.8
960,2.518255198328759,2.709350226998111,1.178195020125523,-545.668004,610.742085,34.159612379333296,10.8
961,2.63207504233057,2.9882982147686827,2.5657440933683997,-370.954153,11.22392,41.31989711207475,10.8
962,2.9079240628994185,2.774405070313101,1.5477720654459257,-522.253929,287.577981,37.14485344006565,10.8
963,2.867497060426665,2.682789413581558,1.4888311038798998,53.581801,986.493486,27.245692187447837,10.8
964,2.8109021135734293,2.6827128761627335,2.2237009590145083,-80.323399,984.67688,28.442849635748154,10.8
965,2.7119893736822025,2.7822094732565184,2.225330883643223,-512.700344,264.740708,37.380360912682036,10.8
966,2.6320106324303096,2.696455649738044,2.5188290570147958,474.714563,731.45474,22.64424684011003,10.8
967,2.6319435657321177,3.696562591506114,2.510180897669373,79.830479,-185.295115,3.589986594967634,10.8
968,2.93549220640065,2.691056601810755,1.6772800797056566,-502.429999,712.701936,33.143550708555594,10.8
969,2.8141300658029236,2.67506373452415,2.203818877522532,26.800764,987.583985,27.485123676316384,10.8
970,2.6318806001758834,2.675058178342265,2.4703977299326074,-53.581801,986.493486,28.20341814841201,10.8
971,2.712910361847729,2.783566120012375,2.2599385659103075,-503.279639,243.091691,37.61586835710812,10.8
972,2.5831541668070597,2.701441770027063,1.2715993199289237,-561.697116,560.178071,34.6676432071084,10.8
973,2.6318296756143753,2.6710784680822073,2.392885128531183,-26.800764,987.583985,27.963986659543462,10.8
974,2.817693480770939,2.787853849432742,2.179816292372492,-493.080317,222.139557,37.85137582695074,10.8
975,2.631799855350061,2.666624142315196,2.389011470594549,0.0,987.947573,-27.72455516792992,10.8
976,2.8179839324174574,2.670005772985198,1.4754987177229026,218.79323,931.863741,25.689387502853187,10.8
977,2.482506459468331,3.0908899963893908,1.1373462069966183,220.468246,227.239824,20.926884194688796,10.8
978,2.714015088273883,2.6895275287447205,2.2869834821248536,521.832799,631.228956,21.628185186353875,10.8
979,2.9258142560067557,2.945709153749745,1.7197545149868005,-383.073404,26.382249,40.98001356322325,10.8
980,2.8971468074726587,2.923632969679474,1.598204399779699,-395.267434,42.565759,40.640130025771896,10.8
981,2.3126855234153973,3.339233436651512,1.0380189170655134,222.581048,-115.056938,9.651931699681754,10.8
982,2.654049614762101,2.6655921200270942,1.3449048717937717,-243.992046,925.585431,29.99915432232224,10.8
983,2.7332017705165033,2.6689757667972915,1.4077101231394225,-320.649133,871.103378,30.83716453374874,10.8
984,2.631801300425605,3.4825580845754986,2.3556452627138365,-157.495296,-162.307348,48.65075079129478,10.8
985,2.821605897882389,2.6802488388594345,2.160786140569774,499.866107,680.934636,22.136216012216494,10.8
986,2.3357007107015364,2.7903126522276107,1.0652806793897327,-483.061945,202.299159,38.08688327522515,10.8
987,2.3866886368185662,2.7325213387112863,1.12003893460173,520.561145,364.87117,19.257374631356292,10.8
988,2.8563226060979616,2.6780491178376624,1.5440482556700856,-525.624631,661.253999,33.65158154687738,10.8
989,2.7153215390734746,2.6643787056027173,2.3127067322239365,248.764014,894.289342,25.330240268700464,10.8
990,2.9163853522582492,2.8954838339565367,1.720182085855775,-406.76333,59.725286,40.300246458148216,10.8
991,2.631845240538285,2.811704870550751,2.285493368352397,452.391739,189.454933,17.362227063609254,10.8
992,2.8258796175012475,2.6834587493217086,2.13726748093578,539.790186,581.317191,21.120154347686736,10.8
993,2.5441945422247225,2.874266445453318,1.2740218436184079,-418.256756,77.970604,39.960362926759814,10.8
994,2.3106252086991974,2.7948412953732857,1.0495052288757891,461.903585,208.094005,17.597734515434496,10.8
995,2.6319439082362446,2.7087339144485436,2.2522525880540045,-523.393578,430.305293,35.51436126168568,10.8
996,2.830525503126596,3.1227003826599575,2.1093422043126906,-289.180957,-77.400988,43.89479721283334,10.8
997,2.716847869069464,3.026664189675813,2.3344308883105134,-332.653326,-28.442167,42.33954775707658,10.8
998,2.907239094852331,2.6560000714654564,1.6884672926204156,272.932492,887.211821,25.09080878116027,10.8
999,2.8864199279617213,2.650917693398641,1.6480489882431955,193.433371,937.456154,25.92881899696203,10.8
1000,2.4469882365834557,2.813919881427664,1.1437714732406519,-442.224734,171.476106,38.32239073084624,10.8
1001,2.632110512044416,2.6513938600912823,2.261438132498464,296.900079,879.48127,24.851377291113813,10.8
1002,2.8355527957166733,2.8289777386934114,2.0367123247123846,360.097078,281.474219,19.717301629121636,10.8
1003,2.8984041190547476,2.646485435596107,1.68910964597351,-218.79323,931.863741,29.75972283300666,10.8
1004,2.6110835205430742,2.7223663877603843,1.3505389782522639,513.589087,338.988422,19.010779257273555,10.8
1005,2.35714158643242,2.6994544034898507,1.1191291762796602,506.497907,450.070387,20.273436296615436,10.8
1006,2.7186122774437793,2.6743979611488458,2.3481328847148784,-554.856851,532.515705,34.8369868170935,10.8
1007,2.840968903193817,2.8426207954663245,1.9626922689234862,-428.927515,97.185696,39.620479379085204,10.8
1008,2.806506601794443,2.7288609297588917,1.5304993494429948,506.168691,315.029392,18.775271797873216,10.8
1009,2.889904421876741,3.1514596866173434,1.6971585537574898,-272.993722,-89.08096,44.37039259487679,10.8
1010,2.6323591593330176,2.9611540645161107,2.234225258597097,357.420395,24.615527,14.469096763692477,10.8
1011,2.6853947995207705,2.821243436995992,1.4196983607127265,211.201624,405.328898,23.485420942472594,10.8
1012,2.8467791951469064,3.638931205804175,1.8926412171650513,-79.830479,-185.295115,51.8591237408922,10.8
1013,2.845046286618458,3.3734711954662155,1.5970222520288864,205.540108,-120.70152,9.176336345377017,10.8
1014,2.881759644496342,3.055039484546327,1.7186386179965234,-220.468246,227.239824,34.522226141171046,10.8
1015,2.505685750844054,2.7068785816785463,1.2760292733488863,238.025013,589.456504,24.337682960899862,10.8
1016,2.852986769779541,2.7326903522605455,1.8351723541171585,497.84702,291.714981,18.539764349091627,10.8
1017,2.8739853894897327,2.6366924686146365,1.7464976883561096,167.931136,942.358553,26.168250486534667,10.8
1018,2.8595922350439618,2.6398037155245904,1.7827385600219048,-248.764014,894.289342,30.118870067159378,10.8
1019,2.7206328862503413,2.740473058722103,2.3599239848559677,489.59465,269.59422,18.30425688719459,10.8
1020,2.866593473660321,2.7510031905188965,1.735662612382919,480.527595,248.127815,18.06874943428147,10.8
1021,2.875802243554546,2.6710875339132167,1.6947987947556358,-547.168281,505.328281,35.00633043149656,10.8
1022,2.632704809506694,2.634582491024136,2.202377109152283,-193.433371,937.456154,29.520291338897813,10.8
1023,2.3058958156569993,2.976965482652045,1.0804753438419548,345.908727,10.466123,14.129213217842086,10.8
1024,2.7229276078131175,2.6578981863343127,2.367719768640438,534.016328,553.412742,20.950810737034978,10.8
1025,2.6331631990307103,2.7531075240872847,2.292127156211086,471.581924,227.781214,17.833241972803506,10.8
1026,2.5687696437687975,2.685504729309647,1.354834385529126,-498.662442,426.268488,35.34501765391732,10.8
1027,2.4088035011473625,2.6265489526065835,1.205056625440793,-272.932492,887.211821,30.358301554699572,10.8
1028,2.327069937191101,2.6842344354862147,1.122896417437209,-481.939869,445.087652,35.00633043344661,10.8
1029,2.8653463621102784,2.628879762456383,1.7432331880916112,411.111631,799.811267,23.534504096830517,10.8
1030,2.717065807608885,2.66816134161613,1.4901010853891241,-531.418686,454.269303,35.345017650387405,10.8
1031,2.6337507704314036,2.6613412126024194,2.338287155213295,-539.684054,479.559358,35.175674038022095,10.8
1032,2.7255139962962622,3.6111314994696,2.367143757827086,95.35561,-177.804647,4.344191890460607,10.8
1033,2.4700173129790457,2.619801763430672,1.221442680065382,142.305296,946.567331,26.40768197293312,10.8
1034,2.833742041099332,2.630838048863053,1.6487414674274576,-474.714563,731.45474,32.804863495749814,10.8
1035,2.279644930511389,2.6224397586157764,1.071132623913399,-296.900079,879.48127,30.597733044746033,10.8
1036,2.794829280176563,2.6532077315229956,1.5885313777228833,527.376566,525.950337,20.781467129044856,10.8
1037,2.638417630753379,2.6160363959530706,1.4296552541498184,-167.931136,942.358553,29.28085984932518,10.8
1038,2.2787710888588006,2.6561651524788092,1.0819269801815894,520.886572,499.913229,20.612123517217732,10.8
1039,2.6344845919413253,2.61603833390314,2.337748374738888,175.231782,911.554049,26.048534734684907,10.8
1040,2.7284091201318548,2.7751997402352298,2.3640719028558426,432.447196,194.823491,17.59773451427597,10.8
1041,2.5548691623910074,3.1613379263351415,2.9309240325585018,-256.421537,-99.252788,44.84598791877196,10.8
1042,2.554836415784409,2.62184875813981,2.946617468493509,446.300013,749.13033,22.982934065532284,10.8
1043,2.8550989753559057,3.4097857854627986,1.780066469387501,174.041571,-144.422903,7.749550284047793,10.8
1044,2.5547909780014963,2.628960416600978,2.7352465353256066,497.229091,650.786214,21.96687240021086,10.8
1045,2.5547367251266815,2.6069315273426494,2.6392566273279496,116.574712,950.079389,26.64711346224415,10.8
1046,2.5297833498092945,2.6530393942582173,1.357005789764718,513.597637,474.324664,20.442779904463457,10.8
1047,2.731629383119645,2.624952809379123,2.3482537400187558,-521.832799,631.228956,33.82092514950597,10.8
1048,2.6353822659238393,2.604851301783155,2.377761941261031,-142.305296,946.567331,29.041428362926727,10.8
1049,2.5546787769311297,2.6197162605822966,2.9417865822937523,-499.866107,680.934636,33.312894323643356,10.8
1050,2.750129445587015,2.8955254340652945,1.5693543056003667,368.990525,39.736038,14.808980311113935,10.8
1051,2.3728327493821095,2.6037479233382874,1.2088625406661633,90.758323,952.892143,26.88654495540534,10.8
1052,2.5546234888940456,2.779263570530627,2.9417429605600924,-360.097078,281.474219,35.73180870673821,10.8
1053,2.8224772919363326,2.604364530531385,1.703632206641185,-175.231782,911.554049,29.40057560117494,10.8
1054,2.4345973581319966,3.198975638767783,1.2262068811132125,-239.579233,-107.910716,45.321583280089285,10.8
1055,2.298197460393661,2.5994308121133054,1.1283790903025523,-116.574712,950.079389,28.801996873615693,10.8
1056,2.2751029948739303,2.776990277703747,1.1007343361750097,-211.201624,405.328898,31.96368939338725,10.8
1057,2.845101137145967,2.6142866128926903,1.7698435707939488,473.371429,699.612459,22.47490323608472,10.8
1058,2.7351903707128233,2.6661645951508097,2.3243135912684956,-238.025013,589.456504,31.11142737495998,10.8
1059,2.5545784215500444,2.5975224438921605,2.4767667488924334,64.875132,955.003522,27.125976443458683,10.8
1060,2.6364618303252323,2.597000666002222,2.4539066008360244,-90.758323,952.892143,28.562565380454505,10.8
1061,2.5952662584404753,3.0041991333468867,1.4379930038120345,316.468795,9.575362,14.129213213480902,10.8
1062,2.6688910308550615,2.6188449805807408,1.5073110836527455,-539.790186,581.317191,34.32895598817311,10.8
1063,2.7830340817007304,2.863181620645595,1.6464220530318288,379.907388,55.782013,15.148863875485048,10.8
1064,2.5545523198528852,2.593430261087978,2.9311956614606327,38.94419,956.411971,27.365407928743046,10.8
1065,2.7391066815704583,2.591747999747743,2.301145091250139,-64.875132,955.003522,28.32313389240116,10.8
1066,2.344185002210138,2.9560923356164075,1.2011417618633606,333.855621,-2.759731,13.789329669229865,10.8
1067,2.835388561391857,2.5970894513123217,1.7393018096883304,-411.111631,799.811267,31.914606239029325,10.8
1068,2.637741668272415,2.836978785639444,2.480964985904871,390.819919,72.855883,15.488747416374963,10.8
1069,2.5545550760262627,3.242483417358279,2.9309489531784534,-222.581048,-115.056938,45.797178636178074,10.8
1070,2.491271902049132,3.5653668034494794,1.3609001800409855,-95.35561,-177.804647,51.10491844539923,10.8
1071,2.7433917397663596,2.585837663156075,2.278007787449915,12.984582,957.116456,27.604839425577467,10.8
1072,2.811313099454564,2.583922386036224,1.7555167974277313,-38.94419,956.411971,28.083702407116796,10.8
1073,2.55459769275154,2.583921137568997,2.3829716691274347,-12.984582,957.116456,27.844270910282376,10.8
1074,2.8259919222281558,2.6499692363966036,1.7314857454055592,-520.561145,364.87117,36.19173570450355,10.8
1075,2.639240391645557,2.6056150548346886,2.4625810199492917,517.088305,601.600204,21.458841574194203,10.8
1076,2.748057616248002,2.809012225927023,2.2501202792238595,400.96128,90.849153,15.82863097484774,10.8
1077,2.700137975124961,2.5821231348622318,1.5793235128017937,224.412433,900.708622,25.56967176003331,10.8
1078,2.5546922422613267,2.63170103639895,2.293451299410319,-506.497907,450.070387,35.17567403924441,10.8
1079,2.737981283694429,2.7878840867266406,1.6284867015719267,411.016625,109.924805,16.168514512021552,10.8
1080,2.8169371423910885,3.550976475797098,1.741902606716029,110.184705,-169.016318,5.098397162971338,10.8
1081,2.7531148361797877,2.723017706374738,2.172409876571799,-452.391739,189.454933,38.08688327225059,10.8
1082,2.315041778757592,2.649363521630471,1.1961322720443,-513.589087,338.988422,36.438331078586295,10.8
1083,2.552796829164816,2.603022184795265,1.4456981199632997,-534.016328,553.412742,34.498299598824865,10.8
1084,2.64097671875396,2.707962113995449,2.4812710088257317,-461.903585,208.094005,37.851375820425346,10.8
1085,2.247325373552708,2.58390266234304,1.1116631758505597,-446.300013,749.13033,32.46617627032756,10.8
1086,2.5548518133169726,3.287500740707168,2.915016177991863,-205.540108,-120.70152,46.272773990482825,10.8
1087,2.7711967970253992,2.7661094295486226,1.7018215218740385,420.177118,129.90405,16.50839805616163,10.8
1088,2.7585721703855777,2.5754000278767855,2.0916691907661558,0.0,928.24402,-27.72455516792992,10.8
1089,2.8082456829959863,2.6551944325888868,1.7633674016928598,-506.168691,315.029392,36.67383853798663,10.8
1090,2.268443580616062,2.6246587842529903,1.1417286212424624,488.856315,469.172661,20.612123519305293,10.8
1091,2.2467959300328397,2.5817490459402173,1.1193028908714513,417.228196,765.702674,23.321621290371056,10.8
1092,2.4556743459187196,2.5728987396203804,1.3293054641195874,199.895674,906.464937,25.80910324779788,10.8
1093,2.7644364257315353,2.598254443077462,2.014244655237973,512.389357,573.494767,21.28949796475598,10.8
1094,2.621574755080487,2.572026416145548,1.5222347743265365,-224.412433,900.708622,29.879438575826534,10.8
1095,2.800304367201866,2.603384587415874,1.8052858855629195,-527.376566,525.950337,34.667643206814994,10.8
1096,2.7999348292299535,2.6607831295769193,1.7942833615357994,-497.84702,291.714981,36.909345986768216,10.8
1097,2.770712236782782,2.6684844597328894,1.944954219852457,-489.59465,269.59422,37.14485344866525,10.8
1098,2.5550904556047542,3.0215669460145356,2.909681802066764,295.829247,-45.843164,12.505503809977426,10.8
1099,2.792017959945557,2.5814408558615236,1.8311759243708843,446.179617,717.259962,22.813590454703125,10.8
1100,2.777401840299285,2.6774973210852853,1.884607776572663,-480.527595,248.127815,37.38036090157837,10.8
1101,2.642969366178945,2.625203514100344,2.542309132838262,464.507542,463.251335,20.781467128923374,10.8
1102,2.7845048368182477,2.6056598257676833,1.8290868320240166,-520.886572,499.913229,34.83698681864211,10.8
1103,2.244908284870088,2.578386930350678,1.1280680952412658,-473.371429,699.612459,32.97420709977512,10.8
1104,2.555423134432585,3.3455468983250047,2.1821155968670554,-174.041571,-144.422903,47.69956005181205,10.8
1105,2.6452369004488987,2.867222755088626,2.505336959141582,-357.420395,24.615527,40.980013572167366,10.8
1106,2.287188883655689,2.5755418895141866,1.1960872643580778,471.893112,669.385058,22.30555962129982,10.8
1107,2.513735251745964,2.574513302271196,1.448978320813076,-497.229091,650.786214,33.48223793564898,10.8
1108,2.789500075683672,3.0477491116490074,1.8258637672464,280.992421,-59.196698,12.02990848076358,10.8
1109,2.5558656414047456,2.675666525802478,2.8928944031676007,-471.581924,227.781214,37.615868363056336,10.8
1110,2.759386889840944,2.5984693986060132,1.7597106175572659,-513.597637,474.324664,35.006330431396385,10.8
1111,2.420352267470596,2.5857385976522376,1.3282831592291438,506.808183,545.797825,21.120154350043222,10.8
1112,2.651515774505999,2.8836763457515677,1.5977062564342184,-345.908727,10.466123,41.319897118017764,10.8
1113,2.647797599080027,2.5534550244147662,2.509441786189478,-199.895674,906.464937,29.640007088061964,10.8
1114,2.556434538865285,2.6920810817921317,2.8853478598683013,441.640599,213.3191,17.833241966345753,10.8
1115,2.578164779327911,2.586415648601078,1.5315658834177306,501.321978,519.530876,20.950810740441128,10.8
1116,2.77894353806904,2.546282321785671,1.8189767183461034,75.469303,925.170982,27.006260701233685,10.8
1117,2.6506693189837085,2.5461690517494713,2.559284305984678,100.539307,922.783187,26.76682920754829,10.8
1118,2.2394376622329517,2.588190679280126,1.1593145005374603,495.020211,493.681486,20.78146712882785,10.8
1119,2.6826687309941515,2.698023053125815,1.6664914178610961,-432.447196,194.823491,37.85137582158387,10.8
1120,2.3551366764972985,2.6725210393803045,1.3142480697381538,450.144553,232.439064,18.068749435503186,10.8
1121,2.55714707301871,2.613766980342572,2.3651641104307912,494.773571,365.904378,19.48179416476949,10.8
1122,2.4821142158217695,2.540699431316791,3.0818515521403524,-100.539307,922.783187,28.68228112831155,10.8
1123,2.475181700026689,3.495575363752926,1.4510224242768746,-110.184705,-169.016318,50.350713172888504,10.8
1124,2.653869320430747,2.5391992657782705,2.55095795731446,-75.469303,925.170982,28.442849634626157,10.8
1125,2.2585205510080226,3.0673510088530387,1.2012511498431038,265.61064,-71.092254,11.554313113624403,10.8
1126,2.7476675919291287,2.557792502549857,1.817074334097829,-517.088305,601.600204,33.99026876166565,10.8
1127,2.4820109309759966,2.53675860834348,2.7101496926090904,150.43891,915.972213,26.287966230310218,10.8
1128,2.7686726731516855,2.614672391965679,1.7968533260196493,488.641895,341.583607,19.246286714849077,10.8
1129,2.5580210819566664,2.6325085912783717,2.3515952900782815,474.515306,295.328951,18.775271803122287,10.8
1130,2.4819615467854685,2.6221853241089006,3.108772172785109,481.575838,317.858455,19.010779264772637,10.8
1131,2.327469923046527,2.6406759178817367,1.2539402790707808,466.60634,273.409409,18.539764346349344,10.8
1132,2.6574141137819596,3.6512670852830693,2.4726617220317,-2.076739,-184.495123,55.34977737038578,10.8
1133,2.2143288515114894,2.5378569940732407,1.148775765344425,-417.228196,765.702674,32.12748904548879,10.8
1134,2.559074918093948,3.6446285175264213,2.853062526074432,19.282359,-183.496468,0.9239664683866131,10.8
1135,2.5354720133529196,3.1055805190146626,1.538785033890336,249.797449,-81.511752,11.078717740661425,10.8
1136,2.603781931619949,2.806120519108013,1.6140855416958544,-368.990525,39.736038,40.64013002474591,10.8
1137,2.758720281086186,2.5474440853941807,1.767864097458447,493.624908,620.997239,21.797528791358104,10.8
1138,2.2133342086299734,2.6440298559055826,1.1621281016228826,458.758848,252.614553,18.304256883163106,10.8
1139,2.661319302013678,2.9212795555650133,2.4446270976146423,-316.468795,9.575362,41.31989712237894,10.8
1140,2.4818508842491704,3.4750177387347634,2.8692799927142367,124.209521,-158.994276,5.852602441010262,10.8
1141,2.212206513420525,2.522604989354058,1.1667646281416315,-150.43891,915.972213,29.161144105549628,10.8
1142,2.439621580544951,2.5225793216121124,1.4511518728075665,125.535309,919.716178,26.527397714886845,10.8
1143,2.2993435716304855,2.528728372316021,1.253797499958214,387.541927,781.147366,23.6603085075007,10.8
1144,2.6655993706411847,3.6343021787023715,2.479525579357775,-19.282359,-183.496468,54.52514386747323,10.8
1145,2.560327324572959,3.152592860829896,2.8375783666640757,233.666661,-90.445085,10.603122398783754,10.8
1146,2.736096058632642,2.6738270925543137,1.8621413110782579,421.438058,217.616023,18.068749423143842,10.8
1147,2.7491143142892898,2.5309157658497377,1.7814735080195196,-446.179617,717.259962,32.63551988115672,10.8
1148,2.6702675378790888,2.6845186268299708,2.452626976788644,430.395706,153.808899,16.891212154082467,10.8
1149,2.2307142671065474,2.7708199756876213,1.2084381301974398,-379.907388,55.782013,40.300246460374794,10.8
1150,2.739878167996811,3.623376996339496,1.802094416174429,36.319736,-180.896766,1.7485999636573268,10.8
1151,2.633521615450089,2.528973652352552,1.6915574957766968,445.862175,686.998098,22.644246847319664,10.8
1152,2.5617973507277014,2.749832864836965,2.550358314483777,-390.819919,72.855883,39.96036291948488,10.8
1153,2.209187877203322,2.8622688208227753,1.1823251091164446,-333.855621,-2.759731,41.65978066662998,10.8
1154,2.675335539341424,3.2048225300058393,2.3118836290195373,217.331826,-97.890091,10.127527060443931,10.8
1155,2.7010240280283657,2.536623571099996,1.8110901267365016,-512.389357,573.494767,34.15961237110386,10.8
1156,2.4819845574276713,2.5107642051514287,2.163958624235175,-125.535309,919.716178,28.921712620972997,10.8
1157,2.4962706146670217,2.5245771741371232,1.5445449008922882,-471.893112,669.385058,33.14355071456003,10.8
1158,2.7310309361181124,2.5200626905680075,1.8361387568428063,418.330715,733.851154,23.152277672040192,10.8
1159,2.2725934942423316,2.5563494938991567,1.2576309089409485,-488.856315,469.172661,34.83698681655455,10.8
1160,2.6808134335105307,2.7261892383486876,2.2816072403335528,-400.96128,90.849153,39.6204793610121,10.8
1161,2.664889415867391,3.2717652546491074,1.7579999752374744,188.567907,-124.862276,8.700741004800854,10.8
1162,2.4821360059952404,3.6120002552792614,2.9608646790940667,-36.319736,-180.896766,53.70051037220251,10.8
1163,2.563504211407939,2.508931322572735,2.574461386615545,322.064483,839.63403,24.492230054536442,10.8
1164,2.724723548588567,2.530387363427749,1.8720621788682827,490.00779,592.732205,21.62818518465886,10.8
1165,2.7225876832325397,2.705982741140728,1.8761253175343804,-411.016625,109.924805,39.2805958238383,10.8
1166,2.4043729259455504,2.5600008366259304,1.452818880900542,-464.507542,463.251335,34.667643206936475,10.8
1167,2.6867094042101693,2.5531510329678455,2.1963939707945954,470.494784,487.583984,20.950810740712626,10.8
1168,2.560034110919643,2.5339694716021057,1.6286917847035662,-506.808183,545.797825,34.32895598581662,10.8
1169,2.693029538704475,2.825977427793484,2.0597762073139716,344.077676,37.053211,14.808980322886995,10.8
1170,2.714559721440414,2.557922106731879,1.9221821440801135,446.391133,480.732786,21.120154355290026,10.8
1171,2.699777605213619,3.6069423984575457,1.991691911830051,53.040215,-176.7187,2.5732334409928264,10.8
1172,2.7069548480253176,2.68672203188636,1.9815360217108904,-420.177118,129.90405,38.94071227969821,10.8
1173,2.565467186583201,2.4977988537881077,2.792484313011932,50.343751,926.877807,27.245692185366188,10.8
1174,2.7135956624958175,2.527419353460879,1.868629310509655,-501.321978,519.530876,34.498299595418715,10.8
1175,2.2450781213814697,2.7891233286932846,1.2649612562339192,354.466395,52.046497,15.148863854691818,10.8
1176,2.5677054652581894,2.490426794944355,2.6424441042783213,-50.343751,926.877807,28.20341815049365,10.8
1177,2.4576175354674787,2.489690885071918,1.5497966048559937,25.181143,927.902404,27.485123674332485,10.8
1178,2.483105841184253,2.4945748411169126,2.4838432513996986,-387.541927,781.147366,31.788801828359144,10.8
1179,2.2017617608026296,2.5278552100374925,1.224162649862741,-495.020211,493.681486,34.66764320703199,10.8
1180,2.181929943604085,2.5157474996381413,1.1919649986437246,485.493422,564.841515,21.45884157223943,10.8
1181,2.5852918830884315,2.484436840845627,1.7138673442022938,-25.181143,927.902404,27.963986661527358,10.8
1182,2.181342624028966,2.5191516197167205,1.200961340484707,481.019087,538.383409,21.28949795737084,10.8
1183,2.3663955220896473,2.9195681198238033,1.4587524012388988,-295.829247,-45.843164,42.9436065258824,10.8
1184,2.5702380297709753,3.418104297690513,2.574654877028825,-124.209521,-158.994276,49.59650789484958,10.8
1185,2.517041817456663,2.5008164465429767,1.640848218643938,469.434548,639.479731,22.136216019751842,10.8
1186,2.7027525625100046,2.4869317426816124,1.8487963912171517,357.284924,795.441661,23.998995727902063,10.8
1187,2.179254364438641,2.517943511408026,1.2123538989967193,475.713769,512.311263,21.120154348157136,10.8
1188,2.573083494194563,2.496490834798715,2.7357730982665256,-493.624908,620.997239,33.65158154450174,10.8
1189,2.333668728753818,2.5443744092519305,1.4347300056276833,-494.773571,365.904378,35.96731617109036,10.8
1190,2.6151446078209384,2.948724356436386,1.7851218369720379,-280.992421,-59.196698,43.41920185509626,10.8
1191,2.647010391266794,3.567183195609331,1.847761738632627,-53.040215,-176.7187,52.87587689486701,10.8
1192,2.21851848911299,2.476582321601552,1.278509893109407,-322.064483,839.63403,30.956880281323404,10.8
1193,2.422042098095829,2.61056894068655,1.5506623705525804,-441.640599,213.3191,37.61586836951409,10.8
1194,2.1774768099586557,2.6361441174308666,1.221367026151543,388.036544,241.506278,18.775271800251673,10.8
1195,2.576259948774292,2.4809989055314197,2.714483260064503,-418.330715,733.851154,32.29683266381965,10.8
1196,2.6922292433272648,2.4847270334955414,1.8003269583061061,-445.862175,686.998098,32.80486348854018,10.8
1197,2.30697856070404,2.5946628806969416,1.311376273474161,-450.144553,232.439064,37.380360900356656,10.8
1198,2.4851885420433395,2.5211010181850297,2.3239331159617382,427.617324,497.506261,21.458841572075244,10.8
1199,2.4095384476897843,2.5430043661824695,3.2657701897383946,-488.641895,341.583607,36.20282362101077,10.8
1200,2.409532173576194,2.469637755340116,3.265917541054454,-12.198877,899.200769,27.84427090825119,10.8
1201,2.409518548057567,3.554583113815574,3.266367839904817,69.297907,-170.998723,3.397866963495712,10.8
1202,2.4095009196652772,2.4761809365506533,3.265646618332143,389.865736,749.361603,23.4909648994891,10.8
1203,2.4094763151111263,2.479342286233976,3.262682997976125,419.174616,703.599394,22.98293406895877,10.8
1204,2.5797848087958144,2.9777860144786272,2.692543172390764,-265.61064,-71.092254,43.89479722223544,10.8
1205,2.409420601762062,3.3877389742852984,3.2627833774418344,137.327685,-147.811677,6.606807665196072,10.8
1206,2.4776256134791272,2.5459260655387856,1.6472324950192871,-481.575838,317.858455,36.438331071087205,10.8
1207,2.6820557697960528,2.463820334203464,1.8175864704169578,12.198877,899.200769,27.604839427608653,10.8
1208,2.2798905656405553,2.5540155570218666,1.304929107568993,-474.515306,295.328951,36.673838532737555,10.8
1209,2.4862124632126843,2.731511609039439,2.7180215289430643,364.838675,68.01251,15.488747406177417,10.8
1210,2.54112534296742,2.5634575216885835,1.7293842442929677,-466.60634,273.409409,36.9093459895105,10.8
1211,2.4093652020958327,2.80053954887069,3.2024001253672654,333.078055,22.939071,14.469096760873597,10.8
1212,2.5836746286177004,2.4823289238359503,2.6180419979495437,466.904588,611.096725,21.966872399665505,10.8
1213,2.1732482263472317,2.57071667402941,1.2445012663617787,-458.758848,252.614553,37.144853452696736,10.8
1214,2.664734608490862,3.018013394762709,1.991305462140076,-249.797449,-81.511752,44.37039259519842,10.8
1215,2.386822044226232,2.480198812166074,1.5504641488946707,-490.00779,592.732205,33.82092515120098,10.8
1216,2.4093287692226713,3.0683616663052686,3.114716056447568,-233.666661,-90.445085,44.84598793707609,10.8
1217,2.6722575570821046,2.703478818918309,1.8409653493955276,374.488409,84.850973,15.828630973581994,10.8
1218,2.5879449386632762,2.4594491820933033,2.639595960274337,-357.284924,795.441661,31.45011460795778,10.8
1219,2.190883725854901,2.600186867821234,1.2854882011997482,-421.438058,217.616023,37.380360912716,10.8
1220,2.2542793278470823,3.1270416630453703,1.2935416169337934,-217.331826,-97.890091,45.32158327541592,10.8
1221,2.4093346794863986,2.678608257213954,3.0231187754169326,384.054727,102.71395,16.16851451695807,10.8
1222,2.5926100548047377,2.4546719909553363,2.6132643530930273,326.501746,808.564508,24.33768295741308,10.8
1223,2.170240076995721,3.1933820504555217,1.2596950992725124,-188.567907,-124.862276,46.74836933105899,10.8
1224,2.662855605422565,2.493765091693783,1.875232757282291,-470.494784,487.583984,34.498299595147216,10.8
1225,2.5663437967941003,2.5128741064603077,1.8119505253645907,474.54895,391.778247,19.95280908570932,10.8
1226,2.6292202470476114,2.5807945213669514,1.938881530459094,429.631676,236.57574,18.304256888652247,10.8
1227,2.5976828879772906,2.497050014374753,2.450835323282422,-446.391133,480.732786,34.328955980569816,10.8
1228,2.6538667823792785,2.6055998129894316,1.9187292078125346,-430.395706,153.808899,38.55789818177738,10.8
1229,2.4094108703719996,3.520125629653705,2.94590167995917,-69.297907,-170.998723,52.05124337236413,10.8
1230,2.653050438828439,2.5661154187859596,1.9159005106211686,437.103519,256.122141,18.539764346457687,10.8
1231,2.4388028899259595,2.653739301093023,1.6514922998899169,392.781412,121.434257,16.508398053682832,10.8
1232,2.148837032357218,2.487601912739076,1.2337658795275492,451.440354,505.277241,21.289497964605197,10.8
1233,2.596601647446559,2.516173230651822,1.8830078902529361,469.723457,367.164998,19.71730162000886,10.8
1234,2.603174744589807,2.469675130591268,2.4292242726994098,-485.493422,564.841515,33.99026876362041,10.8
1235,2.6453040636624605,2.4582010723802195,1.9677421248332165,-469.434548,639.479731,33.312894316108,10.8
1236,2.49053937830508,2.6336082375711434,2.6370537165947145,401.339046,141.22712,16.84828161510257,10.8
1237,2.2279600666366273,2.4415309838629597,1.2959467440494357,252.73324,863.039249,25.210524523684732,10.8
1238,2.6090951260236057,2.540315431302351,2.3373371488579955,451.356201,297.912339,19.01077925345875,10.8
1239,2.1477578594054396,2.5304406599573688,1.2474553962664512,458.084552,320.222591,19.246286717627513,10.8
1240,2.637176783202681,2.4710188679985534,2.026862987937463,-481.019087,538.383409,34.159612378489,10.8
1241,2.6154515184193845,2.519828356268632,2.2481434018186284,463.933138,343.096674,19.481794172218663,10.8
1242,2.4977534880814467,2.4465833462884583,1.7427070704454282,-389.865736,749.361603,31.958145436370742,10.8
1243,2.6294908897622573,2.5478185804805427,2.094773599375459,444.629236,276.728451,18.775271795686237,10.8
1244,2.409589625549477,3.5102191766513915,2.8670208679518963,84.950959,-163.786745,4.22250045518744,10.8
1245,2.6222491734823477,2.8151080792735415,2.0991474425451,72.514394,308.197742,25.68525387723919,10.8
1246,2.1465364909153193,2.453177880025603,1.253625384370563,444.552852,657.020459,22.474903231026012,10.8
1247,2.4924654780048763,2.4605923625315325,2.9361536951360985,463.463674,583.053362,21.797528795025578,10.8
1248,2.4099073436485674,2.442507849830537,2.7995474485950256,-419.174616,703.599394,32.46617626690108,10.8
1249,2.1637885253507063,2.4677847293958144,1.294814214646096,-475.713769,512.311263,34.328955987702706,10.8
1250,2.2026885099926137,2.572118323318376,1.2977356136987497,409.228673,239.78879,18.539764347868093,10.8
1251,2.403145023894936,2.4350634372824342,1.654539072241884,360.826601,763.768465,23.829652123071526,10.8
1252,2.1432778561264603,2.6022935011621278,1.2703749239250135,408.934948,161.852035,17.188165154024134,10.8
1253,2.4104042322278363,2.453894987946889,2.7345831678920596,460.007797,556.443064,21.62818518813124,10.8
1254,2.521679375213106,2.795953499517667,1.834389424089718,-72.514394,308.197742,29.763856458620648,10.8
1255,2.6116857636623463,2.4711790029279306,2.0289182387817886,-427.617324,497.506261,33.990268763784606,10.8
1256,2.4971617864591553,2.4241635013244807,2.4871434977875406,295.237729,820.496579,24.67637017426574,10.8
1257,2.1408125310272688,2.4228132650056597,1.284604861923575,-326.501746,808.564508,31.111427378446766,10.8
1258,2.4580417943648474,2.7261769645606138,1.7543346069094592,-344.077676,37.053211,40.64013001297285,10.8
1259,2.411123975219919,3.3179342478317917,2.6783508346792058,-137.327685,-147.811677,48.84230267066376,10.8
1260,2.499970929650873,2.4255680907236443,2.8151659434037994,391.869738,719.164497,23.321621283751092,10.8
1261,2.5780890994469767,2.69634615865956,1.9769463666714793,-354.466395,52.046497,40.30024648116803,10.8
1262,2.54715990886771,2.448152930027459,1.9152681797119868,455.706741,530.186557,21.45884157010697,10.8
1263,2.1764042103468677,2.410799602111058,1.3092348255865687,-252.73324,863.039249,30.238585812175106,10.8
1264,2.367892735925952,2.567952493142999,1.6572792057814432,-388.036544,241.506278,36.67383853560817,10.8
1265,2.3087210896537607,2.430480134899923,1.5668509331533977,-466.904588,611.096725,33.482237936194345,10.8
1266,2.6198309517019567,2.4302812217765384,2.2217375213105024,443.113774,628.561282,22.305559623206754,10.8
1267,2.2829139018105384,3.462223634288344,1.396113160787224,-84.950959,-163.786745,51.2266098806724,10.8
1268,2.4121133490308226,2.4542223150680686,2.6283896056495695,408.213762,513.547057,21.797528785278686,10.8
1269,2.1353205712225463,3.3025234618051322,1.313324682373873,149.443445,-135.550145,7.361012965159773,10.8
1270,2.6094765937479614,2.4166810150158726,1.7890377360821994,-444.552852,657.020459,32.97420710483383,10.8
1271,2.3412313981105077,2.403139877640533,3.4526750970720674,-295.237729,820.496579,30.772740161594104,10.8
1272,2.3412252172435117,2.406828411475138,3.4581754157993445,-360.826601,763.768465,31.619458212788317,10.8
1273,2.341214409228462,3.1259241945749303,3.457864110413706,200.905709,-103.852489,9.65193167869343,10.8
1274,2.2568042527932253,2.4020364861929173,1.3796194828538442,263.538915,831.220304,25.01505739259023,10.8
1275,2.3411972197296387,2.8152761568427866,3.4532973964488356,299.044121,-13.75328,13.456694521361612,10.8
1276,2.594552349710551,2.852628916543616,2.116950856649214,285.729901,-28.625396,12.98109918180569,10.8
1277,2.418971389207543,2.4136383860828463,1.7634146444414711,419.016461,673.593592,22.813590454676515,10.8
1278,2.3411780447334025,2.43985145553615,3.4520588694489724,-451.440354,505.277241,34.15961237125465,10.8
1279,2.4778477759621316,2.656866522361929,1.8537335861798636,-364.838675,68.01251,39.960362929682425,10.8
1280,2.51046634889022,2.4592696449772906,2.7344159688911263,-474.54895,391.778247,35.49630125015052,10.8
1281,2.3411539206925944,2.4034959456373226,3.4545976984494535,331.256076,777.050523,24.16833934342639,10.8
1282,2.4134217866800487,3.4486678194304945,2.5846835624659112,99.862795,-155.145691,5.047133951311295,10.8
1283,2.341106933891186,2.888435751235286,3.3954461591516525,271.717046,-42.106618,12.505503810483148,10.8
1284,2.150748438528466,2.7219964987562224,1.3251937890789895,-333.078055,22.939071,40.980013574986245,10.8
1285,2.2322973150911234,2.4034950898877177,1.3536617140764524,-391.869738,719.164497,32.12748905210875,10.8
1286,2.131576328621394,2.417467161960669,1.333396642700437,440.751382,600.406545,22.136216017796386,10.8
1287,2.514712193793486,2.433435341566873,2.8029940369845625,431.721087,522.226375,21.628185185521815,10.8
1288,2.341072913906992,2.414645510207269,3.298646220365876,-463.463674,583.053362,33.65158154083427,10.8
1289,2.5899913679720625,3.0416114626836936,2.3776784749940734,226.601176,-73.942544,11.078717740273952,10.8
1290,2.415100889248518,2.45666790853211,2.6064802277768298,-469.723457,367.164998,35.73180871585098,10.8
1291,2.34107342455057,2.624155938928077,3.2049876623662263,-374.488409,84.850973,39.62047936227785,10.8
1292,2.559782270739308,2.4137597167845564,2.076399833866616,438.319054,573.683243,21.966872396660214,10.8
1293,2.2071623769791833,2.3944137843510656,1.3476841266486215,363.987752,733.670486,23.660308509927695,10.8
1294,2.50192267628824,2.50067366595748,1.9396496151451057,-437.103519,256.122141,36.909345989402155,10.8
1295,2.5808940414498682,2.9222872626715035,2.007434323314992,257.116499,-54.166756,12.029908461578216,10.8
1296,2.3831543065108423,2.5087710583781466,1.7666248306668098,-429.631676,236.57574,37.144853447207595,10.8
1297,2.5299055169013362,2.5998783176450146,2.6386442291052425,-384.054727,102.71395,39.28059581890177,10.8
1298,2.341134790441889,2.4093854826328553,3.116163926835545,-460.007797,556.443064,33.8209251477286,10.8
1299,2.5779448123456894,2.9695842102492724,2.205054635239587,242.040322,-64.783519,11.554313127307992,10.8
1300,2.527943487182891,2.413591444338946,2.0171708946020392,435.028594,547.281045,21.7975287870334,10.8
1301,2.4172038654885997,2.4551376099786406,2.6825343193157054,-463.933138,343.096674,35.967316163641186,10.8
1302,2.556305364675114,2.37835576987496,2.5604759754959394,-263.538915,831.220304,30.434052943269617,10.8
1303,2.5490244392745174,2.461830188904902,2.247023219268579,-458.084552,320.222591,36.20282361823232,10.8
1304,2.437758093900586,2.5768763552363376,1.8659042263097632,-392.781412,121.434257,38.94071228217701,10.8
1305,2.1831808926075964,2.4699014959282106,1.3322614365998005,-451.356201,297.912339,36.43833108240109,10.8
1306,2.3412879175947072,2.4276823274810586,3.034810796779004,458.646787,440.17951,20.61212351277392,10.8
1307,2.097174449895677,2.4064620631156215,1.3260192136829565,-455.706741,530.186557,33.99026876575287,10.8
1308,2.123789254280738,2.373199073164925,1.3564253980305312,231.451986,840.719889,25.353744617016822,10.8
1309,2.41978495406898,2.668542988897073,2.7514716904661283,340.206143,63.420562,15.488747413391295,10.8
1310,2.3415680475674,2.385755149499216,2.955627492966662,418.670385,645.100155,22.644246847560787,10.8
1311,2.095268325124776,2.4709469766378085,1.3361151321751257,-444.629236,276.728451,36.67383854017361,10.8
1312,2.347797357874407,2.3620920920918613,1.767776694006391,85.266483,895.232072,26.886544953750565,10.8
1313,2.1582577963091722,2.545889436701263,1.3367070085259496,-401.339046,141.22712,38.60082872075728,10.8
1314,2.561968307056635,2.3601176304478115,2.287545893822627,157.769523,885.335876,26.168250486498323,10.8
1315,2.3420144863979218,2.378097914418178,2.88780443271518,-443.113774,628.561282,33.14355071265309,10.8
1316,2.422898741513731,2.4976092234156817,2.8002065436969175,-409.228673,239.78879,36.90934598799175,10.8
1317,2.541835499450377,2.3645779256193102,2.169120826947899,-331.256076,777.050523,31.280770992433457,10.8
1318,2.118735380102059,2.355687182038115,1.4027224375143432,-85.266483,895.232072,28.562565382109277,10.8
1319,2.4575538408489646,2.3629794070799877,1.9635376397819544,301.19771,789.188218,24.507026562676153,10.8
1320,2.398358151024593,2.4144963948185887,1.8757545390015051,452.972823,416.536339,20.423824003291422,10.8
1321,2.090752183516197,2.6294972886051684,1.3604630915988245,349.410305,79.168817,15.82863097135376,10.8
1322,2.342670290598629,2.3978473716322743,2.819737164516631,-408.213762,513.547057,33.65158155058116,10.8
1323,2.4265994566152695,2.5185962300116054,2.844102831885877,-408.934948,161.852035,38.26094518183571,10.8
1324,2.482064561290568,3.3785297258460636,2.0501559472673123,-99.862795,-155.145691,50.40197638454855,10.8
1325,2.134054295787462,3.224821993607324,1.3362384579380941,-149.443445,-135.550145,48.08809737070007,10.8
1326,2.5088777756440277,2.3618519762088983,2.1210004442976853,-419.016461,673.593592,32.63551988118333,10.8
1327,2.5467094446983416,2.414983634892427,2.3718470187706453,449.467256,391.700712,20.188316543496484,10.8
1328,2.087553961153734,2.3467427408714494,1.3761256974511975,-231.451986,840.719889,30.09536571884302,10.8
1329,2.3097434040416283,2.457170147799571,1.7755607827131394,422.817623,279.075787,19.010779252590844,10.8
1330,2.343581879310415,2.46799790065519,2.7665525801841717,416.39917,259.158616,18.775271799916013,10.8
1331,2.2807553988930347,2.3404327795438533,1.733562406338536,-157.769523,885.335876,29.280859849361523,10.8
1332,2.4309401915002837,2.351605137076006,2.8658824523724102,-363.987752,733.670486,31.78880182593215,10.8
1333,2.255661160629951,2.3522267226555575,1.5168349663265923,392.862983,689.174722,23.152277682256646,10.8
1334,2.524382643221104,2.337904193348944,2.266323484407821,199.024197,848.981344,25.692431843010127,10.8
1335,2.3622995591332954,2.358807724345305,1.8840829218659048,417.389995,616.875508,22.474903235707586,10.8
1336,2.5322374288544216,2.3752112968805448,2.4467991258515216,411.366023,538.406425,21.96687240998959,10.8
1337,2.435972074394441,2.4183567046984704,2.8803479025600587,440.349183,344.204244,19.717301633522368,10.8
1338,2.344798622668824,2.427347841871289,2.7125398332704984,434.820608,321.566821,19.48179417085433,10.8
1339,2.4170050015971034,2.3570002995365593,1.9827766127757986,-440.751382,600.406545,33.31289431806346,10.8
1340,2.230392255169418,2.4087736260003787,1.4927424303408925,444.969167,367.357762,19.952809086085587,10.8
1341,2.273118656945148,2.434068916679737,3.6624897689443205,429.233329,300.054232,19.2462867081452,10.8
1342,2.273113852918759,2.34049800883527,3.6626437392532,335.569721,747.095996,23.99899572664186,10.8
1343,2.273103509746476,2.46704238571309,3.6631295752348505,395.853813,261.278643,19.0107792663265,10.8
1344,2.108614706223559,2.370006641038612,1.3508811520432356,-431.721087,522.226375,33.82092515033803,10.8
1345,2.273090350490666,3.0337311650994394,3.6622977964303747,-200.905709,-103.852489,45.797178657166405,10.8
1346,2.273072451453453,2.6480408612805935,3.6589416930764456,330.325239,48.501838,15.14886386251952,10.8
1347,2.206880065088575,3.3500209985675955,1.4439615548651294,113.903306,-145.150956,5.871767461736013,10.8
1348,2.2730546803833027,2.333360016042089,3.6579995042512046,270.695769,800.163673,24.845713783682193,10.8
1349,2.4417433829004693,2.355812105001083,2.8743211838904634,-438.319054,573.683243,33.482237939199635,10.8
1350,2.2730347779076148,2.331922286724205,3.619872389103841,-301.19771,789.188218,30.94208377318369,10.8
1351,2.518605253118096,2.372169073679541,2.525913684838904,388.209022,528.831552,22.136216013323647,10.8
1352,2.346372361476495,2.326690788180605,2.7091890039066273,-199.024197,848.981344,29.756678492849716,10.8
1353,2.2730049964194263,3.1904955049763175,3.504593648280103,160.468361,-122.299183,8.1152182129712,10.8
1354,2.1828495647206467,2.356079359331741,1.4261282690991297,-435.028594,547.281045,33.65158154882644,10.8
1355,2.448298608813415,2.323482405043794,2.857194562900869,166.303305,855.992502,26.031119064807413,10.8
1356,2.490125697709453,2.3380706544593908,2.2240379869627325,-418.670385,645.100155,32.804863488299056,10.8
1357,2.4370858636198243,2.3477402382859336,2.0796217278873845,415.984797,590.078559,22.305559622255352,10.8
1358,2.5058509095338968,2.5701257398766444,2.5141340726277086,358.523224,95.885648,16.168514508708753,10.8
1359,2.2730027100900334,2.7562699729484343,3.40247211680956,-285.729901,-28.625396,42.468011154054146,10.8
1360,2.4556774780669652,2.718272879530486,2.8180959122616986,-299.044121,-13.75328,41.99241581449823,10.8
1361,2.3267580460626713,3.523284561007035,1.8898458830078535,16.88841,-166.398567,0.8926255048430569,10.8
1362,2.507537836300031,2.334572636061334,2.3564528677992924,393.61042,660.688988,22.98293406694456,10.8
1363,2.3483568783651254,2.349488714482829,2.794292104725171,413.709778,563.569551,22.136216018045054,10.8
1364,2.1601012381632754,2.9484240074235086,1.3948033577858716,-226.601176,-73.942544,44.37039259558589,10.8
1365,2.462295617507006,2.367688049008664,2.156878537939089,-458.646787,440.17951,34.83698682308592,10.8
1366,2.493998592232328,2.7924071438059572,2.5849138715021307,-271.717046,-42.106618,42.943606525376694,10.8
1367,2.463913924412425,3.5185817015225194,2.765160954390689,-16.88841,-166.398567,54.55648483101679,10.8
1368,2.273052491507159,2.544655934859567,3.295072821376743,366.848605,113.416742,16.50839806975695,10.8
1369,2.483059899988373,2.3145876505819074,2.6470547205094883,-166.303305,855.992502,29.417991271052426,10.8
1370,2.473035024206584,2.525102468709907,2.7091424614497015,375.011978,131.962893,16.848281613306547,10.8
1371,2.048888647275857,2.317949465664181,1.3824656921915999,-270.695769,800.163673,30.60339655217765,10.8
1372,2.3771932232341793,2.312691835498062,1.9986357115980395,133.337498,861.743039,26.369806286156383,10.8
1373,2.048044140847315,2.319602700406859,1.3902688734323425,-335.569721,747.095996,31.450114609217984,10.8
1374,2.2731837117074805,2.8291900409097632,3.202335159547368,-257.116499,-54.166756,43.41920187428162,10.8
1375,2.3508073034748973,2.3203920372100697,2.871380455616088,-392.862983,689.174722,32.296832653603204,10.8
1376,2.136503657723275,3.506621066282023,1.3890894623295562,33.918469,-163.778018,1.802182473497929,10.8
1377,2.273430304714507,2.8724451533640076,3.1067727017793123,-242.040322,-64.783519,43.89479720855185,10.8
1378,2.491396409054464,2.308844917328521,2.4477893873741854,306.657495,759.421257,24.33768295482831,10.8
1379,2.3537794571201474,2.336876274333706,2.9321791846991574,390.40514,553.793562,22.305559622816105,10.8
1380,2.2885440300867343,2.3015825375042414,1.8978675309920838,239.795174,809.960726,25.184401005043732,10.8
1381,2.042689020956554,2.490530080121699,1.4210688849165243,382.272236,151.299222,17.188165161853348,10.8
1382,2.1137308752683515,2.3188821785568146,1.3699837536384845,-417.389995,616.875508,32.974207100152256,10.8
1383,2.4718300089133654,2.35359487831445,2.325205672034626,-452.972823,416.536339,35.02528633256843,10.8
1384,2.2738305179985288,2.3081119435488993,3.0225650922362477,366.130936,703.740903,23.490964899390974,10.8
1385,2.3960004355536206,2.296007656147083,2.100579472103382,-133.337498,861.743039,29.07930404970346,10.8
1386,2.3408088419079824,2.33029925040577,2.007023015912578,-411.366023,538.406425,33.48223792587026,10.8
1387,2.0670672138864257,2.2926969133846065,1.4875484295174712,100.175325,866.224484,26.708493501554187,10.8
1388,2.040145921399483,3.481041986767425,1.4355185424440635,-33.918469,-163.778018,53.646927862361906,10.8
1389,2.3573291681595734,2.467294690909827,2.9807596099603852,389.281408,171.691916,17.52804870875471,10.8
1390,2.274426615825952,3.289775237570716,2.940068622023375,-113.903306,-145.150956,49.57734287412382,10.8
1391,2.4760359011648885,2.5746875785304963,2.5333569007716337,-340.206143,63.420562,39.96036292246855,10.8
1392,2.442786956527334,2.308051297907084,2.270087771951024,393.413916,632.435997,22.81359046140851,10.8
1393,2.4166408840261706,2.3503735452435444,2.1947569691354154,-449.467256,391.700712,35.26079379236336,10.8
1394,2.0898003897331505,2.284276848320989,1.3758891790727217,-100.175325,866.224484,28.74061683430566,10.8
1395,2.3615114710954113,2.2827602020696105,3.0151691751418204,66.865623,869.43024,27.047180724725337,10.8
1396,2.2752645022206894,3.465022380245593,2.865991811451628,50.588544,-159.419261,2.711739405533404,10.8
1397,2.2503425721076193,2.436698281462957,1.9063048615833023,395.267673,192.84019,17.86793225954718,10.8
1398,2.4615171876936395,2.301608903319603,2.6167024223627404,393.037918,605.604864,22.644246843524826,10.8
1399,2.3663798221634282,2.279030800264142,3.0330640066966064,-239.795174,809.960726,30.264709330816114,10.8
1400,2.4541138359674095,2.383273347291695,2.4267110549979733,-422.817623,279.075787,36.438331083269,10.8
1401,2.3049990439826984,2.316970399476746,2.013045226393353,-388.209022,528.831552,33.312894322536195,10.8
1402,2.276393328096377,2.5364112182416068,2.7976819129810395,-349.410305,79.168817,39.62047936450609,10.8
1403,2.225735043645547,2.3914640590936407,1.6889031671774755,-416.39917,259.158616,36.67383853594383,10.8
1404,2.3556967903915247,2.3148957770714693,2.1208955029178918,346.514697,557.042745,22.813590458112188,10.8
1405,2.371985187145021,2.2723848619815215,3.0393251680141815,208.541432,818.564948,25.523088227433632,10.8
1406,2.2011064977705503,2.3391296255303753,1.6509730764009352,-444.969167,367.357762,35.496301249774255,10.8
1407,2.2090171791573536,2.266925924219181,3.8687966704267,-66.865623,869.43024,28.401929611134506,10.8
1408,2.0119721972963855,2.346733207921688,1.4353828191741467,-440.349183,344.204244,35.731808702337474,10.8
1409,2.4478855668786985,2.2668206725513977,2.6962818729314173,33.457448,871.355583,27.385867945373718,10.8
1410,2.2090126691857472,2.2742452204736905,3.8749444311917367,277.293655,770.628117,24.676370172544644,10.8
1411,2.209004878337868,2.2823854439643387,3.874575037555227,-393.61042,660.688988,32.46617626891529,10.8
1412,2.2089927731753596,2.2913881821052113,3.8694280074672776,-415.984797,590.078559,33.14355071360449,10.8
1413,2.208979753603047,2.353514270154379,3.8680062706958287,-434.820608,321.566821,35.96731616500551,10.8
1414,2.178413359384766,2.271700993437008,1.5719836646764824,-306.657495,759.421257,31.111427381031532,10.8
1415,2.029388946331001,2.294959837924834,1.4918493772481323,391.781692,579.028087,22.474903236727684,10.8
1416,2.277865010315239,2.2635913441239452,2.735137642583787,-33.457448,871.355583,28.06324239048612,10.8
1417,2.208964323651152,2.2635521348217327,3.830601198450305,-0.0,871.99768,-27.72455516792992,10.8
1418,2.378375138610249,2.3611285078279574,3.02499392525544,-429.233329,300.054232,36.20282362771465,10.8
1419,2.2089511796487598,3.1048306196985007,3.774748146594274,-160.468361,-122.299183,47.33389212288864,10.8
1420,2.2089395151940048,2.303592096749469,3.7110557030482347,367.632566,543.337236,22.47490324128416,10.8
1421,2.435171949578045,2.3910390483910207,2.682750349922634,-395.853813,261.278643,36.43833106953334,10.8
1422,2.009276189043653,2.2761225598732726,1.4575983937062609,367.970784,675.304823,23.32162128757743,10.8
1423,2.423690036674776,2.940177962243392,2.3763457987557324,210.911786,-81.637382,10.603122390615496,10.8
1424,2.155340891460217,2.290542428590016,1.5451261834329992,-413.709778,563.569551,33.31289431781479,10.8
1425,2.374946986469839,3.247443456988769,2.2247123360740932,126.949985,-133.889747,6.69640095154562,10.8
1426,2.3855928575688354,3.4316042751679796,3.001507834617909,-50.588544,-159.419261,52.737370930326435,10.8
1427,2.208935826133611,2.2686979399929528,3.5990681595304106,-366.130936,703.740903,31.95814543646887,10.8
1428,2.4233939822395776,2.3123368834386304,2.7557873160242097,430.10664,440.108144,20.894838907981253,10.8
1429,2.007571381531791,2.259443605657233,1.467026457293852,-208.541432,818.564948,29.92602210842621,10.8
1430,2.3936761466070653,2.3187981875745693,2.941274203658892,427.930982,415.12087,20.65933145715171,10.8
1431,2.4370813665111926,2.562275549585064,2.522223204210848,-330.325239,48.501838,40.30024647334032,10.8
1432,2.279733740897842,2.291548542368323,2.758874730767413,-390.40514,553.793562,33.14355071304374,10.8
1433,2.133704982445767,2.2585480586259177,1.4899589802612276,176.980571,825.963668,25.861775446487513,10.8
1434,2.4125572355059166,2.2658181032863354,2.8201576544247238,338.859687,717.270684,23.829652121942807,10.8
1435,2.402656336389237,2.3980157656431658,2.8868700979534245,400.36773,220.461612,18.304256883154565,10.8
1436,2.396397559492301,2.5984909680479737,2.312535876105817,314.793582,33.899651,14.808980332390945,10.8
1437,2.02513300949244,2.361097721088573,1.5166061759285259,407.327551,301.234632,19.48179417588269,10.8
1438,2.2089758862418982,2.2599965135868274,3.4894955164847903,-277.293655,770.628117,30.772740163315195,10.8
1439,2.318903268863545,2.2874318406881025,2.1363887977299676,368.869306,568.365127,22.64424684868399,10.8
1440,2.049766120901253,3.418582894052767,1.5836707862133874,66.721713,-153.368558,3.6212963168490546,10.8
1441,2.1113393255779362,2.3664839493900796,1.4708269509713832,401.980769,281.003414,19.24628670575808,10.8
1442,2.2090873310939103,2.267971843206285,3.3841719143241997,-393.413916,632.435997,32.63551987445134,10.8
1443,2.282055370723055,2.4869894497531915,2.8544524699829013,-358.523224,95.885648,39.28059582715109,10.8
1444,2.2093025902370615,2.248800627313418,3.2859404881269474,247.521443,780.700071,25.015057399445745,10.8
1445,2.08992538480947,2.3118277930031788,1.434961444198163,424.737933,390.572623,20.4238240028087,10.8
1446,2.42081875851756,2.368170208339128,2.6198437648686745,381.35157,282.024379,19.481794167391314,10.8
1447,2.2848868031162097,2.316407340205013,2.942958703150769,421.359709,367.20561,20.18831654061222,10.8
1448,1.999469621820173,3.0682256194006516,1.5126036972741523,170.321959,-108.155513,8.869423497826332,10.8
1449,2.405136900910414,2.3229866509960004,2.487853074793249,417.046656,344.305488,19.952809085835156,10.8
1450,2.209658649827865,2.331661827234197,3.1890491896793716,412.614974,322.525465,19.717301628116452,10.8
1451,2.3340758144262503,2.2369573350914416,2.250639982588711,-176.980571,825.963668,29.58733488937233,10.8
1452,2.0426434816739225,2.2536755051435384,1.6221536437742576,368.858456,647.065096,23.152277681339456,10.8
1453,2.0674529770764334,2.273524066453681,1.4292632760668555,-346.514697,557.042745,32.635519877747655,10.8
1454,2.2827407314496075,2.255986019973357,2.148291226776863,-393.037918,605.604864,32.804863492335016,10.8
1455,2.2882852758213166,2.2329994175742667,3.0103670879567863,145.15907,832.14599,26.200462669656424,10.8
1456,2.2101967550192754,2.448205055806367,3.103412104819026,-366.848605,113.416742,38.94071226610289,10.8
1457,1.9960538871476012,2.4301686807719234,1.5294343922027982,-375.011978,131.962893,38.600828722553295,10.8
1458,2.405395089673797,2.831155155036663,2.7071779191939647,233.240576,-49.136813,12.029908467061297,10.8
1459,2.354030223397443,2.240825514337574,2.3453583417469477,-367.970784,675.304823,32.12748904828241,10.8
1460,2.3765156415092386,2.5042910444805764,2.429947318855971,334.317088,89.411811,16.16851451716353,10.8
1461,2.2923076184788673,2.2468550014606428,3.0731131661358173,369.512212,620.239294,22.982934060776316,10.8
1462,2.2109620693087666,2.2507811792573587,3.0165390882611955,-391.781692,579.028087,32.97420709913216,10.8
1463,1.9728696182629013,2.2583855517800333,1.50333438039958,-367.632566,543.337236,32.97420709457568,10.8
1464,2.2970094217295762,2.4001165179101496,3.112526843596188,-382.272236,151.299222,38.260945174006494,10.8
1465,2.008963324667424,3.364348044823649,1.5381865529511567,-66.721713,-153.368558,51.82781401901079,10.8
1466,1.9720162131976693,2.229988228470151,1.5107668141357136,341.789236,688.926135,23.660308513949055,10.8
1467,2.390863406621215,2.2177679630582467,2.6883560493197147,-145.15907,832.14599,29.248647666203418,10.8
1468,2.3872406930059107,2.221287403425,2.591860756940012,-247.521443,780.700071,30.4340529364141,10.8
1469,2.2120032852247493,3.180037752249039,2.94463630142974,-126.949985,-133.889747,48.75270938431422,10.8
1470,2.2967930547770665,2.7572682401378414,2.2662352246494732,247.604846,-38.370072,12.50550381648101,10.8
1471,2.218108573645252,2.6246391567234397,2.1002048334816736,287.15118,2.278135,13.93228990147312,10.8
1472,2.2439626852778085,2.21945926694349,2.162132267868199,-338.859687,717.270684,31.619458213917035,10.8
1473,2.3024441775170237,2.211511081167497,3.1445823500442502,113.123793,837.102808,26.539149890520456,10.8
1474,2.377261787954887,2.375487179131948,2.6462734431778743,-389.281408,171.691916,37.92106162710514,10.8
1475,2.19372685181017,2.235650114094203,1.9173178140186233,369.276628,593.633887,22.813590457290054,10.8
1476,2.2133721722419515,2.656522799506526,2.8709426394170663,274.669885,-12.632289,13.456694529483038,10.8
1477,2.308662345270823,2.2097499938770095,3.154886624681839,217.384706,789.622286,25.353744621785943,10.8
1478,1.9666134457265807,2.580264241558265,1.5439720829434156,298.788267,18.496226,14.407885246323161,10.8
1479,2.1451220308828183,2.2125794392366362,4.100059165299294,311.089399,729.744138,24.16833933611953,10.8
1480,2.1451187698525045,2.695975463282352,4.100214590201543,261.451435,-26.193097,12.981099164139131,10.8
1481,2.1694946995324322,2.456608892143876,1.8614995746188268,342.28211,105.821642,16.50839806882189,10.8
1482,2.1451118784836525,2.204096089335738,4.100731414921654,-113.123793,837.102808,28.90996044533939,10.8
1483,2.003009683260926,2.356113198214009,1.6394569808351718,-395.267673,192.84019,37.58117807631266,10.8
1484,2.1451034072953132,2.2034799104733924,4.099768642396055,80.921918,840.826823,26.87783711540706,10.8
1485,2.3646144507089777,3.3417973441221167,2.729262362232306,82.146753,-145.690125,4.530853295038256,10.8
1486,2.145092548129713,2.253667756067106,4.069477742749918,-430.10664,440.108144,34.55427142787859,10.8
1487,2.3157103868188345,2.233804228759035,3.153651200965372,-368.869306,568.365127,32.80486348717585,10.8
1488,2.357135880776628,2.201637969023463,2.5457420837373452,-80.921918,840.826823,28.571273220452785,10.8
1489,2.14508279410715,2.8598460321457115,4.008695815297959,-210.911786,-81.637382,44.845987945244346,10.8
1490,2.147394630341444,2.2013164276695747,1.7525324693595545,48.60087,843.312551,27.21652433168949,10.8
1491,2.3125218303025563,2.2590681553657457,2.3800488285434716,-427.930982,415.12087,34.789778878708134,10.8
1492,2.1450737836632046,2.2168450987340718,3.9442830908361035,-368.858456,647.065096,32.296832654520394,10.8
1493,2.2151230724169655,2.2031179389282736,2.862674117035878,-217.384706,789.622286,30.0953657140739,10.8
1494,2.3529328597943295,2.4945085443446438,2.8332694239003717,325.613498,73.776975,15.828630964037472,10.8
1495,2.370096358638768,2.231031636118072,2.6973789938168458,346.790238,582.09966,22.98293407138101,10.8
1496,2.145069261646386,2.1987807264007295,3.8843525122081526,-48.60087,843.312551,28.232586004170347,10.8
1497,1.9825420923723913,2.1987649874679414,1.6059980003776049,16.208247,844.556331,27.55521155211332,10.8
1498,1.9640527459450348,2.2024178700392048,1.559369450755049,186.927827,797.381623,25.692431835876043,10.8
1499,2.3236297546031426,2.1985976274479007,3.1336125385661235,-16.208247,844.556331,27.89389878374652,10.8
1500,2.1250783515134493,3.1535832866135256,1.7103800983103379,138.888998,-121.460321,7.521034441593656,10.8
1501,2.333417704853498,2.213847733421684,2.4736362500759497,343.759778,660.741262,23.490964901259204,10.8
1502,2.342216866441753,2.2091418629506996,2.96650862923954,-341.789236,688.926135,31.788801821910788,10.8
1503,2.3324558328673075,2.2184401261386015,3.0770152568427944,-369.512212,620.239294,32.46617627508353,10.8
1504,2.1450707805233193,2.2626694619744363,3.8138163496525226,-424.737933,390.572623,35.02528633305114,10.8
1505,2.104376317664527,3.0065911895949746,1.6242470857358382,-170.321959,-108.155513,46.5796868380335,10.8
1506,2.1451040907208134,2.2942863847843986,3.696721984271097,-407.327551,301.234632,35.96731615997715,10.8
1507,2.2601951394170294,2.3293206935869284,2.2836410212177007,-400.36773,220.461612,37.14485345270528,10.8
1508,2.2173123316585204,2.264513159654441,2.9679908216865085,-421.359709,367.20561,35.26079379524763,10.8
1509,2.08309126534737,2.1973239003042595,1.594852866205443,-311.089399,729.744138,31.280770999740316,10.8
1510,2.1451994563467456,2.196045555098249,3.5729382136465087,282.860968,741.142897,24.507026563749363,10.8
1511,1.977424820921363,2.2689158644928424,1.6321026528879627,-417.046656,344.305488,35.496301250024686,10.8
1512,2.06290910499989,2.1966967039590615,1.5345549401220149,315.104335,701.532864,23.998995732863804,10.8
1513,2.353781475021426,2.305488210852271,2.722479380213925,-381.35157,282.024379,35.96731616846853,10.8
1514,2.14538765158447,2.293959744989614,3.464087638864892,-401.980769,281.003414,36.20282363010176,10.8
1515,2.219997676497658,2.204116321774341,3.065269699789045,345.442324,633.960297,23.32162128831547,10.8
1516,2.338380322578298,2.2686623541822164,2.662258480171129,-412.614974,322.525465,35.7318087077434,10.8
1517,2.0417934890034193,2.221496639666253,1.5141376184736461,405.042306,489.954699,21.628185186526096,10.8
1518,2.2746747628600574,2.1806283456680284,2.404162803626552,-186.927827,797.381623,29.7566784999838,10.8
1519,2.1457042240782083,2.4062710923100754,3.351209745866397,350.081627,123.190156,16.848281600543586,10.8
1520,2.2232375208694117,2.2012684166989027,3.1456552997453957,-369.276628,593.633887,32.63551987856979,10.8
1521,1.9532532656601043,3.2967666257978583,1.6179847686138793,-82.146753,-145.690125,50.91825704082159,10.8
1522,1.9333478343978492,2.174161744012791,1.5672725581790474,156.195658,803.966655,26.031119061635827,10.8
1523,2.146189251183312,2.4978945006985365,3.249616978782633,-314.793582,33.899651,40.6401300034689,10.8
1524,2.3383571874074733,2.380805479970969,2.748256170126555,357.033281,141.309916,17.18816515709519,10.8
1525,2.2210103175481626,2.1955949233672194,2.305364011744556,346.22773,607.365441,23.152277671928417,10.8
1526,2.313258607707978,2.206156177336337,2.5948573348876387,324.886515,569.927897,23.152277683166638,10.8
1527,2.2912095243717503,2.753523355040242,2.512982496995359,-233.240576,-49.136813,43.41920186879854,10.8
1528,2.2270902289440277,2.3608629250700113,3.213433638914473,363.745298,160.429257,17.528048703523837,10.8
1529,1.9306593344061014,2.214408587494527,1.588494313676387,406.015522,462.426531,21.36585382315063,10.8
1530,1.9489933560707304,2.2206983224444117,1.6436652951915276,405.175969,437.358772,21.130346371839252,10.8
1531,2.1468869892934372,2.166816454005672,3.1489067485211417,-156.195658,803.966655,29.41799127422402,10.8
1532,2.2316132974541643,2.260097151750314,3.266458804367764,390.677419,322.535566,19.95280908074568,10.8
1533,1.9289608603044521,2.167908979975827,1.5985693135423678,254.215968,751.450173,24.8457137804594,10.8
1534,2.3238691807482907,2.1629831030376043,2.703849393539675,125.23346,809.367683,26.369806278845836,10.8
1535,2.320352795073167,2.334321447837999,2.7724632497409147,369.496073,180.266937,17.86793224906596,10.8
1536,1.981565440017925,2.1721283671930327,1.7598248708711124,-343.759778,660.741262,31.95814543460064,10.8
1537,2.1478455036046538,2.163352732605846,3.0562828738611616,-282.860968,741.142897,30.942083772110482,10.8
1538,2.2368624852152017,2.218456769362256,3.3021235645117524,403.297054,412.67514,20.89483890699512,10.8
1539,2.237562679785732,2.9512705079975743,2.427841050070487,178.932315,-93.222377,9.623628766253617,10.8
1540,2.004690759787183,2.4183708552539116,1.7862568519763817,-334.317088,89.411811,39.28059581869631,10.8
1541,2.3103487065824635,2.182580527784898,2.7822616500112565,-346.790238,582.09966,32.46617626447883,10.8
1542,2.1846912071814897,2.270755935765917,2.308824295207986,365.763245,301.966916,19.95280908508667,10.8
1543,2.2428909030633664,2.220728121756616,3.3256811846556964,401.170211,389.161183,20.65933146215896,10.8
1544,2.1491162421818575,3.2582269727965176,2.968900315356831,96.699953,-136.465456,5.440410205678205,10.8
1545,2.297813651050007,2.225754117345392,2.890109016959117,398.084963,366.063579,20.42382399475661,10.8
1546,1.9585952111556504,2.2338267333926503,1.7424264723370975,394.821501,344.078153,20.188316549823355,10.8
1547,2.160259185787428,2.67004093109033,2.2069829356097226,-247.604846,-38.370072,42.943606519378825,10.8
1548,2.249748051855369,2.1561236940023267,3.3272773183163866,-315.104335,701.532864,31.450114602996038,10.8
1549,2.293683740161122,2.1590553438585327,2.722253988004815,318.154844,673.444352,23.829652118311024,10.8
1550,2.0849882070031494,2.251862525697829,4.32701072929005,386.417534,302.047921,19.717301636110207,10.8
1551,2.08498546686823,2.3038134736237814,4.333863567791974,374.915219,201.138529,18.207815794183517,10.8
1552,2.084980876996407,2.1734681780079907,4.33342163578413,324.200451,594.976933,23.321621292977397,10.8
1553,2.252729505134195,2.1455268394339475,2.5400926415496428,-125.23346,809.367683,29.079304057014003,10.8
1554,1.9209048376355564,3.0736352599815833,1.6470579553241076,-138.888998,-121.460321,47.92807589426618,10.8
1555,2.286269629194279,2.539550347381371,3.018271519678883,-287.15118,2.278135,41.51682043438672,10.8
1556,2.0849741517136167,2.5768730662465096,4.299075528916895,-274.669885,-12.632289,41.9924158063768,10.8
1557,2.2574787922765007,2.1530646481448263,3.319860722298335,287.955379,713.106444,24.337682953501535,10.8
1558,2.08496765043023,2.144344614185063,4.2343865361730915,94.08683,813.576753,26.70849350002529,10.8
1559,2.150753529400436,2.1609342350457443,2.8867753872321607,-345.442324,633.960297,32.12748904754437,10.8
1560,2.266122318188625,2.287373387046678,3.270860675575218,379.256346,222.684746,18.547699353633007,10.8
1561,2.275711063879927,2.5041223768085557,3.1774069151544215,-298.788267,18.496226,41.04122508953668,10.8
1562,2.0849614116846644,2.6165678490968474,4.168146903138377,-261.451435,-26.193097,42.468011171720704,10.8
1563,1.9739917543563423,2.384228095896275,1.8065049279749932,-342.28211,105.821642,38.94071226703796,10.8
1564,2.303139593970339,2.159970300941955,2.776616649048156,320.863702,646.747664,23.66030851208454,10.8
1565,2.1361549852405703,2.1427397592488764,2.139178674819165,-94.08683,813.576753,28.74061683583455,10.8
1566,2.084958342913176,2.1420548919788476,4.105176816089987,62.801638,816.587668,27.047180724184145,10.8
1567,2.2702960322783823,2.14467290917953,2.6461274619164254,-254.215968,751.450173,30.603396555400444,10.8
1568,2.0849600071479335,2.775881203307455,4.033182032654506,218.470005,-58.474785,11.554313116339081,10.8
1569,2.1143896003631575,2.1787635714763365,1.9900321387423194,-405.042306,489.954699,33.82092514933375,10.8
1570,2.084968339591799,2.4577561883531067,3.9712565332528507,289.689146,127.766915,17.528048711759936,10.8
1571,1.9175155469440128,2.1416390727592933,1.6645538675273304,225.196583,760.650787,25.184401004549898,10.8
1572,2.0849882174888634,2.1703577945235737,3.905481372741197,-324.886515,569.927897,32.296832652693205,10.8
1573,2.152814026681127,2.1357394547512616,2.9169960467413794,-62.801638,816.587668,28.401929611675694,10.8
1574,2.0925877116921687,2.1579746673298605,1.928446297827258,-346.22773,607.365441,32.296832663931426,10.8
1575,1.9518311491669296,2.1333762232364695,1.779823353531259,31.423958,818.395992,27.38586794664021,10.8
1576,2.0725956228877567,2.415701075388536,1.8119825420697264,-325.613498,73.776975,39.62047937182237,10.8
1577,2.085069721718975,2.132790384121789,3.779437212073287,-31.423958,818.395992,28.063242389219635,10.8
1578,1.932863980156213,2.1310834472405737,1.7335091167754964,-0.0,818.999063,-27.72455516792992,10.8
1579,2.052190364590235,2.151825161640823,1.7659859681281629,322.668941,620.202527,23.490964896378472,10.8
1580,2.155356109969625,2.161046156086336,3.03233292174999,302.779872,581.973714,23.49096490113272,10.8
1581,2.0852334265412136,3.2222588048333862,3.6570276594465336,-96.699953,-136.465456,50.00870013018164,10.8
1582,2.286810265081088,2.139887392134365,2.7998993906666274,-318.154844,673.444352,31.61945821754882,10.8
1583,2.0330617893203744,2.134442780908047,1.67437719113269,260.382351,723.629831,24.676370170497037,10.8
1584,2.2748058060861576,2.131474604196082,2.841805780381182,-287.955379,713.106444,31.111427382358304,10.8
1585,2.085513259209005,3.040580199857639,3.5413075309434716,149.616173,-107.971126,8.345667934591027,10.8
1586,2.0131507859541653,2.1669958994521163,1.6426624247079475,-406.015522,462.426531,34.08325651270922,10.8
1587,1.8914927983544474,2.1337831281079622,1.6458480811279599,292.081362,685.155659,24.168339342709366,10.8
1588,2.2150299153763076,2.1482156755812154,2.572473564116655,-324.200451,594.976933,32.127489042882445,10.8
1589,2.158439197343525,2.1724786092282558,3.1405766418111285,-405.175969,437.358772,34.31876396402059,10.8
1590,1.8906527079515068,2.123359239820276,1.6527944020166334,-225.196583,760.650787,30.264709331309945,10.8
1591,1.9269442048040426,2.337457990860209,1.7706402572850997,-350.081627,123.190156,38.600828735316256,10.8
1592,2.0859478942230782,2.1200818620107404,3.426066404431034,195.845551,768.731189,25.52308822357196,10.8
1593,2.2714184880251924,2.1419455089262684,2.858545960034738,301.133214,606.977982,23.66030850540419,10.8
1594,2.2311218163266915,2.1725435462391327,2.685803046763373,-403.297054,412.67514,34.55427142886472,10.8
1595,2.1621230015119832,2.158275694917891,3.226720139771724,380.76808,483.427937,21.8368687417195,10.8
1596,2.249920623419131,2.1458031675818274,2.778051931140515,257.262086,603.47765,24.168339340533258,10.8
1597,2.0865804522980014,2.126504493583195,3.3219540842980346,-320.863702,646.747664,31.788801823775305,10.8
1598,1.904144429184982,2.201587744127487,1.743986588410393,-390.677419,322.535566,35.49630125511416,10.8
1599,1.885339860669363,2.308398409822572,1.687308457248938,-357.033281,141.309916,38.26094517876465,10.8
1600,2.16646674108788,2.173059652606282,3.3082930090954408,-401.170211,389.161183,34.78977887370089,10.8
1601,2.2570030207808767,2.8786338733950827,2.831011684770263,-178.932315,-93.222377,45.82548156960621,10.8
1602,2.256719933025706,2.3599211783528395,2.817305788745207,326.445435,114.872822,16.848281625328426,10.8
1603,2.0874581581101324,2.110445938263324,3.215584577261006,-260.382351,723.629831,30.77274016536281,10.8
1604,1.8828250021259405,2.28571764478812,1.7036817574139689,-363.745298,160.429257,37.921061632336006,10.8
1605,2.1715282755831935,2.1751305531455962,3.365184226175541,-398.084963,366.063579,35.02528634110323,10.8
1606,1.9773804509660475,2.2125319169499535,2.0042634512016804,-365.763245,301.966916,35.49630125077317,10.8
1607,1.8990937023141259,2.2236129099607953,1.7708372471610176,-96.837283,446.676821,29.60861481789785,10.8
1608,2.243588663275827,2.113490288390055,2.941109399970339,295.812544,658.582565,23.998995732664703,10.8
1609,2.088631880348522,2.1787665529751346,3.124258151837435,-394.821501,344.078153,35.26079378603649,10.8
1610,2.177363173310002,2.1026918012070124,3.414559033332406,232.425857,733.087527,25.01505739196663,10.8
1611,2.1507085001859463,2.220865563264096,2.527831403181983,96.837283,446.676821,25.840495517961998,10.8
1612,2.23118732703671,3.3855467581548226,3.0707658622760485,-5.908005,-149.883606,55.101432775080674,10.8
1613,2.184023781186988,3.165810433245049,3.4407735449685197,110.226859,-125.792453,6.349967162165427,10.8
1614,2.2302047699457965,2.255439908949599,2.89394850327287,-369.496073,180.266937,37.581178086793884,10.8
1615,1.9476415602977766,2.1392357684820626,1.9635319388522767,381.267024,458.351086,21.60136128576339,10.8
1616,2.0901556902790714,2.1902332338268162,3.0301552447188635,-386.417534,302.047921,35.731808699749635,10.8
1617,2.1915581738000323,3.37995046387135,3.4548659086425726,23.052234,-148.218064,1.3616359342221216,10.8
1618,2.2197990503310474,2.0913391624753186,3.2288997401930057,-195.845551,768.731189,29.926022112287882,10.8
1619,2.1259508011688166,2.6463170318984552,2.4998694625921303,237.172969,-23.760797,12.981099179695043,10.8
1620,2.1927680316310996,2.108432409509413,2.716691199535145,-322.668941,620.202527,31.95814543948137,10.8
1621,2.2000091498261973,2.0897823038538177,3.448849492034001,166.206096,775.679479,25.861775451890814,10.8
1622,2.2395042854803324,2.1183646395238864,2.8463238238411614,-302.779872,581.973714,31.958145434727122,10.8
1623,2.2094131230098246,2.2389997237797417,3.4072122719839344,-374.915219,201.138529,37.241294541676325,10.8
1624,2.0250733667766574,2.0968680641646333,4.5809647089072705,-292.081362,685.155659,31.28077099315048,10.8
1625,2.0250717594424326,2.096671969447364,4.581113838143602,265.577732,695.857937,24.507026563407827,10.8
1626,2.0250685627449196,2.1057308491650555,4.561732823416447,298.634957,632.126239,23.829652115869493,10.8
1627,2.025065101182875,3.3732530398241094,4.492718628647573,-23.052234,-148.218064,54.08747440163772,10.8
1628,2.2099990587033274,2.3937623772092373,2.824031171242041,-289.689146,127.766915,37.921061624099906,10.8
1629,1.9279584623569312,2.222883227393178,1.824699609109622,-379.256346,222.684746,36.901410982226835,10.8
1630,2.025061759003539,2.1150436462009,4.413780501746254,280.227325,593.162458,23.829652118208585,10.8
1631,2.0250605553574204,2.315932963959483,4.346192591592439,333.124082,131.846914,17.18816517314223,10.8
1632,2.025063143795335,2.172715616928487,4.274244230779281,372.914646,342.917926,20.42382399177616,10.8
1633,2.0920863209920655,2.0879305512274646,3.0217726352265486,-232.425857,733.087527,30.434052943893217,10.8
1634,2.1016983952974555,2.1461393006783953,2.466504812090598,379.838189,410.008433,21.130346378174252,10.8
1635,2.02507100140585,2.1918473082030427,4.207159993651828,349.133235,321.049458,20.42382399672288,10.8
1636,1.872239396897639,2.1615644371668914,1.7649404910871023,375.903585,364.650913,20.659331458450936,10.8
1637,2.0250885882614194,2.1515777127947464,4.128111018825398,377.989532,386.77913,20.894838925124077,10.8
1638,2.079993787915628,2.1081161347826014,2.289150346083248,-257.262086,603.47765,31.280770995326584,10.8
1639,2.0251149720160213,2.102368480422056,4.062906228525724,-301.133214,606.977982,31.788801830455654,10.8
1640,2.025159547604306,2.077387094677729,3.995550848529223,-166.206096,775.679479,29.587334883969028,10.8
1641,1.9056886378398,2.131428452030358,1.8275591328019982,380.707593,433.602368,21.36585382880741,10.8
1642,2.0944825414079107,3.355639944487836,3.147505610647998,39.892484,-144.598028,2.3755944134099245,10.8
1643,2.058440735655532,2.0793705820220842,2.2141675096520856,204.127069,741.465603,25.353744611403734,10.8
1644,2.2232208543989387,2.34528959747808,2.9026832553546043,318.970773,98.614593,16.508398070294668,10.8
1645,1.868072110325657,2.073501450136933,1.7916699386963488,136.32187,781.485425,26.200462670206306,10.8
1646,1.9386042333074969,2.6837578305060354,2.0211836232711042,-218.470005,-58.474785,43.89479721952076,10.8
1647,1.8490609237277713,2.9647873447121214,1.7228082475876227,-149.616173,-107.971126,47.103442401268815,10.8
1648,2.0253029145398327,2.8302431469619433,3.8548504470132454,186.236577,-77.608776,10.377834032466026,10.8
1649,2.0389040742135323,2.0856774732648637,2.057058922509072,-295.812544,658.582565,31.450114603195143,10.8
1650,1.919669338114829,2.5680008509661922,1.8365327440543415,250.295649,-11.511298,13.45669453918623,10.8
1651,2.019140772998573,2.092545938499287,1.9902036508631737,277.622497,618.085134,23.998995727634288,10.8
1652,2.2112524484423073,2.0776071257129263,2.869986374613505,238.682985,705.535423,24.845713782637496,10.8
1653,2.097404521322376,2.1666192455344064,3.265107994442453,369.753791,322.232201,20.188316542860022,10.8
1654,2.0255508133851614,2.080605043441827,3.729340434636096,270.325742,669.44757,24.337682955737833,10.8
1655,1.8464500141285742,2.075773135295914,1.742945008587247,-265.577732,695.857937,30.94208377245202,10.8
1656,2.000846117859048,2.1079450006971325,1.8683184074130643,-380.76808,483.427937,33.61224159414034,10.8
1657,1.844801541596229,3.3354326527335965,1.7532484412650313,-39.892484,-144.598028,53.073515922449914,10.8
1658,1.9819427737200044,2.2564250797363674,1.8188626035076574,345.100646,168.365082,17.86793226126288,10.8
1659,2.2079162681744973,2.0626194933351676,2.873647674102405,-136.32187,781.485425,29.248647665653536,10.8
1660,2.1518956194619934,3.1174113630909055,2.7591213130592283,-110.226859,-125.792453,49.099143173694415,10.8
1661,2.0259403681743575,2.06216163749206,3.598566911732987,106.236882,786.140475,26.539149892199028,10.8
1662,2.100913075398354,2.47236178450394,3.3651142216244367,274.434885,16.988651,14.40788523943079,10.8
1663,1.8805599285523538,2.065410791185451,1.8533054576719088,-204.127069,741.465603,30.09536572445611,10.8
1664,1.898202176028091,2.5120726690736777,1.8360024125219503,262.751948,2.084561,13.932289871283274,10.8
1665,2.189491248815448,2.434255933883552,2.926110770387905,285.23976,33.155225,14.883480596754012,10.8
1666,2.1709319589975595,2.0992032710807518,2.8718644496027093,354.436218,503.05255,22.307883662526436,10.8
1667,2.0265133989540463,2.0735784031726157,3.478989996116013,-298.634957,632.126239,31.61945821999035,10.8
1668,2.105068895735009,2.059303436079077,3.4520225526140815,175.527662,748.751722,25.69243184076614,10.8
1669,2.1936227048817956,2.0809711234535855,2.9795663351553623,-280.227325,593.162458,31.61945821765126,10.8
1670,2.1931506108368803,2.224868773656887,2.883305946656494,350.321503,187.944229,18.207815793392136,10.8
1671,2.1099316831445685,2.049434126029004,3.5234774479675295,-106.236882,786.140475,28.909960443660818,10.8
1672,2.02731609378284,2.2574070936360306,3.359441062221537,339.563943,149.764111,17.52804870985929,10.8
1673,1.8739186342297334,2.0652331910130988,1.8490745759702187,274.161172,643.119018,24.168339346635683,10.8
1674,1.8369923543968851,2.046979102338294,1.8043096120189268,75.995439,789.637774,26.877837110935552,10.8
1675,2.180358852263718,3.3054245746934114,3.11415133857748,56.206686,-139.071235,3.389552802403621,10.8
1676,2.115559233763397,2.383954848902448,3.5765926100721437,295.064655,50.531063,15.359075957444624,10.8
1677,1.9473517235045554,2.203411185250509,2.196885681784267,354.52869,208.165617,18.54769935284685,10.8
1678,2.116737119396941,2.043038891344409,2.7645274167438605,-75.995439,789.637774,28.571273224924294,10.8
1679,2.028398581583845,2.0506696464546983,3.247626225701479,-238.682985,705.535423,30.603396553222346,10.8
1680,1.8523289991713432,2.040158281841166,1.8844567050254686,45.642077,791.972173,27.216524334794677,10.8
1681,2.1220064839418304,2.048301926889709,3.616991737676058,211.436728,714.173865,25.184401012197142,10.8
1682,2.1681309168021756,2.917256857482441,3.267619980231268,159.037914,-93.539859,9.170301435375663,10.8
1683,1.8337113363238275,2.0624346689131956,1.8225231450760484,-277.622497,618.085134,31.45011460822555,10.8
1684,2.129324502379796,2.0409956430910694,3.6338990525917025,-175.527662,748.751722,29.756678495093706,10.8
1685,2.156933658424856,2.036669547753191,3.45155125783213,-45.642077,791.972173,28.23258600106517,10.8
1686,2.169711112452204,2.0482417489155647,2.933437245817825,-270.325742,669.44757,31.11142738012201,10.8
1687,2.137559441346324,2.1808279694430426,3.6413750617968295,358.325672,229.392332,18.887582894947492,10.8
1688,2.0298145019124245,2.047919752545501,3.1405090628164722,244.440831,679.326679,24.676370179223227,10.8
1689,2.146751467963728,2.2793042304712183,3.6207095112035907,-326.445435,114.872822,38.60082871053142,10.8
1690,2.091391387296952,2.0331223667476146,2.7397475561998665,15.221498,793.140232,27.55521155583626,10.8
1691,2.175969803057366,2.03281776492895,2.9375350635743085,-15.221498,793.140232,27.893898780023584,10.8
1692,1.9686841129131345,2.0341644526430875,4.888673390196986,146.669756,754.935152,26.031119057334152,10.8
1693,1.968683288988526,2.063599277799622,4.871744926853024,73.02942,631.491552,26.708493498370714,10.8
1694,2.1496598640207507,2.0760773426270616,2.952422605941393,-381.267024,458.351086,33.84774905009645,10.8
1695,1.9686821505419339,2.0520550103803648,4.798898873333359,253.702924,628.28203,24.337682955220465,10.8
1696,1.9686812327142929,3.0669685177000843,4.712927773180938,122.583906,-113.784391,7.259524094580158,10.8
1697,1.9686817519775104,2.160578374461223,4.640538712422143,360.995918,251.208717,19.227466458653183,10.8
1698,1.8465631607889776,2.088788534887534,1.8846375801614492,-379.838189,410.008433,34.31876395768559,10.8
1699,2.0316204598145946,2.5671314477769047,3.038128984715815,-237.172969,-23.760797,42.4680111561648,10.8
1700,1.9686854011595922,2.0804850882701666,4.56615132750793,-380.707593,433.602368,34.08325650705243,10.8
1701,1.9686931488806931,3.2744441335266354,4.495406349569154,-56.206686,-139.071235,52.05955753345622,10.8
1702,1.9687091011709419,2.0932172011515453,4.414431838026128,-377.989532,386.77913,34.554271410735765,10.8
1703,2.0667204647775455,2.101267476497883,2.7059422024510007,-375.903585,364.650913,34.78977887740891,10.8
1704,1.9687323862466466,2.109181242075506,4.344562954398673,-372.914646,342.917926,35.02528634408368,10.8
1705,1.9687713869148076,2.1271955424513322,4.270079459241759,-349.133235,321.049458,35.02528633913696,10.8
1706,2.03387544299708,2.0668795340788937,3.0807276939129826,356.272238,478.038026,22.072376207796708,10.8
1707,1.9688212013781146,2.0234544274716164,4.877478146603969,-146.669756,754.935152,29.41799127852569,10.8
1708,2.0448015642522996,2.035863675101951,2.6637861157737497,-274.161172,643.119018,31.28077098922416,10.8
1709,2.1597648819756445,2.0223747394713474,3.0265780029213287,117.595848,760.006788,26.36980628807288,10.8
1710,1.8041896776256667,2.0352348862581944,1.8147327807980322,249.28363,653.164674,24.507026567539178,10.8
1711,1.9688969530830893,2.0254928387458047,4.126893746112989,-211.436728,714.173865,30.264709323662704,10.8
1712,1.8033850635640294,2.0243282570110535,1.8212765870917738,183.879089,721.760542,25.523088228334203,10.8
1713,2.1507544203203834,2.047300975012711,2.906245999146426,-73.02942,631.491552,28.740616837489128,10.8
1714,2.0366401788823407,2.236353705421823,3.2158835895733,-333.124082,131.846914,38.26094516271761,10.8
1715,1.8912537852728548,2.74921676705035,1.90867990265358,-186.236577,-77.608776,45.07127630339381,10.8
1716,1.9079651865771268,2.0259139804513815,2.1657403654505187,218.195932,688.205341,25.01505739168946,10.8
1717,2.023222829836182,2.025763335311166,2.568605477331375,-244.440831,679.326679,30.772740156636615,10.8
1718,1.9691159263921616,2.0521889488988645,3.986984189614975,-354.436218,503.05255,33.141226673333406,10.8
1719,1.8207895595889578,2.065606875257492,1.9051205128756787,357.033885,453.294705,21.836868742524032,10.8
1720,2.0038710652484424,2.0701929496393916,2.3639280697963767,357.424396,429.687987,21.601361285301152,10.8
1721,1.8722171641700056,2.104304233659581,1.882334065808211,-369.753791,322.232201,35.26079379299982,10.8
1722,1.9694636636557228,2.2691889963387086,3.8536278813619433,-318.970773,98.614593,38.94071226556518,10.8
1723,2.039976402540466,2.0108355351248974,3.3438458020589477,-117.595848,760.006788,29.07930404778696,10.8
1724,1.9844885527871312,3.243245530383139,2.2823297781086573,71.779714,-131.710564,4.403511278125521,10.8
1725,2.1445758290052392,2.010555696938172,3.0127000324808044,88.348758,763.95916,26.708493499305675,10.8
1726,1.7982998870656712,2.0275186751067524,1.856152114141854,229.409723,637.553654,24.6763701744416,10.8
1727,1.9667789182406321,2.487336228861785,2.119778937421687,-250.295649,-11.511298,41.99241579667361,10.8
1728,2.1290730509808804,2.0256220116245163,2.9615458530899117,-253.702924,628.28203,31.111427380639377,10.8
1729,1.8159166994413376,2.107503609946236,1.9324220841984783,331.5089,339.217658,20.894838920455392,10.8
1730,1.948651518243745,2.591362123307487,2.0481840085812553,223.492645,-34.633526,12.50550381779751,10.8
1731,1.9699804670715753,2.0292777133526125,3.720023069558835,233.917977,612.9041,24.507026561765485,10.8
1732,2.0439460827724973,2.0280834403730412,3.448588893867009,186.23117,629.03657,25.184401006612106,10.8
1733,1.8505321642641355,2.085606898794791,1.8749647964174476,354.089819,362.323663,20.894838914662785,10.8
1734,1.795894697401431,2.068037412155932,1.873326825358586,356.817596,406.393141,21.365853827454274,10.8
1735,2.130428605901348,2.073127570817662,3.1502915698382408,355.915102,384.185154,21.130346374676655,10.8
1736,1.9707112528461208,2.041074387569858,3.597703212838341,-356.272238,478.038026,33.376734128063134,10.8
1737,1.8816331415836367,1.9989780955754972,1.9405891972552163,-88.348758,763.95916,28.740616836554167,10.8
1738,2.132700417246618,2.1812548260079776,2.9667709752918734,-345.100646,168.365082,37.58117807459696,10.8
1739,2.048610568674029,2.0028606123127215,3.5487553861352756,-183.879089,721.760542,29.92602210752564,10.8
1740,2.0832986111984915,1.996394777480042,3.007726556204621,58.971555,766.786448,27.047180729155585,10.8
1741,1.8633223721007963,2.0002361289307347,1.908598889786007,156.05065,728.284281,25.861775455379366,10.8
1742,2.1173361007259897,2.007180555499834,3.306070317573952,224.038968,662.248413,24.845713782128882,10.8
1743,2.054029690955226,2.022707698177787,3.6227485996399986,325.359873,546.128034,22.982934059874523,10.8
1744,1.9717051847025597,1.9929358644518544,3.47213318982021,-58.971555,766.786448,28.401929606704257,10.8
1745,1.8259024602824931,1.9986906593042306,1.8796065822460317,-218.195932,688.205341,30.434052944170382,10.8
1746,2.060260788574077,1.9895405168926024,3.688941678599849,29.507506,768.484488,27.385867941459523,10.8
1747,2.1052991191151182,2.3802185216649328,3.489623728034548,-274.434885,16.988651,41.04122509642905,10.8
1748,1.8424272907038273,2.023609992339885,1.8907318534139292,327.09493,521.244479,22.778898565801683,10.8
1749,2.06735771054537,2.9969469424481074,3.7304066457834617,-122.583906,-113.784391,48.18958624127968,10.8
1750,1.9730152124389198,2.415703379302347,3.36199485327196,-262.751948,2.084561,41.51682046457657,10.8
1751,2.0943073976448665,1.9857937214973882,3.6664288091305592,-29.507506,768.484488,28.06324239440032,10.8
1752,2.0753697742831876,2.1502668140384076,3.759016052063922,-350.321503,187.944229,37.24129454246771,10.8
1753,2.0843406737341366,2.832464313700105,3.7660455605522793,-159.037914,-93.539859,46.27880890048418,10.8
1754,2.0571244792930496,1.9837481916738307,2.9867231624687016,-0.0,769.050779,-27.72455516792992,10.8
1755,2.1092760355250006,1.992150373098516,2.9025692541264014,191.629695,696.070483,25.353744613888388,10.8
1756,1.785782710535162,2.3387946494219953,1.9371715994920753,-285.23976,33.155225,40.56562973910584,10.8
1757,2.1156124372619365,1.9957212674439226,3.053832743313717,-249.28363,653.164674,30.942083768320664,10.8
1758,1.9746975687386628,2.1759869706890056,3.248071019044652,-339.563943,149.764111,37.92106162600055,10.8
1759,1.9125271872961331,1.994076173047972,5.131072546505853,204.77867,645.886352,25.015057393923627,10.8
1760,1.912527377655187,1.9992171526968083,5.1677285817104694,-186.23117,629.03657,30.264709329247736,10.8
1761,1.8186383306930658,2.1265191797355407,1.891366481924284,-354.52869,208.165617,36.901410983012994,10.8
1762,1.9125282037786062,3.186541350290192,5.1683183133443045,-71.779714,-131.710564,51.045599057734314,10.8
1763,1.9125301983417689,1.979101060255033,4.884461602933813,-156.05065,728.284281,29.587334880480476,10.8
1764,1.7818066756877808,1.9927707024680403,1.9620145937218274,-229.409723,637.553654,30.77274016141824,10.8
1765,1.9125350250549185,2.690235839457744,5.162537486566935,192.18143,-61.42868,11.132039304771453,10.8
1766,2.0859390150574098,2.0628775655378697,3.2440331709850465,352.036997,341.498771,20.65933145591419,10.8
1767,1.912543100623482,2.205697721257985,5.161404171009695,316.637866,139.652603,17.52804871085332,10.8
1768,2.0317810069473445,1.9767817032512636,2.966307402682384,127.992396,733.735474,26.200462668954486,10.8
1769,1.9768112114514025,2.2956456978852215,3.2493601248030024,-295.064655,50.531063,40.09003437841522,10.8
1770,1.9125582514321848,2.108895084962674,4.638085152820277,-358.325672,229.392332,36.56152744091235,10.8
1771,1.912579488708915,1.9939897357818763,5.160692421967934,-233.917977,612.9041,30.942083774094357,10.8
1772,1.7980664094257863,2.011297303466608,1.9061765975941025,330.262797,496.363523,22.543391112862174,10.8
1773,1.91261440220127,2.093584798557297,4.476954232724645,-360.995918,251.208717,36.22164387720666,10.8
1774,2.0995385783587306,1.9818423948159776,3.1662270427676926,-224.038968,662.248413,30.603396553730963,10.8
1775,1.9126586490064323,1.9806250882401817,4.4058445995329425,198.464363,670.356858,25.18440100303524,10.8
1776,1.9127258041424944,1.973991865055069,5.151376980358303,-191.629695,696.070483,30.095365721971454,10.8
1777,1.9794171577445185,1.988675678153258,3.4023763016900563,210.229376,621.427924,24.845713785156796,10.8
1778,2.009383111977354,1.9689216042215776,2.9317866969780595,-127.992396,733.735474,29.248647666905356,10.8
1779,2.0903568603622484,2.0104026803717345,2.9858156083575134,-357.033885,453.294705,33.61224159333581,10.8
1780,1.9129204364803503,1.9697790506552137,4.1822063532603675,164.781244,702.910519,25.692431837539182,10.8
1781,1.9825778096749145,1.96304151704213,3.547522823819405,99.745647,738.106094,26.539149887718153,10.8
1782,1.9875076503491713,2.0125606517653036,2.8883470519556633,-357.424396,429.687987,33.84774905055869,10.8
1783,1.7916798509384126,1.9753970523658146,1.9050678926850626,-204.77867,645.886352,30.434052941936212,10.8
1784,2.084512482538553,2.0050061861850907,3.301696561419661,332.343352,471.696069,22.307883663587162,10.8
1785,1.9132317202535443,1.9744261924797366,4.049741043686774,179.846039,653.267851,25.3537446104259,10.8
1786,1.9680671479431724,3.151081616854155,2.746874126376989,86.40621,-122.613078,5.417469681407965,10.8
1787,1.9863561543629105,1.9568498566341466,3.674449053564239,-99.745647,738.106094,28.90996044814169,10.8
1788,1.9136982678613066,2.9438505810597673,5.113914769078953,133.639947,-100.568714,8.169081023381281,10.8
1789,2.0508512657460662,2.049141703829876,3.250980373899161,-331.5089,339.217658,34.55427141540446,10.8
1790,1.948793930688691,1.9535311940617541,2.643257908938132,71.352002,741.389703,26.877837109738287,10.8
1791,2.070554186819307,2.159652326631979,3.4653280946466025,321.990531,157.090295,17.86793226958907,10.8
1792,2.065296953902279,1.9764458234944233,2.7958321168435463,-325.359873,546.128034,32.46617627598532,10.8
1793,1.9908149406650941,1.970075648992454,3.7879156208282665,87.85488,650.115817,26.53914989631454,10.8
1794,1.931403734354302,2.009121945221446,2.433002230392332,-356.817596,406.393141,34.083256508405576,10.8
1795,1.914363557564635,2.7769297183942707,5.1029606936006076,167.072014,-78.292436,9.9949349357627,10.8
1796,1.7668063946794554,1.9787002042724078,1.9416121696662854,-327.09493,521.244479,32.67021177005817,10.8
1797,2.072387516274888,2.014331679875826,3.0528249124669564,-355.915102,384.185154,34.31876396118319,10.8
1798,1.9137973442915426,2.12166845457543,2.3454231749930474,331.121462,194.421793,18.547699360705025,10.8
1799,1.9960157736951298,1.9550787104084553,3.885217948709593,-198.464363,670.356858,30.264709332824598,10.8
1800,2.057671052115496,2.0202631639117965,3.6462577401157477,-354.089819,362.323663,34.55427142119706,10.8
1801,1.9152755876897933,1.947698869525889,3.6676143185175363,-164.781244,702.910519,29.75667849832066,10.8
1802,1.8332104786002976,1.9522256775814422,2.021046255763726,172.597478,677.478066,25.523088233832922,10.8
1803,1.8493891668686073,1.9932552442715719,2.0809529878874473,333.992665,448.143799,22.072376206220206,10.8
1804,2.002018151113208,2.1865516841801442,3.9630055045375236,310.436458,122.867397,17.18816516229402,10.8
1805,2.0458587197885474,2.015313624033035,3.8574170191962125,334.256553,380.69751,21.36585382255455,10.8
1806,1.8635934574636577,1.9397417206749143,2.528102194203453,-71.352002,741.389703,28.571273226121555,10.8
1807,1.8146850381726038,1.9397099525203612,1.9792684283707753,42.853276,743.581466,27.216524340964106,10.8
1808,2.0236366793562617,1.9435234040052638,3.2491202906960392,137.69012,708.715378,26.031119055643146,10.8
1809,2.0088784639346957,2.004741061219481,4.027332992894649,334.912982,402.625245,21.60136128387599,10.8
1810,2.035102135631238,1.95680868502901,4.017569683320142,-210.229376,621.427924,30.603396550703046,10.8
1811,1.761319450568622,1.9562580226788124,1.9379862047218823,-87.85488,650.115817,28.909960439545298,10.8
1812,2.0166489550744884,1.9373520801299042,4.066018802112495,-42.853276,743.581466,28.232585994895736,10.8
1813,1.9164864340531416,1.937092175108071,5.062185772039463,14.291441,744.678155,27.555211559071743,10.8
1814,2.025376624319106,1.9369269915811997,4.094560329306642,-14.291441,744.678155,27.893898776788102,10.8
1815,2.0554245229135586,2.4916791999734946,3.1704388194188526,-223.492645,-34.633526,42.943606518062325,10.8
1816,1.7934619458636063,2.435002346414216,1.9513259989008798,238.352715,1.890988,13.93228987222895,10.8
1817,1.880941007931608,1.94403001700225,2.6661447796797226,-179.846039,653.267851,30.095365725433943,10.8
1818,1.9180517808310136,2.0871136433166364,5.037398462811876,334.820198,214.344637,18.887582898740547,10.8
1819,1.9973905790458917,2.1124354244261547,3.235734586668094,327.032545,175.44992,18.207815802226442,10.8
1820,1.8231277646958386,1.9384118429331578,2.069154265283683,154.648548,659.687282,25.692431834682736,10.8
1821,1.838691473884247,1.9811073699460842,2.522194924910428,334.62945,424.849753,21.836868743452136,10.8
1822,1.9200303319158798,2.016505670832362,3.573384131350818,312.940435,356.419773,21.365853835820324,10.8
1823,1.8053030051698091,1.9582061077459139,2.0174352683334353,-330.262797,496.363523,32.90571922299767,10.8
1824,2.0395095900269697,2.0613881301354104,3.325500033521675,337.458849,234.829814,19.227466447969846,10.8
1825,1.8528296400234405,1.922423713722364,5.484801737644059,-137.69012,708.715378,29.417991280216697,10.8
1826,1.7692206585396133,1.9267303749750742,1.9432847197742105,-172.597478,677.478066,29.92602210202692,10.8
1827,1.92248322166622,1.9470934994471034,3.727336797952438,298.822082,537.951916,23.249913485459167,10.8
1828,1.852847187859496,1.9252951318819098,5.475095031008019,146.47641,683.601551,25.861775445791054,10.8
1829,1.7848537940922296,1.9193941100667227,1.9830226348340394,110.396219,713.476511,26.369806280596052,10.8
1830,1.9742681298249458,3.082783328114741,3.2036900319844004,-86.40621,-122.613078,50.03164065445187,10.8
1831,2.0197859376023866,1.99715027605914,3.5034930884718953,-352.036997,341.498771,34.78977887994565,10.8
1832,1.7109477739647272,2.042640335661944,2.011022251140871,339.611149,256.285772,19.567350005855488,10.8
1833,1.8529153556748656,2.6017442871290135,4.813184970372653,-192.18143,-61.42868,44.317071031088396,10.8
1834,1.925473298138787,1.9294909148266661,4.934139508275983,161.958701,635.718833,25.523088229360205,10.8
1835,1.709306941238907,1.9240178907517294,2.025381806283608,-154.648548,659.687282,29.75667850117711,10.8
1836,1.8530171562026483,2.026542669190821,5.386069768573608,340.594679,278.242946,19.907233545049685,10.8
1837,1.7086757587765105,1.9135012347276064,2.028186435293381,-110.396219,713.476511,29.07930405526379,10.8
1838,2.0266338224818177,1.9509548562906531,3.7140910073028763,-332.343352,471.696069,33.14122667227268,10.8
1839,2.0246703632834953,1.921777419684658,3.468877544405411,129.223306,665.13519,26.031119055086123,10.8
1840,1.8530895259982791,2.128770073263407,4.914967712390682,-316.637866,139.652603,37.92106162500652,10.8
1841,1.9518383280879157,1.9103429038684394,3.172855623801787,82.939737,717.186905,26.70849350727626,10.8
1842,1.929064377567343,1.9136471580136674,3.990389533490669,-146.47641,683.601551,29.587334890068792,10.8
1843,1.7614455484308726,1.9119041142210422,1.9637104578951279,120.139625,688.718295,26.200462669810825,10.8
1844,1.853475745752001,1.9375286545877979,3.5461810765376187,303.312774,513.275387,23.01440602313258,10.8
1845,1.9320430922803173,2.3480574156731175,3.128037697644209,250.081503,15.481076,14.40788523119604,10.8
1846,2.0109212608913984,2.8601759668456905,3.650402420541184,-133.639947,-100.568714,47.280029312478554,10.8
1847,1.9333203928033293,1.9036319819401792,4.092703624016969,-82.939737,717.186905,28.740616828583583,10.8
1848,1.7037665821273191,1.9034075413921134,2.0664818753047163,55.36111,719.841096,27.04718072740382,10.8
1849,1.741680788005797,1.9480357887318072,1.9464864765921024,-333.992665,448.143799,33.37673412963964,10.8
1850,1.853900680162735,1.9103591818640584,5.426002060615036,-129.223306,665.13519,29.417991280773723,10.8
1851,1.7025094328887393,1.915085347723161,2.075958666636886,-161.958701,635.718833,29.926022106499637,10.8
1852,1.9913513299482835,1.9091023762043553,3.5127323052397035,103.607756,669.603551,26.369806280523072,10.8
1853,1.9126087204370565,2.299700960927749,3.0741950102276463,261.002942,30.338026,14.88348059528522,10.8
1854,1.9383045181740781,1.9032794420672425,4.79420442346102,-120.139625,688.718295,29.24864766604902,10.8
1855,1.9982643868295642,2.6967654565538886,3.889096531504748,-167.072014,-78.292436,45.45417540009714,10.8
1856,1.895267240957182,2.2588869031902177,2.8226194451301336,271.014774,46.41242,15.359075965602557,10.8
1857,2.008758799466749,1.899413885683464,3.1656148012428322,93.62591,692.820762,26.539149895063836,10.8
1858,1.944078207581097,1.8947693191202426,4.260820297583935,-55.36111,719.841096,28.40192960845602,10.8
1859,1.9866904878955043,1.8929569259293157,4.117928677025053,27.700953,721.435176,27.385867943066664,10.8
1860,1.8779151279102468,1.96942385020454,2.711294228426196,333.317608,359.792759,21.130346373232094,10.8
1861,1.9507001870501055,3.0384662388380557,4.322697995004713,99.893302,-111.898741,6.431428137954029,10.8
1862,1.9761799656865202,1.890307886507223,4.3197621189859845,-27.700953,721.435176,28.063242392793182,10.8
1863,1.7347825539015334,1.8899816493708756,1.9628758027419928,-0.0,721.966797,-27.72455516792992,10.8
1864,1.9582254042405378,1.9275793022206762,4.589314046572899,306.706312,488.754051,22.778898573123733,10.8
1865,1.9667039533423298,1.9145120191165632,4.511242354477576,-298.822082,537.951916,32.199196850400675,10.8
1866,1.694373991162764,1.898460622049937,2.1321211847687223,137.447715,641.464871,25.861775451367045,10.8
1867,1.8564743262820407,2.079463511805109,4.64976681853273,-321.990531,157.090295,37.58117806627077,10.8
1868,1.9904245933994418,1.9520640551650756,3.749429574605722,313.47133,397.987138,21.836868742580286,10.8
1869,1.964001872966948,2.0460903396646595,3.5072526503928514,-331.121462,194.421793,36.901410975154825,10.8
1870,1.6925020614316981,2.2085582588703776,2.148369795992392,280.017828,63.647514,15.834671316512825,10.8
1871,1.8455555853119403,1.9263395920268813,2.9390439155076424,-334.62945,424.849753,33.61224159240771,10.8
1872,1.9399349663457313,1.8743988979281734,3.494310397472048,-93.62591,692.820762,28.90996044079601,10.8
1873,1.773880411420306,1.878667316505742,2.1808616628618456,-103.607756,669.603551,29.07930405533677,10.8
1874,1.7896681027848211,1.8740356252688084,2.2640874625869754,66.974312,695.902911,26.877837120164095,10.8
1875,1.9761733291459929,1.9257136135117912,4.145066711069449,-334.912982,402.625245,33.847749051983854,10.8
1876,1.803496597651379,1.9522080823082015,2.3659945327510195,-312.940435,356.419773,34.08325650003952,10.8
1877,1.7557340346584298,1.8750138454281688,2.1155527110124663,77.839623,673.085787,26.70849350450674,10.8
1878,1.8621044062404417,2.09547703190917,3.9447897566810015,-310.436458,122.867397,38.26094517356583,10.8
1879,1.9606253480095788,2.526219433310041,3.7702718548855296,196.72348,-44.800194,11.88624455195179,10.8
1880,1.8157776461900685,1.8752444783386701,2.89685388861383,-12.587746,655.904417,27.893898780214194,10.8
1881,1.7934470389177695,1.8655294684067831,5.326529485205107,-66.974312,695.902911,28.571273215695747,10.8
1882,1.7934578431399106,2.006990357863499,5.395911871675329,-334.820198,214.344637,36.561527437119295,10.8
1883,1.7934595942836502,1.864710883231996,5.40232895498903,40.224081,697.960202,27.216524341893518,10.8
1884,1.8649375102472574,1.8731751344249485,4.700124698491801,12.587746,655.904417,27.55521155564565,10.8
1885,1.9167142893254534,1.92559638390843,3.4693012597327852,-334.256553,380.69751,34.083256513305294,10.8
1886,1.7935046755884476,1.901951563502327,5.4624610454379985,309.609731,465.323306,22.543391105303805,10.8
1887,1.681216592741888,1.8670616246720817,2.2296142693415457,-77.839623,673.085787,28.740616831353098,10.8
1888,1.7348519822039148,1.909143259527387,2.069991411807818,311.488287,442.096402,22.307883653134127,10.8
1889,1.7935100392031147,1.916679897799452,5.464707103447546,312.957036,419.918667,22.07237619529883,10.8
1890,1.9615206596044616,1.8651554922642075,3.71227874453417,51.956856,675.576767,27.047180719169845,10.8
1891,1.9630207384434968,2.3331305423626216,3.982153132679935,-238.352715,1.890988,41.5168204636309,10.8
1892,1.7936272370818578,1.868428915062731,5.515525405400182,-137.447715,641.464871,29.587334884492794,10.8
1893,1.793639901584422,2.149034025489821,5.520316570199921,287.916501,81.979433,16.310266674371285,10.8
1894,1.6787483118172273,1.8576486226779088,2.246484509968265,-40.224081,697.960202,28.232585993966328,10.8
1895,1.7634590307722142,2.026760793602863,2.246523226128234,-327.032545,175.44992,37.2412945336334,10.8
1896,1.7786657242169337,1.8549951437302148,2.339716977628333,13.414612,698.989605,27.555211562211674,10.8
1897,1.8963145060736617,1.9829527855109081,3.4252933733568476,-337.458849,234.829814,36.22164388789,10.8
1898,1.7938916596046133,1.8538928936136436,5.499642432336225,-13.414612,698.989605,27.89389877364817,10.8
1899,1.793917094439644,2.107779147738828,5.486741805264907,298.662003,105.096115,16.84828161479367,10.8
1900,1.7459877851224124,1.8791237461149075,2.1709393133324824,-303.312774,513.275387,32.43470431272726,10.8
1901,1.8724220548738493,1.862018921031042,4.259295755845819,112.73431,646.266223,26.20046266808263,10.8
1902,1.7108908269358445,1.8697538028138374,2.039026283605233,269.698195,553.127276,23.720928396461694,10.8
1903,1.8772030480567223,2.7693413236435194,4.7303205667434955,143.277642,-86.285682,9.078637962951575,10.8
1904,1.7943895079411254,1.8521890718155019,5.292288642967979,-51.956856,675.576767,28.401929616689994,10.8
1905,1.8764590011272084,1.8620843360326746,3.383384149652559,260.466444,579.889738,23.9989957298059,10.8
1906,1.7944348666959735,1.8517239074315315,5.2763130242206575,25.997571,677.072824,27.38586794785172,10.8
1907,1.725862600889178,1.9612687541327802,2.114564991715651,-339.611149,256.285772,35.881760330004354,10.8
1908,1.9320047604289174,1.8503709630004577,3.7906417494658116,-25.997571,677.072824,28.06324238800812,10.8
1909,1.8589003682840322,1.8473147381391892,3.2850150604060695,-0.0,677.571755,-27.72455516792992,10.8
1910,1.9241997403025526,1.9217547255815335,4.576885093409727,293.480722,372.606811,21.836868742737295,10.8
1911,1.8891576621955886,1.944332182524846,4.304664808630606,-340.594679,278.242946,35.54187679081015,10.8
1912,1.795236325837191,1.9314784244068672,5.088473035013901,344.568369,300.283666,20.188316540538395,10.8
1913,1.8964496267513546,2.3603088877343823,4.725412178221369,225.921413,-10.390308,13.456694512003324,10.8
1914,1.8415343223661524,2.946120012701213,3.1471228816983556,-99.893302,-111.898741,49.017682197905806,10.8
1915,1.640275828904493,1.8477650269842028,2.17985274666926,-112.73431,646.266223,29.248647667777217,10.8
1916,1.640070479730351,2.6060192365659556,2.1811826627405626,173.648373,-62.361894,10.819568429682853,10.8
1917,1.9377612960595845,2.0374364844556525,4.025619432462551,304.952541,163.604203,18.207815799308904,10.8
1918,1.7027255443561147,1.8667126799751101,2.0766056106362174,-306.706312,488.754051,32.67021176273611,10.8
1919,1.9317483053514994,1.8589070539246344,4.033057021971243,275.498922,528.725454,23.485420945079326,10.8
1920,1.7965696640462583,2.254252760368911,4.846643914317167,-250.081503,15.481076,41.0412251046638,10.8
1921,1.6361428168365957,1.9000122102964356,2.2125629362252193,-333.317608,359.792759,34.31876396262775,10.8
1922,1.6644301601168179,1.839151466211093,2.35619597680622,62.846067,653.007984,26.877837110325927,10.8
1923,1.9068037173512717,1.891319259189013,3.788358005780938,-313.47133,397.987138,33.612241593279556,10.8
1924,1.6355288604630833,1.843119997078268,2.132806038255617,-260.466444,579.889738,31.450114606053948,10.8
1925,1.7985465860118461,2.0084271981581416,4.605855204916055,308.947482,181.402084,18.547699352407292,10.8
1926,1.6613925156152585,1.87712751200575,2.37762430618773,-312.957036,419.918667,33.37673414056101,10.8
1927,1.8094031153486585,1.8406558964028268,2.8311675395684137,-269.698195,553.127276,31.728181939398148,10.8
1928,1.9147696024697853,1.8249842722477796,4.233244546238236,-62.846067,653.007984,28.57127322553392,10.8
1929,1.8825823714959833,1.8538894110687403,3.770246514007236,-309.609731,465.323306,32.90571923055604,10.8
1930,1.8013405701789986,1.82469819780893,4.374791335593639,37.7447,654.938465,27.216524330920862,10.8
1931,1.7443701560311098,1.8599487310391298,5.507451918505974,-311.488287,442.096402,33.141226682725716,10.8
1932,1.744371242138842,2.192263303252453,5.512028450144475,-261.002942,30.338026,40.56562974057462,10.8
1933,1.7444050301373735,1.8448379219943318,5.593490745717362,280.19578,504.420073,23.249913478260076,10.8
1934,1.627714481898845,2.155351095891505,2.277381455386248,-271.014774,46.41242,40.090034370257285,10.8
1935,1.7444092418294488,1.9652108173626663,5.600074857639435,315.178632,219.325526,19.227466449699754,10.8
1936,1.6266984707558594,1.820182343008165,2.2640349056721005,-37.7447,654.938465,28.23258600493898,10.8
1937,1.7445025265734728,1.9769586572917035,5.685698932104321,312.561749,200.09526,18.887582895305528,10.8
1938,1.744512682564939,2.7124928829214143,5.6933057147845565,-143.277642,-86.285682,46.37047237290826,10.8
1939,1.901723854648976,2.899502106241469,4.068530147378207,112.06314,-99.70884,7.4453865512667505,10.8
1940,1.8051377549112944,2.4462177242471723,4.173272533210006,-196.72348,-44.800194,43.562865783908045,10.8
1941,1.7447164964071973,1.8750696498146555,5.709317015583784,313.648938,377.062065,21.60136128669287,10.8
1942,1.7447372581599494,2.115479654658534,5.69335211541861,-280.017828,63.647514,39.61443901934702,10.8
1943,1.9049431260446268,1.9430531611330766,4.08095779586681,317.333312,239.473919,19.567350002719067,10.8
1944,1.8613510065813663,1.8245352261627084,3.7449051945906593,239.806213,566.727342,24.19194331596229,10.8
1945,1.8941093648895246,2.018881002015582,4.340509736643469,300.061165,146.391562,17.867932258847233,10.8
1946,1.7451271980363807,1.8786049741275905,5.504574671916745,-293.480722,372.606811,33.61224159312255,10.8
1947,1.7451649903183752,1.8253890550582335,5.492713984289344,-275.498922,528.725454,31.963689390780516,10.8
1948,1.8101325673201947,1.8372094270603685,3.9868755329162346,284.345034,481.177583,23.014406026270045,10.8
1949,1.7291715126643177,1.9213560964952718,2.50266169260896,318.387778,260.101402,19.90723355483685,10.8
1950,1.7136458039190479,1.857169068069088,2.3914202365244046,291.793348,414.143307,22.30788365286392,10.8
1951,1.840832433782908,1.847802443769338,3.7072089009658384,290.109794,436.016169,22.543391115816334,10.8
1952,1.742759045242193,2.0750898747719444,2.6374502122925203,-287.916501,81.979433,39.13884366148856,10.8
1953,1.7458400120144337,1.838900764046195,5.3221782436448075,287.460011,458.08397,22.778898577316667,10.8
1954,1.745902922745228,2.039481880595613,5.31129686267095,-298.662003,105.096115,38.60082872106617,10.8
1955,1.6957577684929104,2.0388723620792866,2.3008061983219728,266.653006,170.705478,18.887582910492377,10.8
1956,1.816522654090683,1.9042103239750887,3.836569970165332,318.882632,281.659361,20.24711710133125,10.8
1957,1.8757894898420038,1.8801027105738652,4.405530597756773,-344.568369,300.283666,35.26079379532145,10.8
1958,1.6442062444594243,2.5400815689625413,2.50214608944636,-173.648373,-62.361894,44.62954190617699,10.8
1959,1.7548438969936988,1.8908107873958013,2.7913940762702008,318.173614,303.627114,20.5870006457869,10.8
1960,1.8752322229343608,1.8154146133255806,4.077748226174276,246.900456,542.669722,23.956435851529562,10.8
1961,1.8228038581082413,1.8666057461566867,3.650585781479138,273.185183,387.732674,22.307883651557653,10.8
1962,1.6150842289795349,2.2946938544168107,2.378248742193431,-225.921413,-10.390308,41.99241582385652,10.8
1963,1.8245032235959,1.8185645444104102,4.070804427758881,-280.19578,504.420073,32.199196857599766,10.8
1964,1.7469837160219284,1.9838760626342233,5.128506995341777,-304.952541,163.604203,37.24129453655094,10.8
1965,1.859769687031378,1.8051646522098586,4.4070673614142,-239.806213,566.727342,31.25716701989755,10.8
1966,1.6136779007630078,2.240450506755068,2.3907482422720285,236.766123,27.520827,14.883480597790467,10.8
1967,1.675106817630421,2.860188166198506,2.229642308945671,-112.06314,-99.70884,48.003723784593085,10.8
1968,1.6406357232000017,1.8042908277031884,2.528492616773894,209.231269,578.71338,24.662958218874728,10.8
1969,1.7658618023558343,1.9649871195251338,3.326234968771617,-308.947482,181.402084,36.90141098345255,10.8
1970,1.8342608214053364,2.415080208240276,4.238322707035009,199.829572,-27.844694,12.640449827915447,10.8
1971,1.8459666658477056,2.672625281683128,4.344641843951088,151.394704,-71.086884,9.988194885900043,10.8
1972,1.8051630984741687,1.814546432642799,3.5972231426922727,252.887255,518.649517,23.72092839843144,10.8
1973,1.880368069389313,1.8205942422630985,4.307145613914424,-284.345034,481.177583,32.4347043095898,10.8
1974,1.7030084468049194,1.8468139084676949,2.4757975266816374,-313.648938,377.062065,33.84774904916697,10.8
1975,1.748708154068144,1.9280857319620044,4.862723693088322,-315.178632,219.325526,36.22164388616009,10.8
1976,1.7179846776499985,1.7924873535792591,2.602245745953045,168.732213,612.898293,25.35374461298545,10.8
1977,1.8734179481277775,1.822978504374986,4.333284976866762,-287.460011,458.08397,32.670211758543175,10.8
1978,1.685771681699998,1.8007052299481052,2.3743829889703285,-246.900456,542.669722,31.49267448433028,10.8
1979,1.7311338194244126,1.8274524744860086,3.1828098070814237,-290.109794,436.016169,32.90571922004351,10.8
1980,1.8498312215127168,1.8325876757708377,4.086115256972205,-291.793348,414.143307,33.14122668299592,10.8
1981,1.7511813934229106,1.9053897543767107,4.624356873756592,-317.333312,239.473919,35.881760333140775,10.8
1982,1.6658616282526832,1.9317461079302394,2.2921730651620247,-312.561749,200.09526,36.561527440554315,10.8
1983,1.8581198380933077,2.0075574262712417,4.488212467697686,-266.653006,170.705478,36.561527425367466,10.8
1984,1.7729884708565717,1.8866089220062716,3.5813753237772765,-318.387778,260.101402,35.54187678102299,10.8
1985,1.6955497846138794,1.9770253362583063,5.594695098327411,-300.061165,146.391562,37.581178077012616,10.8
1986,1.6955699759473981,1.839911786170654,5.7128609965293276,-273.185183,387.732674,33.14122668430219,10.8
1987,1.695573110325684,1.8005279563524388,5.722926351548417,258.270529,495.661476,23.485420934872025,10.8
1988,1.754586184722391,2.4987371210273825,4.398294012918832,178.709612,-45.88723,11.64420196312038,10.8
1989,1.6956467503674448,1.8287108937637628,5.830886608767752,293.087003,393.257506,22.072376190067153,10.8
1990,1.6956549387393178,1.8708878032190097,5.836476497835487,-318.882632,281.659361,35.201993234528594,10.8
1991,1.827568942772321,1.858306150849264,4.070547749331369,-318.173614,303.627114,34.86210969007294,10.8
1992,1.6958210588414888,1.777020764846502,5.933816889833054,178.060438,589.051255,25.133973134084762,10.8
1993,1.695838108676754,1.7822730776689473,5.922481078793843,217.598822,555.068477,24.42745076108556,10.8
1994,1.8455142212609885,1.7750073920571707,4.374387175328195,-209.231269,578.71338,30.786152116985114,10.8
1995,1.5984044708619656,1.7694703406675905,2.5157026285545205,-168.732213,612.898293,30.09536572287439,10.8
1996,1.7591157833333568,1.7684391240261186,4.184426444676492,97.205176,628.224506,26.369806286786122,10.8
1997,1.6961611061024202,2.1565714162456837,5.750562616932319,246.964893,42.293776,15.35907594063368,10.8
1998,1.696192652904911,1.8116778042472723,5.739559196158253,269.284345,429.120005,22.77889856253767,10.8
1999,1.5669974450224284,1.8037448076354665,2.197406287833527,266.436327,450.871907,23.014406022540634,10.8
2000,1.8472809206994516,1.7964472069588595,4.378296159830854,262.613056,472.766924,23.249913482505143,10.8
2001,1.8382376008576562,1.783213308405657,4.5784580817416,-252.887255,518.649517,31.72818193742841,10.8
2002,1.5966256179484388,2.1171222858502206,2.530953329372256,256.224716,58.239385,15.834671303998263,10.8
2003,1.5661550347525681,1.764749189843582,2.243336339030379,-97.205176,628.224506,29.07930404907372,10.8
2004,1.620796417299478,2.801572715758922,2.670810714874542,122.755245,-86.204117,8.459344981157571,10.8
2005,1.7649690946906489,1.8236700158817143,4.001825055659904,252.111617,401.754282,22.778898574720444,10.8
2006,1.8061692592244278,1.9406399744637055,4.038276344283014,291.458758,186.585583,18.887582909005253,10.8
2007,1.6967612863973696,2.077262609255062,5.568572937647657,264.449246,75.297522,16.31026665548589,10.8
2008,1.696814705727228,1.9234246685533578,5.5541138023848875,294.072284,204.638106,19.22746644545491,10.8
2009,1.5630448672632618,2.6146544158155125,2.180682298284228,-151.394704,-71.086884,45.46091544995979,10.8
2010,1.8207079818557066,1.7628671218253367,4.6042271456059405,-178.060438,589.051255,30.315137201775084,10.8
2011,1.7723451583609466,2.186712030364588,4.161781714362519,-236.766123,27.520827,40.565629738069376,10.8
2012,1.6167393080392816,1.7715990810297606,2.705066139284178,224.858513,531.401858,24.19194330973854,10.8
2013,1.697740645153461,1.765053604533942,5.386748011572122,-217.598822,555.068477,31.021659574774286,10.8
2014,1.69782493282676,1.7768201135332586,5.376895121577475,-258.270529,495.661476,31.963689400987818,10.8
2015,1.5605280532203556,2.038100935429371,2.2917888124850765,271.545988,93.401104,16.785862000185972,10.8
2016,1.8054707702589095,1.757956773281585,4.585087138179228,146.382494,597.711524,25.604988055840742,10.8
2017,1.7874376710030473,2.354078626370506,3.9994697677010222,-199.829572,-27.844694,42.808660507944396,10.8
2018,1.7814370412424254,1.8848231034938503,4.352014845691804,297.3667,242.928595,19.907233554646695,10.8
2019,1.7924252506510308,1.8350146619232501,4.500092007670223,293.865686,327.210684,21.266767744901948,10.8
2020,1.8187880132374972,2.2272832066387003,4.397982643373765,225.728121,13.973502,14.407885260130882,10.8
2021,1.6992407970269445,1.8928586563184098,5.16691443719335,296.23737,223.553977,19.56735000176377,10.8
2022,1.8234438435248395,1.7560706017311645,4.568044432163088,187.677471,565.88641,24.89846567988652,10.8
2023,1.769276251692587,1.797676034776038,3.9483016948387735,-293.087003,393.257506,33.37673414579269,10.8
2024,1.554346891167044,1.8588108098134213,2.2271849555924423,297.964546,263.18305,20.24711710418898,10.8
2025,1.8178790726495198,1.7698982978629978,4.424133308311218,-262.613056,472.766924,32.1991968533547,10.8
2026,1.7014232769729427,1.7756738158311933,4.894134806010965,-266.436327,450.871907,32.43470431331921,10.8
2027,1.6682723316022483,1.7792740000206688,2.803514485361955,-269.284345,429.120005,32.67021177332217,10.8
2028,1.6528987157066812,1.9892624971934567,2.6573817714301846,277.426768,112.476343,17.261457361315166,10.8
2029,1.681733888979247,1.7561075486737252,2.970938368677507,231.460474,508.733736,23.95643586004188,10.8
2030,1.7953266787318782,1.737749264568249,4.393369003660305,-146.382494,597.711524,29.844122280019103,10.8
2031,1.550188182299268,1.9263953437528207,2.342691001277795,287.906421,169.047582,18.547699354672837,10.8
2032,1.7044662309736887,1.836332641728921,4.6286826081289,297.428575,283.830512,20.58700064179093,10.8
2033,1.5778953135965088,2.43450343238158,2.6886412252270118,-178.709612,-45.88723,43.804908372739455,10.8
2034,1.693740013066098,2.750288527261505,3.1684027308834266,-122.755245,-86.204117,46.98976535470227,10.8
2035,1.6496090204150604,1.7908391689765872,5.7997808422439405,-252.111617,401.754282,32.6702117611394,10.8
2036,1.6496108423752827,1.7464000153292383,5.807847497328843,-224.858513,531.401858,31.257167026121305,10.8
2037,1.6351671385851907,1.7297753291366418,2.536945953464349,-0.0,635.700304,-27.72455516792992,10.8
2038,1.8019781500740173,1.8226219392620422,4.6598913702955524,296.263049,305.362629,20.926884201051067,10.8
2039,1.6496647318109163,1.7337323218368137,5.937569602134091,114.287656,604.669523,26.076002973545222,10.8
2040,1.6496711721483464,1.7805065085255531,5.9477132531125205,271.690361,408.332958,22.543391114831785,10.8
2041,1.5757684823677225,1.7371580075139719,2.703148319393052,-187.677471,565.88641,30.550644655973326,10.8
2042,1.6498054114240917,1.7363875013012164,6.081281734253868,157.221618,575.092709,25.369480599553874,10.8
2043,1.64981937082817,1.7549557452645805,6.0875480585379895,237.018184,486.103448,23.7209283972702,10.8
2044,1.704745382958316,1.7618493708743042,3.383737714278871,242.004054,464.443571,23.48542093997316,10.8
2045,1.7367921356466431,1.7688920050398549,3.93482355304232,246.008425,442.874578,23.249913482117194,10.8
2046,1.7085604722987737,2.1036237794707593,4.391517072419686,-246.964893,42.293776,40.09003439522616,10.8
2047,1.6500864725817088,1.7382579392922326,5.923262403852332,196.189378,542.640777,24.662958226837212,10.8
2048,1.650112753573553,1.7266431289953028,5.909097190577106,-114.287656,604.669523,29.373107362314624,10.8
2049,1.7151916295122347,1.7813171644421322,3.8148623108353275,230.320043,414.631702,23.249913486359915,10.8
2050,1.7728561795530209,2.5543243848803,4.387737858987311,157.904986,-55.133628,10.897751798060213,10.8
2051,1.7828998528158797,2.058925734455729,4.707555458267639,-256.224716,58.239385,39.61443903186158,10.8
2052,1.6570168733281563,1.7218980799580375,2.9226589895314348,81.86733,609.905436,26.54701787954258,10.8
2053,1.7139048090977074,2.3057904574803976,4.16738754384742,201.477035,-10.685946,13.394655077344915,10.8
2054,1.6505904716674524,1.8753393896378185,5.744435823830364,-294.072284,204.638106,36.221643890404934,10.8
2055,1.7897169822983086,1.8910344179490925,4.533609370297522,-291.458758,186.585583,36.56152742685459,10.8
2056,1.6421652112364264,1.7388226331762884,2.766080283157845,-231.460474,508.733736,31.492674475817967,10.8
2057,1.650635673593886,1.7984235713044552,5.73432068089637,-293.865686,327.210684,34.1823425909579,10.8
2058,1.792492833550556,1.726495496895145,4.680895429928456,-157.221618,575.092709,30.07962973630597,10.8
2059,1.5945120177390606,2.0229563453356447,2.8762631887898285,-264.449246,75.297522,39.13884368037395,10.8
2060,1.6700738235902024,1.7200017197550737,3.111277090770729,-81.86733,609.905436,28.902092456317263,10.8
2061,1.5410188121993125,1.843740670445243,2.338337509048908,-297.3667,242.928595,35.54187678121315,10.8
2062,1.6250643552206419,1.717936759207031,2.6294046012028782,49.213847,613.404351,27.018032793190997,10.8
2063,1.7207007199142335,1.8540892380735978,4.018108667512206,-296.23737,223.553977,35.88176033409607,10.8
2064,1.6514257492181508,1.7209724603145269,5.5856024989713555,126.318002,582.661157,25.840495511001734,10.8
2065,1.6514981884980129,1.8259705717230883,5.5762829864107,-297.964546,263.18305,35.20199323167086,10.8
2066,1.766174609145814,1.732380007395817,4.688281601836993,203.991225,520.357132,24.42745077062991,10.8
2067,1.5900239023440284,1.7234655749965162,2.907912825532157,166.9615,552.334267,25.133973143845836,10.8
2068,1.7291463719577516,1.9843680221258457,4.27296480195978,-271.545988,93.401104,38.66324833567387,10.8
2069,1.7532134104692583,1.7228803024613728,4.357336151791622,-196.189378,542.640777,30.78615210902263,10.8
2070,1.7517236186636025,1.7111206756038764,4.601744683953958,-49.213847,613.404351,28.43107754266885,10.8
2071,1.7394301311589093,1.734241356009233,4.469350881370331,-237.018184,486.103448,31.728181938589646,10.8
2072,1.6527245976402105,1.708712278041602,5.431105087938184,16.420204,615.156303,27.489047706693306,10.8
2073,1.6528341325392726,2.168689093519206,5.41860126374497,-225.728121,13.973502,41.04122507572896,10.8
2074,1.53527610447618,2.3957664345285687,2.439550688796361,182.21157,-29.012191,12.46883543555549,10.8
2075,1.7649219080819887,1.7325007788579743,4.530720063363981,-242.004054,464.443571,31.963689395886682,10.8
2076,1.7343062036740842,1.7018108040064759,4.309635507851806,-16.420204,615.156303,27.96006262916654,10.8
2077,1.7694605141088355,1.7477857674237516,4.819170185992109,-271.690361,408.332958,32.905719221028065,10.8
2078,1.654640804510946,1.7993029049773361,5.16030948783438,-297.428575,283.830512,34.86210969406891,10.8
2079,1.7628194180427954,2.684982159558949,4.4737091705826755,131.828625,-71.562655,9.473303381187975,10.8
2080,1.6573466242218153,1.7317849566020544,4.888172431314319,-246.008425,442.874578,32.19919685374265,10.8
2081,1.553850013755909,1.7773712945511708,2.867417006629873,-296.263049,305.362629,34.522226134808776,10.8
2082,1.6039361349272487,1.7733744809770629,5.864109419175495,271.886539,327.255006,21.606651288194087,10.8
2083,1.7488294036860783,1.7412048333248324,4.818971739173495,-230.320043,414.631702,32.19919684949993,10.8
2084,1.5514067533513278,2.094229235150363,2.8853315774439032,232.431605,52.831257,15.834671316818365,10.8
2085,1.603967033739595,1.7623803450070943,6.031685542400413,267.815048,348.853798,21.946534840537957,10.8
2086,1.6039717468693377,1.6920543936393582,6.045442373963317,-126.318002,582.661157,29.608614824858112,10.8
2087,1.661029023800346,1.869519700078476,4.626062760006812,-287.906421,169.047582,36.901410981187006,10.8
2088,1.6040778706261065,1.9270918654335274,6.201749793113321,-277.426768,112.476343,38.187652974544676,10.8
2089,1.5232518215411046,1.6900581545041373,2.5108244301854796,95.054635,588.570198,26.311510421054365,10.8
2090,1.6040892639330704,1.6957209875525754,6.210715881395369,-166.9615,552.334267,30.315137192014006,10.8
2091,1.741222387699658,1.7076583567696297,4.501252554833062,210.748289,498.05556,24.191943317319357,10.8
2092,1.4905398783524673,1.712722116108626,2.401653883143137,216.882559,476.69251,23.95643585411871,10.8
2093,1.6043106648848777,1.7271032612672608,6.1013223025661425,249.519952,422.245487,23.01440602445838,10.8
2094,1.604332645741952,1.719083173450006,6.091234090764116,222.031878,455.367854,23.720928408393732,10.8
2095,1.4895070270550927,1.6971981518462034,2.4811766098018717,-203.991225,520.357132,31.021659565229932,10.8
2096,1.701260025082115,2.4901356612059193,4.270563061859642,-157.904986,-55.133628,44.55135853779963,10.8
2097,1.665885261219699,1.733494168752588,4.373975267276724,207.872522,426.328259,23.720928398901158,10.8
2098,1.6047354080434322,1.6880832983291294,5.946158369167783,137.258119,560.45472,25.6049880607818,10.8
2099,1.604773760736303,1.6819960856051104,5.937082500988502,-95.054635,588.570198,29.137599914805477,10.8
2100,1.730593442027311,1.681845486975245,4.9015122237984885,63.520554,592.803004,26.782525337682003,10.8
2101,1.672117753474225,1.6906183179211596,4.151939370015952,175.941013,530.498562,24.898465686956733,10.8
2102,1.4863074312375744,1.7699952351868973,2.431126819404918,274.705533,305.876424,21.26676773604204,10.8
2103,1.605448911474367,1.735297704699543,5.790173242836495,292.285044,351.378847,21.601361284250423,10.8
2104,1.7382348942334362,1.820382639819971,4.5994329483808265,277.453151,226.660565,19.90723355999892,10.8
2105,1.6055111965545363,1.835697431270144,5.777292636207743,276.23654,208.460455,19.567349989978467,10.8
2106,1.7365905296347097,2.2376578127400006,4.456270044570317,-201.477035,-10.685946,42.05445525851492,10.8
2107,1.5160121921747245,1.676173873838198,2.5933331063151788,-63.520554,592.803004,28.66658499817784,10.8
2108,1.714698469911695,1.8043126124937332,4.861554842525354,278.156217,245.686953,20.24711709475315,10.8
2109,1.5657191856760133,1.675306624450627,3.102559007274292,31.805568,595.347518,27.2535402491215,10.8
2110,1.7204890832139461,1.7907958224033202,4.4433297360189625,277.791296,265.091026,20.58700066055431,10.8
2111,1.6799282671104903,1.6803170587930378,4.357576452366691,-137.258119,560.45472,29.844122275078043,10.8
2112,1.4832237951684,1.6724341533688794,2.6320178980375313,-0.0,596.196496,-27.72455516792992,10.8
2113,1.7010483319575795,1.672295184182162,4.7522816278587205,-31.805568,595.347518,28.19557008673834,10.8
2114,1.6895115213699008,2.642316564062196,4.57687958410164,-131.828625,-71.562655,45.975806954671874,10.8
2115,1.6065731844881075,1.6885664842242836,5.630975889242088,-210.748289,498.05556,31.257167018540486,10.8
2116,1.6073458319948726,1.772765627892293,3.164579094810659,276.828764,285.331429,20.926884199653124,10.8
2117,1.6066686222706055,1.6948281889133743,5.622654408336473,-216.882559,476.69251,31.49267448174113,10.8
2118,1.6207718105570084,1.6754093295329382,3.3778685302649833,107.163831,566.97901,26.07600296063334,10.8
2119,1.5920393098289904,1.7481198621718865,2.9841510745343784,-271.886539,327.255006,33.842459047665756,10.8
2120,1.6327922053838915,1.7366267659276042,3.6112810741351833,-267.815048,348.853798,33.502575495321885,10.8
2121,1.5608637438523847,1.678583909646216,3.139139336568895,-175.941013,530.498562,30.55064464890311,10.8
2122,1.643878266389397,1.696365304569535,3.881262781299597,-222.031878,455.367854,31.72818192746611,10.8
2123,1.6082532342123435,1.7116481691151006,5.473568543041023,-207.872522,426.328259,31.728181936958684,10.8
2124,1.6083925121845946,2.017407603653388,5.453803231126363,240.981991,68.615612,16.310266666796984,10.8
2125,1.7006365326536783,2.3249690282455053,4.490461603086283,-182.21157,-29.012191,42.980274900304344,10.8
2126,1.6544852605150242,1.6725556270323727,4.165262556416547,147.389725,539.129144,25.36948060224516,10.8
2127,1.4768717913696348,1.6989977564825,2.5537441150612934,-249.519952,422.245487,32.43470431140146,10.8
2128,1.7160436537036292,1.8331247090374163,4.759350404360062,274.044307,190.7011,19.2274664523717,10.8
2129,1.6650422514921386,1.67630128433544,4.356812513788725,183.878188,508.589219,24.662958219016154,10.8
2130,1.6106542479167436,1.6619808793634068,5.168602153352421,-107.163831,566.97901,29.373107375226503,10.8
2131,1.6108493164111923,2.0492693267721074,5.145920394649689,-232.431605,52.831257,39.61443901904148,10.8
2132,1.711537274148869,1.6799441004353075,4.667524568810878,191.143386,487.583838,24.42745077859214,10.8
2133,1.59613192139132,1.969097422673838,3.314931915786203,248.472729,85.464814,16.785862018241218,10.8
2134,1.6091814324260951,1.6574219855744667,3.53702735802887,76.764341,571.888556,26.547017886263376,10.8
2135,1.5813249652055268,1.6832347899739144,3.1118971197020797,197.42299,466.564251,24.19194330976581,10.8
2136,1.7105068153775338,1.6980785225404118,4.629124980424226,184.832985,436.810643,24.191943309702026,10.8
2137,1.6209527047774632,2.4377931618369315,4.03572509551816,162.739393,-38.595227,11.807308785958092,10.8
2138,1.613958088136973,1.660622063750778,4.86857822559446,-147.389725,539.129144,30.07962973361468,10.8
2139,1.4717841395790254,1.6884013604099906,2.7443957841750777,226.638914,434.955469,23.48542094896615,10.8
2140,1.5013231187069775,1.7059323935943573,2.742869819719556,-292.285044,351.378847,33.84774905160942,10.8
2141,1.526634936798279,1.737338187034546,3.0847440050114465,-274.705533,305.876424,34.1823425998178,10.8
2142,1.5609633639842115,1.6532751564969093,6.097172842313409,-76.764341,571.888556,28.902092449596466,10.8
2143,1.5609660252445703,1.6532289492595516,6.1087420228261315,46.146229,575.169375,27.0180327924328,10.8
2144,1.5610429501886367,1.657799069505557,6.2868640558291755,118.418674,546.224297,25.840495517295587,10.8
2145,1.5610519367737234,1.929954512306606,6.300573189046952,254.814501,103.308716,17.261457358126627,10.8
2146,1.6962701329946155,2.08238413944527,4.971707866261301,222.915012,38.175133,15.359075948738209,10.8
2147,1.5612328635922956,2.194346179010348,6.226309938050248,201.653842,6.550803,14.148860338038496,10.8
2148,1.561251150235391,1.6491556191914984,6.218254378377798,-46.146229,575.169375,28.431077543427044,10.8
2149,1.5239134954809637,1.7840372146974228,3.1063139899328065,-277.453151,226.660565,35.54187677586092,10.8
2150,1.6183591200245675,1.6602139070381603,4.5955572462479255,156.484405,517.674427,25.13397313567158,10.8
2151,1.5615898318785322,1.645569844427346,6.081111652787636,15.396693,576.812124,27.489047706729274,10.8
2152,1.5616223216683565,1.6574332826203424,6.068785221565929,-183.878188,508.589219,30.786152116843684,10.8
2153,1.689565695256943,1.7644362113056202,4.616142046777542,-278.156217,245.686953,35.20199324110669,10.8
2154,1.6240592742761473,1.6421134020325647,4.333537337263658,-15.396693,576.812124,27.96006262913057,10.8
2155,1.6788875060752482,1.74902882279815,4.959422842924948,-277.791296,265.091026,34.86210967530553,10.8
2156,1.5621983080686523,1.7904677898416548,5.928505111908343,-276.23654,208.460455,35.881760345881375,10.8
2157,1.5622517609628022,1.7349318849298194,5.9201358744773795,254.051306,305.787708,21.606651284412727,10.8
2158,1.4927054885623334,1.6566995939805191,2.7878856916954975,-191.143386,487.583838,31.021659557267704,10.8
2159,1.6312624286918975,1.8854680176184309,4.189938072088992,259.922566,122.070675,17.7370527085247,10.8
2160,1.6638231638757834,1.7306738146443672,4.851871711108297,-276.828764,285.331429,34.52222613620672,10.8
2161,1.4623797982726707,1.6414643381994092,2.744968323856769,-118.418674,546.224297,29.60861481856426,10.8
2162,1.686784876769339,1.717902726216585,4.8022605297579455,250.353407,326.1084,21.94653483687805,10.8
2163,1.5631690671136664,1.7069077034814042,5.793344818752904,245.897662,347.206666,22.286418392720933,10.8
2164,1.6401681644383603,2.574182112899898,4.473565797629839,139.163633,-55.977524,10.487261809710631,10.8
2165,1.5632519748409388,1.6760285122053042,5.785580246645931,-184.832985,436.810643,31.257167026157813,10.8
2166,1.6509649826150357,1.659930530390346,4.696237947836447,-197.42299,466.564251,31.25716702609403,10.8
2167,1.6840095827289088,1.6376632149248076,4.578140839384173,89.110369,551.763814,26.311510432172142,10.8
2168,1.534829962823854,1.6473676338310264,3.3413118901360988,164.859842,497.086537,24.898465679597116,10.8
2169,1.668597425124984,2.26949530549953,4.548779315613697,184.123691,-11.884013,13.293468959384114,10.8
2170,1.5646372391119403,1.640501651754983,5.659216171971676,-156.484405,517.674427,30.315137200188264,10.8
2171,1.5647596735073446,1.6611980251098235,5.647886957452131,-226.638914,434.955469,31.96368938689369,10.8
2172,1.4553716662915521,1.7862261813822178,2.910036785330037,-274.044307,190.7011,36.221643883488134,10.8
2173,1.5667597341126271,1.6831816407864437,5.443286720526345,240.176189,368.428108,22.62630194114486,10.8
2174,1.5669331426663717,1.8421390230036008,5.423740035328894,263.717199,141.667845,18.212648071630383,10.8
2175,1.5296772557950615,1.645875370712979,3.3832630865671987,172.251845,476.431883,24.662958220034284,10.8
2176,1.6654811997415448,1.7244044942154237,5.006984428410415,256.568509,285.681389,21.26676774663521,10.8
2177,1.569711994339397,1.6266421241578772,5.1371497409778755,128.644958,525.28531,25.604988051552006,10.8
2178,1.5699489676850107,1.9515255500133455,7.131773155834723,-240.981991,68.615612,39.138843669062865,10.8
2179,1.6606853306545124,1.617480745107029,4.841997559591664,-89.110369,551.763814,29.137599903687697,10.8
2180,1.5182704516571757,1.6143167980504682,6.142448534872852,59.54828,555.73192,26.782525342100847,10.8
2181,1.5736840714256763,1.6489415749369332,4.8388010577476885,161.267047,446.048999,24.662958226281212,10.8
2182,1.5183136914282527,1.613704919304994,6.359223649934921,-59.54828,555.73192,28.666584993758995,10.8
2183,1.5183202206682793,2.368273227038384,6.376653133544828,-162.739393,-38.595227,43.64180154990174,10.8
2184,1.6587877981267385,1.6405775624489565,4.7255529095218485,203.112414,446.426707,23.956435860244063,10.8
2185,1.4756014551471444,1.6250299495437803,2.986802952228021,-164.859842,497.086537,30.550644656262726,10.8
2186,1.6465984154312205,1.9078063074977956,5.185860405634945,-248.472729,85.464814,38.66324831761863,10.8
2187,1.518463640768568,1.6118011172711388,6.349718117650197,29.816599,558.117313,27.253540247552273,10.8
2188,1.5184787084427476,1.7378281755334148,6.338528544904455,259.18864,247.33886,20.58700065833586,10.8
2189,1.518763193536835,1.608672792871072,6.211117281179833,-29.816599,558.117313,28.195570088307573,10.8
2190,1.560221567314582,1.6146356302932188,3.8466671226888534,-128.644958,525.28531,29.844122284307836,10.8
2191,1.5187907854596088,1.6210514115466141,6.203085819828623,138.10678,505.173545,25.36948059599908,10.8
2192,1.5467696346727584,1.608062356066893,3.59571815040472,-0.0,558.9132,-27.72455516792992,10.8
2193,1.5788759227683857,1.6274558186770176,4.548374439789852,146.59013,484.942647,25.133973136422547,10.8
2194,1.5723213481777187,1.694107394697774,4.137794183717143,-254.051306,305.787708,33.84245905144712,10.8
2195,1.6337550242435817,1.7190337932313202,5.11816211698526,258.425516,266.362934,20.92688420110607,10.8
2196,1.4966835538410659,1.6133314466602755,3.333585913335692,100.439132,531.40019,26.07600297556268,10.8
2197,1.5835543271957842,1.6252782696510355,4.4452837236930165,-172.251845,476.431883,30.786152115825555,10.8
2198,1.5192837522029556,1.6692097966872692,6.084619242056732,-245.897662,347.206666,33.16269194313892,10.8
2199,1.6300900451314482,1.6393363220969293,5.128536072621729,-161.267047,446.048999,30.786152109578634,10.8
2200,1.519329768165804,1.679552369072479,6.077439208170528,-250.353407,326.1084,33.50257549898179,10.8
2201,1.5943873728377689,2.126373390540857,4.635040452255996,-201.653842,6.550803,41.300249997821346,10.8
2202,1.6165650066904687,2.015323845312636,4.94063843790914,-222.915012,38.175133,40.090034387121634,10.8
2203,1.4430765093651152,1.866676732085922,2.9984367122983593,-254.814501,103.308716,38.187652977733215,10.8
2204,1.605257861667642,2.515434900993219,4.788026688602772,-139.163633,-55.977524,44.961848526149204,10.8
2205,1.5854920063345075,1.7431064498077693,4.2868265155879,259.376158,229.099096,20.247117089367002,10.8
2206,1.4937280035792142,1.608265275870057,3.3599675122981156,-100.439132,531.40019,29.373107360297166,10.8
2207,1.6158662262742682,1.6124381251875377,4.998251899505094,-138.10678,505.173545,30.079629739860763,10.8
2208,1.5937352125000142,1.6545529364876652,4.552906355846475,-240.176189,368.428108,32.82280839471498,10.8
2209,1.6384626882427071,1.6054691394109355,4.782504689678454,71.947259,536.001655,26.54701787956993,10.8
2210,1.5201240354037984,1.6341324816753109,5.954401903185992,137.241824,454.017017,25.13397314136496,10.8
2211,1.5201961837460818,1.9651020073886714,5.943107648813791,225.39947,77.528523,16.785862004982306,10.8
2212,1.603800175554183,1.8340744789097188,4.798543609602018,-259.922566,122.070675,37.71205762733514,10.8
2213,1.4657568674109995,1.6214020676871277,3.01661252221179,-203.112414,446.426707,31.49267447561578,10.8
2214,1.6359617654478444,1.6065865065494251,4.901457325633046,110.960393,511.821829,25.840495506838757,10.8
2215,1.5214083454918128,1.6128221439742487,5.817663026518574,-146.59013,484.942647,30.3151371994373,10.8
2216,1.5215160068841962,1.6123897782687768,5.810836018221868,120.510929,492.072305,25.604988061586617,10.8
2217,1.5487980765491522,1.7463686941598755,4.044706474987687,258.557031,211.223705,19.907233544281127,10.8
2218,1.5357008024879488,1.6889288986792677,3.763615974602213,-256.568509,285.681389,34.18234258922463,10.8
2219,1.6340305179680787,1.6343324476218029,4.97954905401434,143.876376,433.817046,24.898465685441394,10.8
2220,1.5606750272785153,2.208051986320676,4.344234435192637,-184.123691,-11.884013,42.15564137647572,10.8
2221,1.5718166092107484,1.5948511476638447,4.616934802186452,-71.947259,536.001655,28.902092456289918,10.8
2222,1.5232842412367666,1.59299809744107,5.698943779032564,43.250481,539.076597,27.0180327915415,10.8
2223,1.5234382900118877,1.6130915828254013,5.6921757630103995,179.007454,456.626531,24.427450772436877,10.8
2224,1.4342736313030997,1.7962085800180727,3.132970673681139,-263.717199,141.667845,37.236462264229466,10.8
2225,1.5022907427541115,1.6912156473910125,3.585900443316152,237.162277,285.459305,21.606651292619844,10.8
2226,1.5259195547311648,1.5926685649912506,5.426735149552337,-110.960393,511.821829,29.608614829021086,10.8
2227,1.5261321209315737,1.5858951854525594,5.401658317687967,-43.250481,539.076597,28.43107754431834,10.8
2228,1.6155654806926565,1.5853005872578692,5.1244412987552455,14.430526,540.616261,27.48904771376899,10.8
2229,1.5294986976203109,1.608111570574129,5.09209540085426,-137.241824,454.017017,30.31513719449488,10.8
2230,1.496915184675204,1.5786829104730646,3.628053630030587,-14.430526,540.616261,27.960062622090852,10.8
2231,1.4780762803302938,1.6687463724366858,7.833762403070511,233.824196,304.577579,21.946534845800954,10.8
2232,1.4780799175722246,1.5911305658028254,7.835239392837274,-120.510929,492.072305,29.844122274273225,10.8
2233,1.4781834478544726,1.6936941851980527,7.642400752454125,-259.18864,247.33886,34.86210967752398,10.8
2234,1.478195372574271,1.5829042495652585,7.913461595464885,83.497993,517.012455,26.311510419015583,10.8
2235,1.6024412763998135,1.6035349594957933,4.704748893431167,112.825739,460.692004,25.604988059083837,10.8
2236,1.6104481399056185,1.5883009338390037,5.102508003514242,94.088516,497.800551,26.076002974671866,10.8
2237,1.5975810631674896,2.302140635567826,5.22229798488984,165.846616,-21.647209,12.716865696267988,10.8
2238,1.4784299918231953,1.6528792093751798,7.579138409903108,229.767249,324.430578,22.286418399515455,10.8
2239,1.478453234199283,1.6770933479802475,7.327700565609454,-258.425516,266.362934,34.52222613475377,10.8
2240,1.6097248798791781,1.6415858606937526,5.164513585141965,224.516612,344.406457,22.62630192823638,10.8
2241,1.5342182373520976,1.611308833707865,4.783215307021042,-143.876376,433.817046,30.550644650418448,10.8
2242,1.4788736212982734,1.576952808581552,7.045803190277213,-83.497993,517.012455,29.13759991684426,10.8
2243,1.4789131683409518,1.6868816465432999,7.022554345456517,239.387065,266.550363,21.26676774474185,10.8
2244,1.5402817197042709,2.0719015541525043,4.483431315994374,200.358703,23.739736,14.903065632280885,10.8
2245,1.5819437633102562,1.5808226731515869,5.097717400842499,-94.088516,497.800551,29.37310736118798,10.8
2246,1.4465453164373627,1.5868165735181687,3.3031151110618096,-179.007454,456.626531,31.021659563422965,10.8
2247,1.479600209596308,1.5723364534875042,6.739016325463104,55.797792,520.73064,26.78252533834359,10.8
2248,1.4796629328808077,1.5937636942728768,6.820744130461431,-112.825739,460.692004,29.844122276776005,10.8
2249,1.5478937695308899,1.6221884966420481,4.367938674640616,218.45054,365.099289,22.96618549686584,10.8
2250,1.5685479041600452,1.694455142233681,4.922606497114711,-259.376158,229.099096,35.20199324649284,10.8
2251,1.4193178205463077,1.5769914496075572,3.277119847673503,67.398141,502.111071,26.547017884468488,10.8
2252,1.5572535789508397,2.444100866409329,4.677149099656906,144.663545,-39.654239,11.501220263547609,10.8
2253,1.4807223017958553,1.588606148793678,6.454815191740358,88.088329,466.05495,26.076002971259427,10.8
2254,1.480816824223941,1.5665052196330522,6.437138057593232,-55.797792,520.73064,28.666584997516253,10.8
2255,1.4644851860874624,1.8710004303096852,3.6016448441019393,232.202234,94.141089,17.26145735431708,10.8
2256,1.587834947395167,1.5761719498976148,5.373182037681479,154.392685,465.525892,24.89846567537967,10.8
2257,1.482377039860741,1.6997819727663086,6.139636092826518,-258.557031,211.223705,35.541876791578716,10.8
2258,1.482513572692844,1.9029511454523191,6.113211850897439,-225.39947,77.528523,38.663248330877536,10.8
2259,1.461344158798406,1.5668755810812365,3.627911228244592,40.515817,504.99159,27.01803280492227,10.8
2260,1.5707498459227525,1.5571929263596318,5.549387325080752,27.93868,522.965795,27.253540259306433,10.8
2261,1.5847112129712293,1.5626368847101437,5.492451873206383,-67.398141,502.111071,28.902092451391358,10.8
2262,1.4847234276456382,1.5953656155209857,5.786198415417688,211.113015,385.817531,23.306069034750855,10.8
2263,1.4849135677368843,1.5541131602816145,5.765212311892817,-0.0,523.711555,-27.72455516792992,10.8
2264,1.435654364989143,1.553784309691536,3.3066889670877,-27.93868,522.965795,28.19557007655341,10.8
2265,1.558123411544441,1.5595237579019843,5.413766298254821,-40.515817,504.99159,28.431077530937575,10.8
2266,1.4088914141680338,2.1362946344543876,3.363042013202043,184.429292,5.347855,14.118102454254995,10.8
2267,1.5463772217487055,1.5718821009603128,5.264496671273271,-88.088329,466.05495,29.37310736460041,10.8
2268,1.5126440930061327,1.644870399960168,4.724327889455193,-237.162277,285.459305,33.84245904324,10.8
2269,1.5004308861091629,1.5565362090280495,4.393603964468217,13.518106,506.433903,27.4890477035584,10.8
2270,1.5240606983757126,1.6323118154131706,4.923229774944444,-233.824196,304.577579,33.50257549005889,10.8
2271,1.5351570928419367,1.556342873608413,5.092663119863715,-13.518106,506.433903,27.960062632301447,10.8
2272,1.5683732256714746,1.570290009120631,5.599508566997674,63.100045,470.090581,26.54701788762371,10.8
2273,1.4879389214267558,1.8176657269335654,5.456443433304863,237.836948,111.698332,17.73705274233265,10.8
2274,1.573103156937176,1.6189796787841932,4.335330648567363,-229.767249,324.430578,33.16269193634439,10.8
2275,1.4881953789099387,1.6079790279229655,5.435262604383192,-224.516612,344.406457,32.82280840762346,10.8
2276,1.4922152613760131,1.572718573762921,5.127387915872623,232.524142,393.484644,23.01440602074085,10.8
2277,1.438175348442593,1.92328629097922,8.564970420823371,217.514735,61.933701,16.310266653705256,10.8
2278,1.4925515545418733,1.5556150013926848,5.102990650189777,-154.392685,465.525892,30.550644660480177,10.8
2279,1.4382329057323322,1.5629991726896812,8.206771435795794,-63.100045,470.090581,28.902092448236132,10.8
2280,1.4382415418166752,2.24488355035832,8.572536427491913,-165.846616,-21.647209,42.73224463959185,10.8
2281,1.4685694045035023,1.5896806714881537,3.829244146812231,-218.45054,365.099289,32.482924838994,10.8
2282,1.438428114453715,1.6474821730796512,8.56593195074061,-239.387065,266.550363,34.182342591118,10.8
2283,1.438447418463201,1.5610031348989066,7.798069683257929,37.932054,472.787404,27.018032793131013,10.8
2284,1.5513024225944354,1.5697770667618094,5.595831132729238,166.814535,425.523857,24.42745076536646,10.8
2285,1.4977535497654846,1.7757059872440644,4.803978849686935,242.22236,130.120902,18.21264807750348,10.8
2286,1.438804467745577,1.5505363091131652,7.452960337633057,129.338208,473.099446,25.36948059831945,10.8
2287,1.4388384841758994,1.5579297825611873,7.429949838136183,-37.932054,472.787404,28.43107754272883,10.8
2288,1.5613517971861735,1.5753754431894205,5.9488711169865125,-211.113015,385.817531,32.14304130110899,10.8
2289,1.536540712454665,1.5548634492346234,5.422113283236081,12.656033,474.137739,27.489047704502838,10.8
2290,1.5126211925181547,1.5548378432722956,5.075457087556065,-12.656033,474.137739,27.960062631357008,10.8
2291,1.5012733142242887,2.0172461673764897,4.899003323262087,-200.358703,23.739736,40.54604470357896,10.8
2292,1.504758581421126,1.6404184458422768,4.5094966666512715,218.165854,284.181145,21.946534853255017,10.8
2293,1.4892635848246394,2.3872198975839027,4.608783452430934,-144.663545,-39.654239,43.947890072312234,10.8
2294,1.4394343370648655,1.6539658016107026,7.114732119949627,240.9776,248.379113,20.926884192611077,10.8
2295,1.439489046515457,1.693461137415638,8.534490007386577,252.726335,190.718602,19.56734998559169,10.8
2296,1.4630476358998588,1.7434096746984777,3.8610138145372863,245.282463,149.323485,18.688243431004736,10.8
2297,1.513432512187315,1.6247399494276802,4.881569911301952,214.492595,302.862818,22.286418396146615,10.8
2298,1.5239679474777894,1.5611757552784413,5.175179473864537,-166.814535,425.523857,31.021659570493387,10.8
2299,1.440417715960547,1.5581568932167793,6.79028546380286,-232.524142,393.484644,32.43470431511899,10.8
2300,1.440500922544941,1.5412300837979067,6.765991556352721,-129.338208,473.099446,30.079629737540394,10.8
2301,1.4418803737864523,1.819845127181582,6.474924931057177,-232.202234,94.141089,38.18765298154276,10.8
2302,1.4420015621483233,1.6032499362344297,6.456730798702637,209.693237,321.667534,22.6263019344999,10.8
2303,1.5459328698643324,1.654707207360979,5.003206708566301,241.536436,230.493692,20.587000645745867,10.8
2304,1.5404143449862995,1.5883128288252273,6.495075374756417,204.120606,341.149479,22.966185485774545,10.8
2305,1.3915758822317434,1.7063049446441014,3.5114712505395778,246.946909,169.21514,19.163838789521357,10.8
2306,1.414693098152962,2.091164931736448,3.6859030731658677,-184.429292,5.347855,41.33100788160485,10.8
2307,1.4439714026528057,1.5300104805629167,6.194318826918469,103.915379,479.325622,25.84049550859377,10.8
2308,1.444141547659699,1.7799698065871234,8.425782349480135,-237.836948,111.698332,37.7120575935272,10.8
2309,1.5099926680960976,1.5553464796695964,5.45301372180142,180.797879,400.918944,23.985836137110674,10.8
2310,1.4468600689603326,1.6690456164600433,5.927244411452525,182.988147,258.378644,22.28641839487907,10.8
2311,1.4470913916500332,1.523491012787811,8.36100442407248,-103.915379,479.325622,29.608614827266074,10.8
2312,1.4305701368961765,1.883160001375894,3.8706715269798724,-217.514735,61.933701,39.138843682154594,10.8
2313,1.5283997292125837,1.5558128560821567,6.119678470734007,189.707943,380.826766,23.645952585315747,10.8
2314,1.521891177475675,1.6121328179715997,7.098963470394599,-218.165854,284.181145,33.502575482604826,10.8
2315,1.4272952846337512,2.1913927065221595,3.8950875788556987,167.193677,-4.469444,13.626422660167457,10.8
2316,1.4507319217322112,1.5180385200537594,8.282585271119087,78.196601,484.186688,26.311510420034338,10.8
2317,1.4510375953048325,1.7377444641709046,5.891418230690784,-242.22236,130.120902,37.23646225835637,10.8
2318,1.4557841347157585,1.5912761027821676,6.218256246394243,-214.492595,302.862818,33.16269193971323,10.8
2319,1.4561779404162307,1.5574401725883231,6.241833827204348,197.348367,360.662084,23.306069046786845,10.8
2320,1.5057269863658722,1.971297976437217,7.05071685007531,197.601072,40.755383,15.657270887499486,10.8
2321,1.513976247405285,1.616507772833643,6.058391611875532,-240.9776,248.379113,34.522226143248766,10.8
2322,1.4029607967104814,1.5779844204126707,3.6495044084753023,-209.693237,321.667534,32.82280840135995,10.8
2323,1.3797418469565657,1.8260917583210834,3.6211199624971235,215.751331,101.325988,17.73705273381148,10.8
2324,1.5210659255883239,1.652581587004374,5.890224492333862,-252.726335,190.718602,35.88176035026815,10.8
2325,1.4622200909094025,1.5086291286263698,6.516780736488909,-78.196601,484.186688,29.137599915825508,10.8
2326,1.4627160163533675,1.7021076821426602,8.072430343940075,-245.282463,149.323485,36.760866904855106,10.8
2327,1.4918243973302803,1.6268066636609344,7.034035370160652,-241.536436,230.493692,34.86210969011398,10.8
2328,1.470243240322174,2.3241442201677933,6.749874777346198,148.255836,-22.808049,12.515178728540803,10.8
2329,1.48005036682397,1.6486802133995206,6.936174381946362,-182.988147,258.378644,33.16269194098078,10.8
2330,1.5008166065299136,1.5309607494093236,5.926608279092846,-180.797879,400.918944,31.463274198749165,10.8
2331,1.4886240326773692,1.5008053918100759,5.766976882023189,52.25512,487.668801,26.78252534666528,10.8
2332,1.4341422069277594,1.500432097284892,4.046178781582504,-52.25512,487.668801,28.66658498919456,10.8
2333,1.4770461620261066,1.5529897042509055,5.595071800864878,-204.120606,341.149479,32.482924850085304,10.8
2334,1.46567907146568,1.66676361758319,5.402117646343636,-246.946909,169.21514,36.285271546338485,10.8
2335,1.382374248279481,1.5310524962050949,8.817131063516172,-189.707943,380.826766,31.803157750544095,10.8
2336,1.3823793257865082,1.4963305299395235,5.945260659809077,26.164819,489.762044,27.25354024742211,10.8
2337,1.4540740456492942,2.0423682999222104,5.215057718300373,183.125707,22.533062,14.942735957919751,10.8
2338,1.3825221039652165,1.4952207398198811,7.964133919506939,-26.164819,489.762044,28.19557008843773,10.8
2339,1.382882303654801,1.4927271715071644,8.407246747320984,-0.0,490.460454,-27.72455516792992,10.8
2340,1.4285510376635706,1.582219213286301,4.0768729361837,195.650856,300.126649,22.626301945037454,10.8
2341,1.383421734890664,1.764831255287051,6.644190579421798,220.727521,118.573959,18.21264808452044,10.8
2342,1.498582017479259,1.5336794691027156,6.430647563638277,-197.348367,360.662084,32.143041289073004,10.8
2343,1.3834715197664438,1.5149582022398635,8.562549661288788,149.410559,413.64279,24.665603229671618,10.8
2344,1.3843186778894356,1.56236052867534,8.935533325428072,190.55091,318.470266,22.966185486936446,10.8
2345,1.3856562500692142,2.1367432992015774,7.256136172052193,-167.193677,-4.469444,41.82268767569238,10.8
2346,1.3857671894530956,1.5142713079863779,5.8473000027314,159.840322,394.295829,24.32571968233802,10.8
2347,1.4430526009906526,1.5827829546759613,5.374817067493294,221.149974,266.186169,21.606651297233114,10.8
2348,1.4901147799215009,1.9287969085387884,6.478871352746748,-197.601072,40.755383,39.79183944836036,10.8
2349,1.360433553309877,1.7846196988498664,3.7966763209000485,-215.751331,101.325988,37.71205760204836,10.8
2350,1.3875726568356068,1.5919711239889829,5.566974842078298,223.083459,248.396784,21.266767752227004,10.8
2351,1.3877288034755073,1.539427117900207,8.270431587039388,184.318736,336.849907,23.30606902579801,10.8
2352,1.3806466417200682,2.2753557287035155,3.9810607759848256,-148.255836,-22.808049,42.93393160731903,10.8
2353,1.4648264304779846,1.514189861873383,6.129032316347953,169.00979,374.778878,23.985836122660643,10.8
2354,1.3902277838064576,1.4944916474657801,7.001755603200605,-149.410559,413.64279,30.783507106188225,10.8
2355,1.3954929513984307,1.4933484535311066,4.121933864422487,117.13719,423.913613,25.345370333590324,10.8
2356,1.4527570787047537,1.5197292464093373,5.9656655985718965,177.263467,355.845264,23.645952595342358,10.8
2357,1.4735230564460633,1.553914485913801,6.534064776551738,-195.650856,300.126649,32.82280839082239,10.8
2358,1.3937995483201606,1.7032248024015897,8.261661306672913,224.440815,136.63547,18.68824342430564,10.8
2359,1.4608177096606663,1.5392448115265431,7.682911255548672,-190.55091,318.470266,32.482924848923396,10.8
2360,1.4411684081118072,1.8087614411906066,5.784970248261402,209.589967,84.973462,17.26145734968553,10.8
2361,1.3921373267428607,1.4967901770036018,4.142354635411214,-159.840322,394.295829,31.12339065352183,10.8
2362,1.3988450859771016,1.9914311371765607,6.467261535412065,-183.125707,22.533062,40.50637437794009,10.8
2363,1.4454438623395274,1.481095887141066,7.455033333508602,-117.13719,423.913613,30.103740002269518,10.8
2364,1.4044675249060863,1.7232047413763543,6.837229531935623,-220.727521,118.573959,37.236462251339404,10.8
2365,1.3682954719854372,1.4975174626905245,4.0391428558606925,-169.00979,374.778878,31.4632742131992,10.8
2366,1.4585059552841724,1.6651611417000507,6.541154541695624,226.818968,155.422895,19.163838798452915,10.8
2367,1.4049300109779723,1.5552465190384008,8.084992622061806,-221.149974,266.186169,33.842459038626735,10.8
2368,1.347447204418321,1.5179021803387567,3.9193418424104522,-184.318736,336.849907,32.14304131006183,10.8
2369,1.4322765461733766,1.4769508048864246,7.144521827321962,84.169164,431.670504,26.02513742167674,10.8
2370,1.411966084421139,1.5669013886147076,7.213225004786693,-223.083459,248.396784,34.182342583632845,10.8
2371,1.4211734198769792,1.5036606986218004,7.179862133495864,-177.263467,355.845264,31.803157740517488,10.8
2372,1.3994813348688027,1.482472965212329,4.216684687150952,129.024801,405.426602,25.00548677972023,10.8
2373,1.4562853012576276,1.7493724959725094,6.682989333053857,203.599167,123.947456,18.68824344785949,10.8
2374,1.4448331307564697,1.6316464823807153,6.2769318407271255,227.795594,174.843236,19.639434158897856,10.8
2375,1.393895809828738,2.079656228983502,4.24329008669367,166.766281,12.755755,14.53597956862211,10.8
2376,1.4322142078598745,1.8774079824152132,6.062286519382333,193.401078,57.473542,16.411476165752596,10.8
2377,1.327332834696466,1.4627919816345802,7.802543592145381,-84.169164,431.670504,29.423972914183103,10.8
2378,1.3274273212026375,1.6007430875625566,8.012725969939302,227.310535,194.798511,20.115029492736056,10.8
2379,1.3275984284324454,1.4611456346182865,8.18364902708567,50.70199,436.867464,26.704904519102904,10.8
2380,1.420300042659741,1.478355081021657,5.934844013681904,139.668934,386.673125,24.665603240430784,10.8
2381,1.3279126053585213,1.6695161809474715,8.391632681405175,-224.440815,136.63547,36.7608669115542,10.8
2382,1.328308098774886,2.2110850110164932,8.552150865360005,149.893135,-5.661099,13.529137142067498,10.8
2383,1.4086867258086144,1.519259280923032,5.687216952537405,171.975591,314.292314,23.30606903967852,10.8
2384,1.3289330511466346,1.4631285378014878,8.54791564281062,97.444125,414.153077,25.685253884165476,10.8
2385,1.4372698355904436,1.461238277307332,6.832968894947999,-129.024801,405.426602,30.443623556139617,10.8
2386,1.3296575890418045,1.7642388767737653,8.415613059356831,-209.589967,84.973462,38.187652986174314,10.8
2387,1.4270940042540756,1.4483889474287688,6.708330884140752,-50.70199,436.867464,28.74420581675694,10.8
2388,1.3307414414923713,1.4758128063865756,8.28466257503686,149.355105,368.430782,24.325719676506708,10.8
2389,1.3319471308768485,1.44499750143844,8.162381142945774,16.934138,439.473671,27.38467162062753,10.8
2390,1.4228034599762904,1.5186950399237318,6.423537285387465,200.010864,282.414663,22.286418398294963,10.8
2391,1.3265678220148642,1.4920273933876116,4.104786812839278,165.479203,332.189093,23.645952574211407,10.8
2392,1.3450503569095476,1.9355455078002117,4.258405111804208,180.224309,39.521662,15.767369415378262,10.8
2393,1.333689275467698,1.4410505772690438,8.039601080589504,-16.934138,439.473671,28.064438715232317,10.8
2394,1.359815327598558,1.4763131835794705,4.332148293748468,157.85117,350.034662,23.98583614131833,10.8
2395,1.3355694608400903,1.4459890143855514,7.929227423017563,-97.444125,414.153077,29.76385645169437,10.8
2396,1.4200587088221885,1.61706708872538,6.585578490337867,-226.818968,155.422895,36.28527153740693,10.8
2397,1.4094254840431013,1.5240056158936053,6.264151010970222,203.307532,264.82681,21.946534848449154,10.8
2398,1.3382120001418922,1.4512806166352885,7.613571100060311,-139.668934,386.673125,30.783507095429062,10.8
2399,1.3564317972520423,1.4509078622227416,4.347387518780619,109.499802,396.274286,25.34537031615102,10.8
2400,1.4025278000527353,1.7023976138867187,6.551420771855202,-203.599167,123.947456,36.76086688800035,10.8
2401,1.3409925348999916,1.5868025001512727,7.342368465001812,-227.795594,174.843236,35.809676176961986,10.8
2402,1.3969945504844812,2.0292768431973003,6.005676319668336,-166.766281,12.755755,40.91313076723773,10.8
2403,1.3912347107422176,1.43553578798741,6.3961995946449575,65.285578,420.423504,26.365020968275587,10.8
2404,1.3448086946880027,1.4877708914465193,7.042849002334753,-171.975591,314.292314,32.14304129618132,10.8
2405,1.3851369141209493,1.8272146908345623,6.314153740840153,-193.401078,57.473542,39.037634170107246,10.8
2406,1.3487364623841285,1.6592731197142683,6.790897387990568,206.691028,141.63065,19.16383878921509,10.8
2407,1.4055175236599116,1.4509809250834214,6.9631328769774425,-149.355105,368.430782,31.123390659353134,10.8
2408,1.3823991171590861,1.533120692045926,6.207659098388003,141.17379,283.397506,23.64595258694878,10.8
2409,1.3650433906629567,1.5588018923286406,4.326321761278177,-227.310535,194.798511,35.334080843123786,10.8
2410,1.4044931724360035,1.4318702653214388,6.528528725280056,-65.285578,420.423504,29.08408936758426,10.8
2411,1.3540158579151078,1.4599384121794323,6.510950458240664,-157.85117,350.034662,31.463274194541512,10.8
2412,1.3733494886133437,1.4701089221068948,5.954992501513413,-165.479203,332.189093,31.803157761648436,10.8
2413,1.3323123568915307,1.4391117170944674,4.3493094800751235,-109.499802,396.274286,30.103740019708823,10.8
2414,1.288953898835801,2.1565736477035666,8.18941483364916,-149.893135,-5.661099,41.919973193792345,10.8
2415,1.3593446151883557,1.429579487571471,6.280504487222079,32.739867,424.200696,27.04478807833994,10.8
2416,1.2890472406221065,1.4939567555806041,8.377993935973564,-200.010864,282.414663,33.16269193756488,10.8
2417,1.3663755783260865,1.4292518504733638,6.023024457741338,-0.0,425.462253,-27.72455516792992,10.8
2418,1.2892694648633083,1.4281130651929044,8.586512579502678,-32.739867,424.200696,28.404322257519897,10.8
2419,1.3127148155515656,1.4465265868931714,4.228736888740388,120.561023,378.831398,25.00548677194454,10.8
2420,1.2895761662799872,1.5050270620694093,8.769565893253475,-203.307532,264.82681,33.50257548741069,10.8
2421,1.4012444789465608,1.434857757871586,7.063862904504888,78.681303,403.525426,26.025137423520547,10.8
2422,1.2900816113161586,1.5247468904112964,8.797757280955564,-141.17379,283.397506,31.80315774891106,10.8
2423,1.2906807546207393,1.898034731905801,8.676364360470362,-180.224309,39.521662,39.68174092048159,10.8
2424,1.390353371844016,1.4505675166606236,6.418043440151804,130.447501,361.143608,24.66560323429063,10.8
2425,1.3904337999136434,1.4030415624760486,6.953158863704637,72.870315,451.20678,26.311510422821122,10.8
2426,1.291589160081357,1.4707686515928546,8.526111530668606,147.280461,326.594134,23.98583612731418,10.8
2427,1.2926092307943928,1.425141141875725,8.4123143886314,-78.681303,403.525426,29.4239729123393,10.8
2428,1.3773566933032315,1.453333872364706,6.215523802705398,139.426155,343.937941,24.325719674929758,10.8
2429,1.2940944431235544,1.430910967517333,8.268399318024938,-120.561023,378.831398,30.443623563915303,10.8
2430,1.3783670152017646,1.4207877322117022,6.906152434216474,47.396201,408.383541,26.70490452290219,10.8
2431,1.3858908667565526,1.3938841188062137,6.880223325469192,-72.870315,451.20678,29.13759991303872,10.8
2432,1.3845350889891699,1.6327595425100054,6.675169305286737,-206.691028,141.63065,36.28527154664474,10.8
2433,1.2957081682181526,1.4275971226645932,8.165383121604227,91.051979,386.985434,25.68525387029152,10.8
2434,1.3651587113867139,1.4714386417758096,5.896227852190213,177.685631,296.968355,22.966185495010514,10.8
2435,1.297990795548174,1.7908936992905167,8.022477164744505,187.789378,73.77218,17.165681427639242,10.8
2436,1.365719346182967,1.6961272708318877,6.791688728552627,199.232682,107.027015,18.212648058676486,10.8
2437,1.300407499426225,1.430807866101306,7.745118397238432,-130.447501,361.143608,30.783507101569217,10.8
2438,1.341929189923576,1.4086820891895715,6.221086210742031,-47.396201,408.383541,28.744205812957652,10.8
2439,1.3557338651398978,1.590896096885346,6.657366511852138,208.439806,159.986808,19.639434131795326,10.8
2440,1.30374463616313,1.9732688485844148,7.42179012127793,164.568962,29.845575,15.445536492814398,10.8
2441,1.369418411791202,1.4063065794907155,6.5609517706814025,15.830026,410.819823,27.38467161758058,10.8
2442,1.3694655070771329,1.4147097366926964,7.0849162319752255,-91.051979,386.985434,29.763856465568324,10.8
2443,1.3071999133713401,1.4050287247954383,7.153361055520263,-15.830026,410.819823,28.064438718279263,10.8
2444,1.3454091062494151,1.4712352017689692,6.441238781115883,182.325932,279.686336,22.626301948943457,10.8
2445,1.324089712398406,1.3769079379839022,4.479533145245755,-0.0,457.053215,-27.72455516792992,10.8
2446,1.3118716982906526,1.444373669895644,6.854045724032626,-147.280461,326.594134,31.463274208545666,10.8
2447,1.3085683585189394,1.4321935821489753,4.493147405700033,-139.426155,343.937941,31.123390660930088,10.8
2448,1.3681278754024908,1.6457526853956526,6.823377986900624,189.084017,145.13038,19.639434121686712,10.8
2449,1.3373723680882248,1.558092744977033,6.223943916075967,208.7831,178.921038,20.11502947864507,10.8
2450,1.3166143371640078,1.4203539478817493,6.597976802318176,102.27024,370.110867,25.345370334011868,10.8
2451,1.290724469453978,1.4097650130475343,4.403855042055446,61.00297,392.844532,26.36502096482959,10.8
2452,1.3291838510274796,2.098130036607195,6.08470042367276,149.553852,11.560502,14.543095577227142,10.8
2453,1.3229074416867586,1.534063479341672,6.324619827078666,207.664914,198.333743,20.590624845089586,10.8
2454,1.3207294600332673,1.451855669389314,4.491516947064678,-177.685631,296.968355,32.48292484084933,10.8
2455,1.2510607234515365,1.8537094223428467,8.547229329563201,175.750414,56.165428,16.592002933068827,10.8
2456,1.2511823211072148,1.4272591248124908,8.773278163560654,112.546269,353.647137,25.00548678347586,10.8
2457,1.3556509416301166,1.437947180376462,6.412693959394505,121.711914,336.959156,24.665603239469057,10.8
2458,1.2514005902844576,1.4054871687667339,8.956593510920936,-61.00297,392.844532,29.084089371030252,10.8
2459,1.2517958241479539,1.4139996058714197,9.037129941396644,-102.27024,370.110867,30.103740001847974,10.8
2460,1.356219357902657,1.4833291100004895,7.191365852775619,202.328129,243.53134,21.606651294795682,10.8
2461,1.3312591226625998,1.5074977429329997,4.349904596383926,205.035979,218.121037,21.066220199816605,10.8
2462,1.252285140242625,1.4019733828157876,8.900437772644452,30.592195,396.373947,27.044788072907387,10.8
2463,1.2530441869831739,1.4572526623018731,8.767821226683198,-182.325932,279.686336,32.822808386916385,10.8
2464,1.3429250265551367,1.7580130745315912,6.162228762731085,-187.789378,73.77218,38.2834289082206,10.8
2465,1.2539080900522641,1.5681521786490067,8.636830189988494,-208.439806,159.986808,35.809676204064516,10.8
2466,1.3520836674370535,1.665109884834896,6.7103285708346405,-199.232682,107.027015,37.23646227718336,10.8
2467,1.3504423444362585,1.9410888084836995,7.016507743179949,-164.568962,29.845575,40.003573843045444,10.8
2468,1.255177340763328,1.393560408495702,8.50736019042128,-30.592195,396.373947,28.404322262952455,10.8
2469,1.3422194974764325,1.4141037539229422,7.14920682401916,-112.546269,353.647137,30.443623552383983,10.8
2470,1.2956770235701596,1.4016368649155664,4.5621144193537795,73.486487,376.883261,26.025137428129746,10.8
2471,1.2565659544969305,1.390538042753467,8.385594965162415,-0.0,397.55275,-27.72455516792992,10.8
2472,1.2585418896973979,1.4189883680885593,8.26317752361408,-121.711914,336.959156,30.783507096390785,10.8
2473,1.2763092915458856,1.6166132648384186,4.514711267420701,-189.084017,145.13038,35.80967621417313,10.8
2474,1.331069880600679,1.4303278349617607,7.051417455437578,154.306671,309.760938,23.645952578157768,10.8
2475,1.3375501885122143,1.5290428322074305,6.559020028841251,-208.7831,178.921038,35.33408085721477,10.8
2476,1.2606453854328081,1.3938554790804782,8.153357770578666,-73.486487,376.883261,29.423972907730096,10.8
2477,1.3360680492751198,2.055868953988851,7.208172060443992,-149.553852,11.560502,40.90601475863271,10.8
2478,1.263565581738445,1.5027396341591515,7.826115437377405,-207.664914,198.333743,34.85848549077026,10.8
2479,1.3194365587759167,1.4002721293130564,6.903663447969296,84.998951,361.259101,25.685253878398143,10.8
2480,1.26660499717201,1.409415760569217,7.537875225720401,95.421581,345.325911,25.345370316163212,10.8
2481,1.3332598239068758,1.4543622012734827,6.902039550702746,-202.328129,243.53134,33.84245904106416,10.8
2482,1.310294545287385,1.8125775616850996,6.719415446586747,-175.750414,56.165428,38.857107402791016,10.8
2483,1.2707360274861905,1.3847635239644465,7.217578767177481,44.266938,381.420627,26.704904512457944,10.8
2484,1.324254034100823,1.4768158132510336,6.445433613122528,-205.035979,218.121037,34.38289013604324,10.8
2485,1.274951352996853,1.5692113426042615,6.946344577646946,190.255664,163.043566,20.115029511472706,10.8
2486,1.3088194827909034,1.4163606331037806,4.433516554461453,-154.306671,309.760938,31.803157757702074,10.8
2487,1.3008864270482587,1.382660119786898,6.4709271767268595,-44.266938,381.420627,28.744205823401895,10.8
2488,1.2805735355088819,1.428061438775972,6.6427830851815495,160.263086,292.88724,23.306069043193204,10.8
2489,1.2935984843310213,1.3915389740961925,6.16954085053238,-84.998951,361.259101,29.7638564574617,10.8
2490,1.2862091446925634,1.3807437928098456,6.390533316547802,14.784872,383.696057,27.384671620950932,10.8
2491,1.3207527892568098,1.3995930912148336,7.445153815656888,68.565369,351.644782,26.02513741790885,10.8
2492,1.2137213264429494,1.3761791498500966,8.959265703675547,-14.784872,383.696057,28.064438714908906,10.8
2493,1.2138411214140268,1.397361078080415,9.161243255954506,-95.421581,345.325911,30.103740019696634,10.8
2494,1.214123978043904,1.7166536499155853,9.253935664993168,180.806934,89.532328,17.919886703680604,10.8
2495,1.2145096046861577,1.3835385673875509,9.131158163728456,56.947565,366.728694,26.365020964665497,10.8
2496,1.317751584595905,1.3934352376891428,6.749969810250036,-68.565369,351.644782,29.423972917950994,10.8
2497,1.2151352587035316,1.3927831485771842,8.98085020864008,41.302544,355.878298,26.704904533238548,10.8
2498,1.3178432708605436,1.3812498549265648,7.084709508131432,-56.947565,366.728694,29.08408937119435,10.8
2499,1.2158643790911619,1.892739593058952,8.860905400679528,160.625042,46.618639,16.35509345266965,10.8
2500,1.2985243877362878,1.4023292714139681,4.586674289197299,130.012627,320.716548,24.32571966793015,10.8
2501,1.3084527255019434,1.378782646995643,7.41085082253907,28.558462,370.023478,27.044788078312436,10.8
2502,1.2855553565622801,1.3884003579437973,4.533210114744935,-41.302544,355.878298,28.74420580262129,10.8
2503,1.2169503369685395,1.4124884783543192,8.711551574903503,-160.263086,292.88724,32.14304129266664,10.8
2504,1.218148883346008,1.3849894854283975,8.598417958664768,13.794784,358.00135,27.384671615024125,10.8
2505,1.2536876578005876,1.3816909654214302,4.654542391339491,-13.794784,358.00135,28.064438720835717,10.8
2506,1.2198652729825765,1.3704284118310335,8.454368281482353,-28.558462,370.023478,28.404322257547406,10.8
2507,1.303685565661676,1.3702774489843297,6.804582955264094,-0.0,371.123915,-27.72455516792992,10.8
2508,1.2804804880881442,1.5431291775187939,5.628327729748696,-190.255664,163.043566,35.33408082438714,10.8
2509,1.2955067383820196,1.6099349786896187,7.3066194439761025,186.563088,127.838405,19.16383877798397,10.8
2510,1.221701987585885,1.5128307930540832,8.351160553057657,190.019628,181.481327,20.590624856709766,10.8
2511,1.3012880668194222,1.773072191996711,7.324482196873807,169.743058,72.319138,17.416636435669034,10.8
2512,1.3014153098402503,2.00195489561648,6.933378722436496,147.242462,28.629659,15.557053995758082,10.8
2513,1.2242638547245643,1.5675322023739167,8.214310064499239,172.374343,164.628912,20.590624871912055,10.8
2514,1.2852399339059657,1.420224059335914,7.180809173110212,24.363825,315.674816,27.044788076300364,10.8
2515,1.2269422459193096,1.3840726066251243,7.92058012677375,-130.012627,320.716548,31.123390667929694,10.8
2516,1.2745732631494433,1.4791847200616153,6.972005225694725,188.324079,200.342611,21.06622019748484,10.8
2517,1.2305987962872993,1.4143465074129824,7.576924548625202,-24.363825,315.674816,28.404322259559482,10.8
2518,1.2590440344824312,1.6822160524219307,4.682842814120358,-180.806934,89.532328,37.52922363217924,10.8
2519,1.2343464302732936,1.4548508049294355,7.28803900699719,185.124059,219.522374,21.54181554665361,10.8
2520,1.2662271022783544,1.3912662589844733,6.756610202385691,137.249833,304.351237,23.9858361377171,10.8
2521,1.239367132439379,1.4337209926629042,6.960849478788211,180.38176,238.912034,22.017410909659183,10.8
2522,1.2878834156138796,1.858206544783135,7.53670515684732,-160.625042,46.618639,39.09401688319019,10.8
2523,1.2576753118513968,1.3763515637351367,6.447205465720484,104.947569,329.770216,25.005486792144907,10.8
2524,1.2444221732908889,1.497062864115143,6.6813550670447786,-190.019628,181.481327,34.858485479150076,10.8
2525,1.2510798949978084,1.554742180721485,6.381960486717428,-172.374343,164.628912,34.85848546394779,10.8
2526,1.27700499178041,1.5878468147222495,4.934586006655868,-186.563088,127.838405,36.28527155787587,10.8
2527,1.2865893546286475,1.9817466678026534,7.1649401998943,-147.242462,28.629659,39.89205634010176,10.8
2528,1.2390210620719702,1.3828698709729752,4.734504657577406,-137.249833,304.351237,31.46327419814274,10.8
2529,1.2837374432690387,1.7481518495407575,7.162335120478662,-169.743058,72.319138,38.032473900190816,10.8
2530,1.1769811424120313,1.3685374057033142,9.33383138061518,-104.947569,329.770216,30.44362354371493,10.8
2531,1.1771368068733696,1.4646246035351365,9.441542440441545,-188.324079,200.342611,34.382890138375004,10.8
2532,1.1774142430899837,1.442435487322396,9.310816278262017,-185.124059,219.522374,33.90729478920623,10.8
2533,1.1779108855936165,1.4219000495259633,9.17662179864514,-180.38176,238.912034,33.431699426200666,10.8
2534,1.2736554454850104,1.6646466638656967,7.66170606027229,172.504713,104.638946,18.674091969247485,10.8
2535,1.1785171325405541,1.3638240455973616,9.0408833141531,79.260143,336.868249,25.685253863617774,10.8
2536,1.1794424645910078,1.5082127890134278,8.90920232067829,171.612179,182.564186,21.066220218822338,10.8
2537,1.2671923464010326,1.3611923407428823,5.114398504637864,-79.260143,336.868249,29.76385647224207,10.8
2538,1.1804781298312725,1.371662607490254,8.769945443302754,113.422648,314.010342,24.665603239413684,10.8
2539,1.2622723233281297,1.8319493676976335,7.574809579803513,154.976378,62.89693,17.264650385336324,10.8
2540,1.1819742013796235,1.3560768737346673,8.624210960405238,53.10268,341.968555,26.3650209666938,10.8
2541,1.269309771909215,1.531619480586473,7.380791226942211,153.664081,182.216747,21.541815541853232,10.8
2542,1.1835847125364238,1.3533323716426302,8.490898094837714,-53.10268,341.968555,29.084089369166048,10.8
2543,1.2679496860110282,1.7273095051239262,7.625463571625081,162.254655,87.841847,18.241269941125495,10.8
2544,1.251395437554309,1.365199009738093,4.778317832070302,-113.422648,314.010342,30.783507096446158,10.8
2545,1.1858414536435269,1.4956759170628504,8.358271649133739,-171.612179,182.564186,34.382890117037505,10.8
2546,1.2503373322682236,1.6457789459134684,7.4396497016391665,-172.504713,104.638946,36.77501836661236,10.8
2547,1.2369028536027658,1.3475894604515277,6.810725589374654,26.630303,345.040888,27.044788061281395,10.8
2548,1.1882101816191406,1.466039169581106,8.241743389759904,169.39407,200.869561,21.541815555302193,10.8
2549,1.2465068964068409,1.3460832774492126,4.859356110972475,-26.630303,345.040888,28.404322274578448,10.8
2550,1.2409088466242284,1.3451071266797814,7.264321031002457,-0.0,346.067027,-27.72455516792992,10.8
2551,1.19145601473822,1.939950003147276,7.902580443685278,142.989443,45.321288,16.57101242147361,10.8
2552,1.194794749786581,1.5511224896938658,7.597415867241972,171.728229,147.166093,20.115029496362688,10.8
2553,1.2538700352380585,1.4361215258408826,7.642788028829277,165.679355,219.438993,22.01741091771197,10.8
2554,1.2311509026465672,1.4150377755911554,7.0226944214999145,160.43464,238.163213,22.493006279856104,10.8
2555,1.199284056832495,1.3951011994006628,7.2588285987553745,153.634017,256.930201,22.96860163207306,10.8
2556,1.2235453556940274,1.8070816386700113,6.752996621270529,-154.976378,62.89693,38.18445995052352,10.8
2557,1.2038207569170978,1.3508347558387228,6.972312441767135,88.922834,321.807274,25.34537033111299,10.8
2558,1.215782387839573,1.5118911527730565,6.384555229074038,-153.664081,182.216747,33.90729479400661,10.8
2559,1.2098183495282213,1.3500015754865777,6.651606790598855,-88.922834,321.807274,30.103740004746857,10.8
2560,1.2526186593996487,1.7069224552945876,8.065224720065114,-162.254655,87.841847,37.20784039473435,10.8
2561,1.2468059431191911,1.4534644652336375,5.529553607577203,-169.39407,200.869561,33.90729478055765,10.8
2562,1.2162477451454783,1.6277162288744509,4.808882797276072,162.943316,118.981766,19.42829725792486,10.8
2563,1.2414118172899793,1.921014077752106,7.89062904571053,-142.989443,45.321288,38.87809791438623,10.8
2564,1.140931830009182,1.535197230682257,11.902785494354635,-171.728229,147.166093,35.334080839497155,10.8
2565,1.2230359030005693,1.3827773933018705,4.638672894342478,-153.634017,256.930201,32.48050870378678,10.8
2566,1.1410849014548528,1.4216021261137972,11.533181876501164,-165.679355,219.438993,33.43169941814787,10.8
2567,1.1414438918882115,1.3999559270100483,11.109914505019663,-160.43464,238.163213,32.95610405600374,10.8
2568,1.1419283625301675,1.3378634488870285,10.753727024547823,63.895681,327.695795,26.025137439152616,10.8
2569,1.2375669055225742,1.467505043550209,5.734158732032401,150.976951,199.965953,22.0174109204468,10.8
2570,1.1427040144036353,1.3359724754120668,10.34066370997291,-63.895681,327.695795,29.423972896707227,10.8
2571,1.1435945372961764,1.353575166200575,9.998425148787026,118.947387,293.420696,24.325719680081455,10.8
2572,1.2282338473376797,1.7837246581311783,7.834120778546814,147.682921,78.507684,18.174207306791075,10.8
2573,1.2360806595053835,1.3329134400997882,8.628442374815219,38.489609,331.640983,26.70490451486421,10.8
2574,1.1448996660911834,1.4909696773732521,9.596780154494073,133.170382,197.689763,22.493006267611932,10.8
2575,1.146316965410429,1.605282605520603,9.268684652348718,-162.943316,118.981766,36.02081307793498,10.8
2576,1.2177270107722755,1.3270999811303676,7.721583355058547,-38.489609,331.640983,28.74420582099563,10.8
2577,1.1483143291010631,1.6776223490651452,8.879403251922575,153.350545,102.598117,19.065903454740663,10.8
2578,1.1504194425612362,1.452626371706989,8.56557956045815,-150.976951,199.965953,33.43169941541304,10.8
2579,1.218684891159342,1.341407785395129,5.377260913179303,-118.947387,293.420696,31.12339065577839,10.8
2580,1.2067482387441815,1.3210846412140154,7.525924991899517,12.855281,333.619444,27.3846716309273,10.8
2581,1.2226252865892624,1.320644790855008,9.142842783658244,-12.855281,333.619444,28.064438704932538,10.8
2582,1.15331368925548,1.4236119612345828,8.191954550060297,146.802511,217.926488,22.493006274302516,10.8
2583,1.1562996474269762,1.359907212504414,7.8903016992684885,125.103187,271.966417,23.919792333526857,10.8
2584,1.1981045235814358,1.3770868925746917,7.326060165280564,133.883206,254.039912,23.444196978435407,10.8
2585,1.21404150438824,1.8817253704437584,5.477261497764336,136.850879,61.415283,17.58497083561646,10.8
2586,1.16032621035576,1.395734946932461,7.538420246676536,141.111745,235.98855,22.968601620943687,10.8
2587,1.2184896235657998,1.4721961958948082,6.204427314823725,-133.170382,197.689763,32.95610406824791,10.8
2588,1.1891885449869926,1.5051490342690954,7.018897265811156,154.90028,164.78576,21.066220189606277,10.8
2589,1.1644070102683974,1.7572635597255322,7.244427426011116,-147.682921,78.507684,37.274903029068774,10.8
2590,1.1822621268498554,1.3545324670553964,6.721951370978882,-125.103187,271.966417,31.52931800233299,10.8
2591,1.1698179531610713,1.6609356561439892,6.9143667231978485,-153.350545,102.598117,36.38320688111918,10.8
2592,1.1752150038198306,1.585293426612466,6.629977185586504,152.192537,132.456094,20.18250250284612,10.8
2593,1.2015627767139618,1.4129958946005072,5.008001110847686,-146.802511,217.926488,32.956104061557326,10.8
2594,1.2082701691705828,1.3680891276217884,9.802896760474562,-133.883206,254.039912,32.004913357424435,10.8
2595,1.2098974994750544,1.3843383591416762,6.435251350259424,-141.111745,235.98855,32.480508714916155,10.8
2596,1.1056381978942393,1.8601247095814961,10.59330526800724,-136.850879,61.415283,37.86413950024338,10.8
2597,1.1058366812029259,1.4893385029801038,10.8043843107601,-154.90028,164.78576,34.382890146253565,10.8
2598,1.196722251778305,1.4268796118933809,10.289228609732636,128.589473,215.0469,22.96860162572245,10.8
2599,1.1061883687599865,1.5699411043793812,11.132758126598581,-152.192537,132.456094,35.26660783301372,10.8
2600,1.1068119445471243,1.3394933926464918,11.216162469216133,95.1204,283.846171,24.8709830440215,10.8
2601,1.107564040550566,1.4522048472026896,10.37869060580866,111.131097,210.868376,23.444196993978018,10.8
2602,1.1086958095849546,1.7313152078335883,10.491180844092352,138.822077,93.285222,19.083764273321016,10.8
2603,1.1791699300139846,1.635943526465739,4.781068005732209,143.108418,116.459195,19.890536924618857,10.8
2604,1.1882242191623724,1.3118490435606758,5.2578104723911325,48.583166,312.863967,26.365020970623178,10.8
2605,1.1099434913323607,1.3513096842019745,11.214167865441095,105.777914,266.968206,24.395387678723424,10.8
2606,1.1845434892397568,1.4179853790128067,10.596229713080827,-128.589473,215.0469,32.4805087101374,10.8
2607,1.1117175893475855,1.3907374815227305,11.412045167308294,122.507152,232.454144,23.444196970629037,10.8
2608,1.1763271000166209,1.3299201278070598,7.270505821255817,-95.1204,283.846171,30.578127291838346,10.8
2609,1.1135978714745842,1.3065371409696287,11.59609138261733,-48.583166,312.863967,29.084089365236668,10.8
2610,1.174861752723693,1.3645225216431032,10.824646814801612,114.906382,249.799207,23.91979232310561,10.8
2611,1.192266114097718,1.4401742639368391,6.950798945181272,-111.131097,210.868376,32.00491334188183,10.8
2612,1.1161927397742581,1.34326553507702,11.577446022631637,-105.777914,266.968206,31.05372265713642,10.8
2613,1.1877982915096583,1.5509836729396158,6.0725403385504215,140.330847,144.963576,20.936707787199353,10.8
2614,1.1188773364685887,1.8338351973480136,11.285701423069963,128.907715,76.699419,18.598929292823826,10.8
2615,1.1647739338865182,1.3816569977064128,11.081208156040896,-122.507152,232.454144,32.004913365230806,10.8
2616,1.122506035522315,1.7119468095107586,11.403617376851127,-138.822077,93.285222,36.36534606253883,10.8
2617,1.1834492980727613,1.464584906596093,6.192015581056829,136.274547,180.492912,22.017410900259335,10.8
2618,1.1568537516534723,1.3564518267566212,11.270417599568297,-114.906382,249.799207,31.52931801275423,10.8
2619,1.1261916033224144,1.6173940818281787,11.667529216952714,-143.108418,116.459195,35.558573411240985,10.8
2620,1.1843753832045392,1.3184884298709516,7.205407481641159,64.033639,292.431586,25.822173749284296,10.8
2621,1.1310890984350512,1.31732866899681,11.732711485959927,-64.033639,292.431586,29.626936586575546,10.8
2622,1.1487059156681585,1.4013729404811293,11.462748820972976,104.709577,227.631998,23.919792325373635,10.8
2623,1.1359849049965702,1.33402322744043,11.789749215856418,76.444955,276.798047,25.346578395072996,10.8
2624,1.1423925612733408,1.5412568643274658,11.629502650856343,-140.330847,144.963576,34.51240254866049,10.8
2625,1.1677365853724764,1.4504728135751292,5.698081404659949,-136.274547,180.492912,33.431699435600514,10.8
2626,1.1682857628210843,1.804887577819826,7.727357439579006,-128.907715,76.699419,36.85018104303602,10.8
2627,1.161131589350806,1.295629503583304,8.032347503234616,32.203699,297.623018,26.773364448902427,10.8
2628,1.1590417356869127,1.3083290613779612,6.877574863771181,-76.444955,276.798047,30.10253194078685,10.8
2629,1.15511329230261,1.400971906730479,5.995022445156812,87.802018,221.599636,24.39538768009004,10.8
2630,1.1550258427095137,1.3230102349666748,6.99923412309219,87.367407,260.710676,24.870983026678786,10.8
2631,1.143165419149881,1.341232461362876,5.404239060944305,96.789966,244.283921,24.39538767934328,10.8
2632,1.14663840630153,1.282824938700971,8.390656576064313,-32.203699,297.623018,28.675745886957415,10.8
2633,1.1404335447133864,1.3616564276223755,5.469536353161329,-104.709577,227.631998,31.529318010486207,10.8
2634,1.1402368788849802,1.566675700386417,8.932435032306035,131.617637,129.304141,20.715170445881398,10.8
2635,1.1273547333548635,1.267857004978771,8.96103375205243,0.0,299.360216,-27.72455516792992,10.8
2636,1.1358805856236909,1.642697759862274,6.506690691757354,128.487888,107.072705,19.99332118538053,10.8
2637,1.0377769214640147,1.37242813954854,9.490235741079765,-87.802018,221.599636,31.053722655769803,10.8
2638,1.0379784640614986,1.2997201786121866,9.64207955445134,-87.367407,260.710676,30.57812730918106,10.8
2639,1.1217036890625462,1.3208262522956025,9.753393942976134,-96.789966,244.283921,31.053722656516566,10.8
2640,1.0381683236984496,1.2805664854913295,9.379568675431505,46.224771,283.41535,26.297769092725623,10.8
2641,1.1326473026035109,1.4790600889236394,7.73947226361334,127.444831,156.412915,21.6909130424566,10.8
2642,1.038785900274117,1.2795681098552418,9.792049027186629,-46.224771,283.41535,29.15134124313422,10.8
2643,1.039177688462397,1.5477861135331525,9.291800452931197,-131.617637,129.304141,34.73393988997845,10.8
2644,1.0402497167369331,1.3411873210887288,9.92990073432169,79.614413,237.575182,24.870983050545462,10.8
2645,1.0408671735280235,1.2953031149187353,9.23564393765968,58.814439,268.596319,25.822173754763412,10.8
2646,1.128992055929743,1.3982396778254504,7.897414022206795,116.067201,194.10525,22.96860163153236,10.8
2647,1.0424562617030801,1.6302822702801683,10.058671353054994,-128.487888,107.072705,35.45578915047931,10.8
2648,1.1104096829191727,1.273787843056176,9.45624996865988,15.468098,286.743313,27.24895981717505,10.8
2649,1.0433339924736031,1.2734837210443624,9.225381546728798,-15.468098,286.743313,28.200150518684797,10.8
2650,1.0455247824434195,1.738544993562674,10.16122625154637,119.264697,90.97215,19.612887714163442,10.8
2651,1.105490268273393,1.2898076939257255,10.418113022849976,-58.814439,268.596319,29.62693658109643,10.8
2652,1.1241266578306743,1.3101522405258144,6.850607575509185,69.949428,253.27852,25.346578395622636,10.8
2653,1.0467070352132526,1.3335390968924443,9.288438504304493,-79.614413,237.575182,30.578127285314384,10.8
2654,1.0496031329191233,1.4648319112038668,10.123070370612792,-127.444831,156.412915,33.75819729340324,10.8
2655,1.0511421672435584,1.3568954408380383,9.305666337060835,63.453901,229.758994,25.34657840614092,10.8
2656,1.095727959720844,1.2852176920452414,9.910127351680863,29.578867,273.364612,26.773364450675658,10.8
2657,1.0915067657770294,1.3045262815050374,10.370287536749712,-69.949428,253.27852,30.102531940237206,10.8
2658,1.0548621719327234,1.3853265245232516,10.089625168455859,-116.067201,194.10525,32.480508704327484,10.8
2659,1.0568161728669432,1.3537426308938374,9.549638417847282,-63.453901,229.758994,30.10253192971892,10.8
2660,1.0831913371095827,1.2811429836118726,10.188593458605657,-29.578867,273.364612,28.675745885184188,10.8
2661,1.061488819515017,1.2808288443973563,10.103972065145822,0.0,274.960216,-27.72455516792992,10.8
2662,1.0796230687791482,1.3248994765438853,10.355985026209087,53.595239,244.761052,25.822173761309664,10.8
2663,1.063919436454184,1.72562660487513,9.745167992159349,-119.264697,90.97215,35.8362226216964,10.8
2664,1.0726474423621697,1.5262419905126035,9.973715452258897,118.978464,141.020879,21.539803909623444,10.8
2665,1.0696779191011552,1.300567601576184,10.18968747129419,42.297052,259.333551,26.29776911740892,10.8
2666,1.1087701109162307,1.296779644808519,8.483802311628272,-42.297052,259.333551,29.151341218450927,10.8
2667,1.1088662804790321,1.3453886935775292,6.224437400197353,38.369334,235.251752,26.297769110604705,10.8
2668,1.1054917229545438,1.3172967844381482,8.867431185644483,-53.595239,244.761052,29.62693657455018,10.8
2669,1.106290492464867,1.447545858365552,6.3020327842097466,113.628548,166.720538,22.445118293853547,10.8
2670,1.1063636705204234,1.599888346421606,7.429750306012356,116.790033,119.723806,20.902878126997052,10.8
2671,1.087488393564255,1.2789550883916738,9.130520895844416,14.153774,262.378738,27.248959815337287,10.8
2672,1.0955969515099755,1.3277303863621812,7.817252562543183,-38.369334,235.251752,29.15134122525514,10.8
2673,1.0845920218156522,1.2767791770027672,9.70167870332068,-14.153774,262.378738,28.200150520522552,10.8
2674,0.9924892262530157,1.2906192377931953,10.18310129791415,26.954035,249.106206,26.773364452794247,10.8
2675,0.9928455084836543,1.316244156310963,10.354122753459075,12.83945,238.014162,27.24895981112897,10.8
2676,0.9929683922949843,1.3160820232333874,10.025842517389563,-12.83945,238.014162,28.200150524730873,10.8
2677,1.0688067807451886,1.2890935654759392,9.702511815421374,-26.954035,249.106206,28.6757458830656,10.8
2678,0.9940581181657665,1.485306815391482,10.518715909151576,-118.978464,141.020879,33.9093064262364,10.8
2679,0.9943110130730779,1.3441385822758016,9.914064205136986,94.512772,205.464789,23.919792328131052,10.8
2680,1.0662872788685382,1.2875749009445452,10.573705635761653,0.0,250.560216,-27.72455516792992,10.8
2681,0.9961959007812147,1.4154581204168977,10.576964210071905,-113.628548,166.720538,33.003992042006296,10.8
2682,0.9965927583010509,1.566509119372482,9.840940417395064,-116.790033,119.723806,34.54623220886279,10.8
2683,1.0794594793165926,1.3404996342900075,8.349332618395259,-94.512772,205.464789,31.529318007728794,10.8
2684,0.999372598522875,1.6714872868801274,10.528663527816528,108.048982,104.045267,20.62684614091134,10.8
2685,0.999933545400113,1.4785055988038245,9.80866081079739,105.301177,151.507179,22.364437407049728,10.8
2686,1.052662812791985,1.4091721743795758,10.252874921075913,98.982848,175.811207,23.199323576138312,10.8
2687,1.0037415767171518,1.6672301679944035,10.479442840195302,-108.048982,104.045267,34.8222641949485,10.8
2688,1.050505944442579,1.5589299623664015,10.731074061956356,103.852663,131.104256,21.81243509379054,10.8
2689,1.0044919672299315,1.3348891626173274,9.707043180423184,71.86142,214.439688,24.870983042563218,10.8
2690,1.0768046805751563,1.4079276101924423,7.185516942659648,-98.982848,175.811207,32.24978675972153,10.8
2691,1.009488385422652,1.4717857820802107,10.443207979413375,-105.301177,151.507179,33.084672928810114,10.8
2692,1.0744216436492349,1.3319554035751258,7.275398825674051,-71.86142,214.439688,30.578127293296628,10.8
2693,1.0104575369453956,1.5551703934363836,9.704229974778716,-103.852663,131.104256,33.63667524206931,10.8
2694,1.0389364203706335,1.4038910280864827,10.51303124599145,83.614636,183.618565,23.953528842499537,10.8
2695,1.0697596116362464,1.4702891701917093,8.879397957200048,90.705114,160.671546,23.189070917549444,10.8
2696,1.0371204587752612,1.3305300219851575,10.706272430741555,48.376039,220.925785,25.82217376926844,10.8
2697,1.0168212149301425,1.6603700979555092,10.444836649783156,95.408467,115.74638,21.640804590982327,10.8
2698,1.0180408345936782,1.4024953705837921,10.116519783622783,-83.614636,183.618565,31.49558149336031,10.8
2699,1.0274617809383155,1.3291301292598385,10.314297828874016,-48.376039,220.925785,29.626936566591404,10.8
2700,1.0259594126241385,1.4683198983675418,10.520414326804142,-90.705114,160.671546,32.260039418310406,10.8
2701,1.0553428158751066,1.538677169059233,9.10404271155932,89.813086,141.093271,22.721991996577948,10.8
2702,1.0467511140607777,1.3105444424200463,9.88950749556153,24.329203,224.8478,26.773364455369972,10.8
2703,1.0473975397356814,1.6252764917469786,8.278330901862732,-95.408467,115.74638,33.808305744877515,10.8
2704,1.0340908214620181,1.3011160353040865,9.753596009114805,-24.329203,224.8478,28.675745880489867,10.8
2705,1.0452344878533404,1.3707339542200965,8.379556195576122,67.63609,190.085623,24.70773409908012,10.8
2706,1.0266120893699748,1.2962176334997952,10.893576325346494,0.0,226.160216,-27.72455516792992,10.8
2707,0.9500558710002053,1.5108016345869313,10.139016653200825,-89.813086,141.093271,32.727118339281894,10.8
2708,0.9504198280554124,1.3643055489432228,10.329370274237897,-67.63609,190.085623,30.741376236779725,10.8
2709,0.950884539530027,1.4284630220957633,9.979278636002192,75.317628,168.434017,24.013704433323916,10.8
2710,0.9519954053654076,1.3627447669031743,10.523432958082871,51.163843,195.165176,25.46193936646079,10.8
2711,0.9529487603557328,1.4264016080954691,9.875845441457042,-75.317628,168.434017,31.435405902535926,10.8
2712,1.0156892107772453,1.6106567817407886,10.341507934821205,81.509838,125.921191,22.654763045286614,10.8
2713,0.9548623470712373,1.3602274788562343,10.703822001606984,-51.163843,195.165176,29.98717096939906,10.8
2714,0.9563507319745741,1.5045866728261708,9.837977388163493,74.820305,149.584837,23.631548949220587,10.8
2715,1.009295499556804,1.3575881049109488,10.995627975752924,34.318132,198.820147,26.216144647962487,10.8
2716,0.9591561902595154,1.4214619665252892,10.860075707705178,59.27298,174.726864,24.83833791079072,10.8
2717,0.9612455182343745,1.6049451087919513,9.878536116038129,-81.509838,125.921191,32.79434729057323,10.8
2718,0.9650595748961082,1.3540593952047257,10.804909123629963,-34.318132,198.820147,29.232965687897355,10.8
2719,1.0000433747943873,1.4989502681747073,10.679900679858978,-74.820305,149.584837,31.81756138663926,10.8
2720,0.9678309094452053,1.3530059029984227,9.875875311750944,17.221921,201.023855,26.97034988765541,10.8
2721,0.9946794785402197,1.4165533082894712,10.921645581315426,-59.27298,174.726864,30.610772425069126,10.8
2722,0.9727899367876247,1.3516718330462905,10.760361439035934,-17.221921,201.023855,28.478760448204433,10.8
2723,0.986993676798896,1.3511100122243598,10.434179033903884,-0.0,201.760216,-27.72455516792992,10.8
2724,0.9763338302215988,1.4151388019828768,10.194115310360488,42.711162,179.495181,25.66297140052874,10.8
2725,0.9825839732550743,1.4954564318242762,10.782274265613244,59.033442,156.488831,24.541105904130212,10.8
2726,1.0209374285393145,1.5937423673088895,9.483783966187719,66.536372,134.435528,23.668721417659867,10.8
2727,1.0190117786611237,1.4084327093366706,9.592959212100668,-42.711162,179.495181,29.786138935331106,10.8
2728,0.997590751417977,1.4694914252662858,10.770584636322424,-59.033442,156.488831,30.90800443172963,10.8
2729,0.9959102614819323,1.389027064312497,10.884861451299102,25.776679,182.697362,26.487604910711056,10.8
2730,0.9774037080627525,1.5564092990933682,12.102579283617185,-66.536372,134.435528,31.780388918199982,10.8
2731,0.9111236976802508,1.3770047894141257,14.266438652758154,-25.776679,182.697362,28.961505425148783,10.8
2732,0.9759672901303249,1.3764644541616395,12.218726191296449,8.617289,184.305468,27.31223841135153,10.8
2733,0.9119171469670794,1.3764038381900692,14.24992368493203,-8.617289,184.305468,28.136871924508313,10.8
2734,0.9120512738326185,1.4547256774367465,14.24522087575439,42.620047,161.73198,25.450662811431428,10.8
2735,0.9144664615434565,1.4529468919044144,14.194058270452796,-42.620047,161.73198,29.998447524428414,10.8
2736,0.9147405328375496,1.5532686601070687,14.18439764230902,50.685516,141.177117,24.682679859276128,10.8
2737,0.9188788551450638,1.450213761216742,14.093856574776618,25.754316,165.258636,26.360219776241124,10.8
2738,0.9193039825523358,1.5503020561397813,14.078751261666213,-50.685516,141.177117,30.766430476583714,10.8
2739,0.9603160647390563,1.4479442687213753,13.020395563823934,-25.754316,165.258636,29.088890559618722,10.8
2740,0.9591151412455106,1.447555127395491,13.064461394103281,8.615251,167.031372,27.2697766754035,10.8
2741,0.9253240638696376,1.4472945878050902,13.941372426719457,-8.615251,167.031372,28.17933366045634,10.8
2742,0.9259156155124633,1.5472029641750873,13.920152528592006,34.16629,146.057059,25.696638308165234,10.8
2743,0.9340182023016381,1.5450799958492745,13.726436619247115,-34.16629,146.057059,29.752472027694612,10.8
2744,0.9347943028724082,1.5449636662755961,13.698326941001815,17.196527,149.011004,26.71059673320505,10.8
2745,0.9461817086614683,1.5448046699404288,13.401994147839567,-17.196527,149.011004,28.738513602654795,10.8
2746,0.9452020603287807,1.5447113272140918,13.437765931865021,0.0,150.0,-27.72455516792992,10.8
