0.0,-271.06140070737507,1817.8179669512117,0.0
0.0,-968.6254119518056,448.86139190954793,0.0
0.0,-145.77828426515927,911.2566596294146,0.0
0.0,-950.0879657736665,1347.008985500962,0.0
0.0,244.1248100739501,1821.631005728229,0.0
0.0,652.9711541899723,1646.9673756615894,0.0
0.0,-244.12481007394928,1821.631005728229,0.0
0.0,1090.171300730487,920.2089381575446,0.0
0.0,1056.8554138367888,637.7152524466529,0.0
0.0,217.1347307330936,1825.044917976965,0.0
0.0,-1082.4819664623315,1009.3939213087258,0.0
0.0,-217.1347307330936,1825.044917976965,0.0
0.0,-652.9711541899718,1646.9673756615896,0.0
0.0,603.9343604572986,1665.5738209268422,0.0
0.0,190.09707631749765,1828.0589556958003,0.0
0.0,802.4811295682085,1510.0359172825624,0.0
0.0,1014.633816472606,537.0543472332424,0.0
0.0,-190.09707631749683,1828.0589556958005,0.0
0.0,-778.8622068713645,494.9885560189448,0.0
0.0,163.01777088373728,1830.6724584971987,0.0
0.0,-603.934360457298,1665.5738209268425,0.0
0.0,-163.0177708837365,1830.6724584971987,0.0
0.0,-1090.1713007304872,920.2089381575444,0.0
0.0,1044.0441689767565,658.479978575554,0.0
0.0,135.90274761429217,1832.8848537524027,0.0
0.0,628.5216131041412,1656.452065880198,0.0
0.0,-802.481129568208,1510.0359172825629,0.0
0.0,-135.90274761429217,1832.8848537524027,0.0
0.0,-811.6254551597868,277.63289739682494,0.0
0.0,1078.5349675618495,773.2190715804037,0.0
0.0,108.75794751756031,1834.6956567168977,0.0
0.0,-108.75794751755951,1834.6956567168977,0.0
0.0,837.1563794881316,303.05015610272045,0.0
0.0,-1056.855413836789,637.7152524466525,0.0
0.0,81.5893181261576,1836.104470636622,0.0
0.0,-628.5216131041408,1656.4520658801982,0.0
0.0,-81.5893181261576,1836.104470636622,0.0
0.0,54.40281219379538,1837.1109868348965,0.0
0.0,-54.40281219379456,1837.1109868348965,0.0
0.0,27.204386391002288,1837.7149847800583,0.0
0.0,-27.20438639100147,1837.7149847800583,0.0
0.0,0.0,1837.9163321337783,0.0
0.0,940.2790536444469,420.71779571354796,0.0
0.0,-1014.633816472606,537.0543472332424,0.0
0.0,780.0420352042039,1521.748618567121,0.0
0.0,-1044.044168976757,658.4799785755534,0.0
0.0,-1078.53496756185,773.219071580403,0.0
0.0,1002.7959510458865,1235.1220133161196,0.0
0.0,-780.0420352042039,1521.748618567121,0.0
0.0,1046.597573033057,1120.8824962775964,0.0
0.0,-837.1563794881315,303.0501561027207,0.0
0.0,-1002.7959510458869,1235.122013316119,0.0
0.0,1062.5238643888913,715.0236285051014,0.0
0.0,579.21478341334,1674.3306421890645,0.0
0.0,-940.2790536444465,420.7177957135488,0.0
0.0,518.7618143704515,109.55771785582542,0.0
0.0,757.432030557906,1533.1278987355831,0.0
0.0,1062.3192890395223,1030.5925597566313,0.0
0.0,-579.2147834133394,1674.3306421890647,0.0
0.0,431.5108388579465,75.21406292900585,0.0
0.0,-1046.5975730330567,1120.8824962775966,0.0
0.0,1077.9981031657178,856.5184250208358,0.0
0.0,687.2038855277162,194.9316774112385,0.0
0.0,241.1532974797635,890.7778033813421,0.0
0.0,-757.4320305579054,1533.1278987355836,0.0
0.0,554.3682981289616,1682.720611012834,0.0
0.0,805.6701595850693,1438.0528306298218,0.0
0.0,-1062.3192890395223,1030.5925597566313,0.0
0.0,-241.15329747976298,890.7778033813422,0.0
0.0,-1062.5238643888913,715.0236285051014,0.0
0.0,-805.670159585069,1438.052830629822,0.0
0.0,-554.368298128961,1682.7206110128343,0.0
0.0,911.3638817316797,393.4047226348997,0.0
0.0,1071.769909685375,941.5769833074942,0.0
0.0,-1077.9981031657178,856.5184250208358,0.0
0.0,1029.8714123932273,598.5544655132318,0.0
0.0,641.7869777122291,167.9456605744312,0.0
0.0,1024.238275005766,1141.350080542072,0.0
0.0,734.6560695703866,1544.171264542845,0.0
0.0,529.4003485669513,1690.741889122937,0.0
0.0,-518.7618143704515,109.55771785582564,0.0
0.0,-529.4003485669507,1690.7418891229372,0.0
0.0,985.8560353118658,505.2535011246602,0.0
0.0,-734.6560695703866,1544.171264542845,0.0
0.0,824.4131151118349,918.676833598643,0.0
0.0,978.1872052710205,1254.7015177547842,0.0
0.0,-687.2038855277162,194.9316774112388,0.0
0.0,-431.5108388579465,75.21406292900585,0.0
0.0,-824.4131151118352,918.6768335986427,0.0
0.0,-1071.7699096853746,941.5769833074945,0.0
0.0,-1024.2382750057661,1141.3500805420715,0.0
0.0,504.31640530340115,1698.392719025745,0.0
0.0,-911.3638817316795,393.4047226349003,0.0
0.0,-1029.871412393227,598.5544655132322,0.0
0.0,-504.3164053034006,1698.3927190257452,0.0
0.0,-978.1872052710205,1254.7015177547842,0.0
0.0,711.7191425444078,1554.8762963439601,0.0
0.0,-641.7869777122293,167.94566057443106,0.0
0.0,479.12196432907996,1705.6714243942915,0.0
0.0,-985.8560353118658,505.2535011246602,0.0
0.0,-711.719142544407,1554.8762963439606,0.0
0.0,868.7143717252353,1400.8696192316768,0.0
0.0,1063.041182514706,794.3858339541541,0.0
0.0,577.082722290628,136.36174219087673,0.0
0.0,-479.12196432907933,1705.6714243942915,0.0
0.0,953.1962676906576,1273.7907922703355,0.0
0.0,402.9309709443934,1725.2592551125804,0.0
0.0,-868.7143717252352,1400.869619231677,0.0
0.0,-402.9309709443929,1725.2592551125806,0.0
0.0,884.2600043651097,367.91541961126524,0.0
0.0,453.8225458452379,1712.576410435562,0.0
0.0,688.6262750510219,1565.2406486242976,0.0
0.0,-953.1962676906576,1273.7907922703355,0.0
0.0,-453.82254584523747,1712.576410435562,0.0
0.0,-1063.041182514706,794.3858339541539,0.0
0.0,-688.6262750510214,1565.240648624298,0.0
0.0,333.83379081767566,860.3458653300733,0.0
0.0,428.4236930541135,1719.1061642399175,0.0
0.0,1001.4787923579097,1161.371722919722,0.0
0.0,-428.4236930541131,1719.1061642399175,0.0
0.0,261.9661512500651,37.66650680708031,0.0
0.0,1048.1834710568978,735.885291821774,0.0
0.0,336.88239708707226,48.43825449400531,0.0
0.0,708.8544054625103,214.72350478361676,0.0
0.0,-577.082722290628,136.36174219087673,0.0
0.0,665.3825268284547,1575.2620505134498,0.0
0.0,-333.83379081767515,860.3458653300735,0.0
0.0,1041.7415481964356,1051.3885308735566,0.0
0.0,-884.2600043651095,367.9154196112658,0.0
0.0,-1001.47879235791,1161.3717229197216,0.0
0.0,-665.3825268284547,1575.2620505134498,0.0
0.0,377.3499650718993,1731.0343348871056,0.0
0.0,-1048.1834710568978,735.885291821774,0.0
0.0,-377.34996507189885,1731.0343348871056,0.0
0.0,-1041.7415481964356,1051.3885308735566,0.0
0.0,956.4210694108748,474.31052677833384,0.0
0.0,641.992990673493,1584.938306282791,0.0
0.0,351.6862803357764,1736.4301382207673,0.0
0.0,1060.8579670506556,877.658302857216,0.0
0.0,-261.966151250065,37.666506807080424,0.0
0.0,-351.68628033577517,1736.4301382207675,0.0
0.0,-708.85440546251,214.72350478361741,0.0
0.0,-641.9929906734923,1584.9383062827912,0.0
0.0,-336.8823970870722,48.43825449400545,0.0
0.0,1052.9497627266164,962.5771407920511,0.0
0.0,325.9455397504314,1741.445482871803,0.0
0.0,847.2747647484864,365.73963540016996,0.0
0.0,719.162153981997,1483.208058907532,0.0
0.0,-325.9455397504309,1741.445482871803,0.0
0.0,1000.0819789374367,563.6889113832825,0.0
0.0,618.4627913256323,1594.2672958265703,0.0
0.0,-719.1621539819965,1483.208058907532,0.0
0.0,300.1333832135131,1746.0792699584454,0.0
0.0,-1060.8579670506556,877.658302857216,0.0
0.0,-618.4627913256315,1594.2672958265707,0.0
0.0,-300.1333832135126,1746.0792699584454,0.0
0.0,927.83290262343,1292.3823784087544,0.0
0.0,-956.4210694108748,474.31052677833384,0.0
0.0,1020.7567839522846,1071.773709374582,0.0
0.0,-1052.9497627266167,962.5771407920507,0.0
0.0,274.25546627018707,1750.3304841996924,0.0
0.0,-274.25546627018656,1750.3304841996924,0.0
0.0,-847.2747647484861,365.7396354001705,0.0
0.0,248.31745887398023,1754.1981941377594,0.0
0.0,-927.83290262343,1292.3823784087544,0.0
0.0,722.2614459883043,574.4374739874967,0.0
0.0,-1000.0819789374365,563.688911383283,0.0
0.0,-248.31745887397975,1754.1981941377594,0.0
0.0,1047.1320519931237,815.2422183608815,0.0
0.0,-1020.7567839522846,1071.773709374582,0.0
0.0,594.7970843442298,1603.246975126434,0.0
0.0,222.3250441444769,1757.6815523421653,0.0
0.0,-222.32504414447638,1757.6815523421653,0.0
0.0,-594.7970843442298,1603.246975126434,0.0
0.0,196.28391712212232,1760.779795595407,0.0
0.0,-196.28391712212186,1760.779795595407,0.0
0.0,170.19978352041477,1763.492245060185,0.0
0.0,422.78420128187145,820.3008759160886,0.0
0.0,731.8288236307952,235.9279315389428,0.0
0.0,-170.19978352041426,1763.492245060185,0.0
0.0,978.3280175465944,1180.9396006669992,0.0
0.0,144.07835847576564,1765.8183064281377,0.0
0.0,-1047.132051993124,815.2422183608811,0.0
0.0,-722.2614459883042,574.4374739874968,0.0
0.0,1033.4335373719564,756.4594341743575,0.0
0.0,571.0010549788988,1611.875376699279,0.0
0.0,-144.07835847576516,1765.8183064281377,0.0
0.0,1033.7182131562258,983.2012055477443,0.0
0.0,117.92536529528849,1767.7574700500575,0.0
0.0,1043.3033384748267,898.4552669756795,0.0
0.0,-117.925365295288,1767.7574700500577,0.0
0.0,48.753985544289144,686.2402088342526,0.0
0.0,91.7465342027973,1769.3093110475572,0.0
0.0,-571.001054978898,1611.8753766992793,0.0
0.0,-91.74653420279682,1769.3093110475575,0.0
0.0,65.54760108329761,1770.4734894061621,0.0
0.0,-65.54760108329711,1770.4734894061621,0.0
0.0,-422.784201281871,820.3008759160889,0.0
0.0,39.33430622622498,1771.2497500498084,0.0
0.0,-48.75398554428893,686.2402088342526,0.0
0.0,-39.33430622622449,1771.2497500498084,0.0
0.0,13.1123930677307,1771.6379228967314,0.0
0.0,-13.112393067730206,1771.6379228967314,0.0
0.0,-978.3280175465945,1180.939600666999,0.0
0.0,1013.6884693853311,625.5703487905065,0.0
0.0,902.1070199007456,1310.469012170026,0.0
0.0,547.079917033398,1620.1506100283357,0.0
0.0,-1033.718213156226,983.201205547744,0.0
0.0,-1033.4335373719566,756.4594341743572,0.0
0.0,-1043.3033384748267,898.4552669756795,0.0
0.0,784.296191835338,1449.8206210427759,0.0
0.0,-547.079917033398,1620.1506100283357,0.0
0.0,-902.1070199007456,1310.469012170026,0.0
0.0,-731.8288236307951,235.92793153894326,0.0
0.0,954.7949959124018,1200.0460683327192,0.0
0.0,999.37319535618,1091.7401304773682,0.0
0.0,876.0286709948707,1328.0436268462902,0.0
0.0,-784.2961918353376,1449.8206210427763,0.0
0.0,523.0389117232719,1628.0708619773873,0.0
0.0,-1013.6884693853309,625.570348790507,0.0
0.0,928.8286047372403,445.427418750165,0.0
0.0,-954.794995912402,1200.046068332719,0.0
0.0,-523.0389117232712,1628.0708619773875,0.0
0.0,-876.0286709948713,1328.04362684629,0.0
0.0,-999.37319535618,1091.7401304773682,0.0
0.0,972.1549230508335,531.1384267284618,0.0
0.0,498.88330652747374,1635.6343971880367,0.0
0.0,-498.883306527473,1635.634397188037,0.0
0.0,754.2657162595854,258.01183893500865,0.0
0.0,630.1336986396363,1523.1650834912825,0.0
0.0,-630.1336986396358,1523.1650834912828,0.0
0.0,900.6455700333329,417.35950677540603,0.0
0.0,474.6183940342451,1642.8395584599282,0.0
0.0,-928.8286047372403,445.427418750165,0.0
0.0,507.0106438558883,771.0902767504527,0.0
0.0,399.3686296582909,69.61154747002331,0.0
0.0,-972.1549230508333,531.1384267284623,0.0
0.0,-474.6183940342451,1642.8395584599282,0.0
0.0,1030.81379192314,835.7800759113243,0.0
0.0,1014.0827750171314,1003.441119455941,0.0
0.0,849.6080450916787,1345.0993557829045,0.0
0.0,450.2494907814871,1649.6847671138476,0.0
0.0,930.8889221452424,1218.6836607452526,0.0
0.0,-450.2494907814865,1649.6847671138478,0.0
0.0,706.823547712193,593.3299927374322,0.0
0.0,1025.3410762840174,918.9011917033253,0.0
0.0,657.5905162843233,647.4679303063351,0.0
0.0,-507.0106438558878,771.0902767504531,0.0
0.0,-849.6080450916787,1345.0993557829045,0.0
0.0,425.78193609188384,1656.1685233376174,0.0
0.0,533.1152230976976,434.84564414148554,0.0
0.0,-754.2657162595852,258.0118389350088,0.0
0.0,-706.8235477121926,593.3299927374327,0.0
0.0,-1030.8137919231397,835.7800759113244,0.0
0.0,-900.6455700333329,417.35950677540603,0.0
0.0,-1014.0827750171311,1003.4411194559412,0.0
0.0,-425.7819360918831,1656.1685233376177,0.0
0.0,-533.1152230976975,434.8456441414856,0.0
0.0,-930.8889221452421,1218.6836607452526,0.0
0.0,749.2758812636029,980.9229137480069,0.0
0.0,778.0738708979734,281.66231998286014,0.0
0.0,874.2249847782225,391.1626097891179,0.0
0.0,-749.2758812636026,980.9229137480071,0.0
0.0,-1025.3410762840174,918.9011917033253,0.0
0.0,401.2210909030396,1662.2894065147118,0.0
0.0,-657.5905162843231,647.4679303063353,0.0
0.0,585.5720166512989,713.2639211380197,0.0
0.0,-399.3686296582909,69.61154747002331,0.0
0.0,-401.2210909030396,1662.2894065147118,0.0
0.0,416.87471563881,294.18831079724026,0.0
0.0,376.5723365928748,1668.0460755355173,0.0
0.0,-416.87471563880996,294.1883107972404,0.0
0.0,1018.2798263452339,776.7380169496176,0.0
0.0,977.599137283639,1111.2799930141132,0.0
0.0,595.8366404869487,155.92117268839326,0.0
0.0,-376.57233659287414,1668.0460755355175,0.0
0.0,481.103577284595,100.87159393888956,0.0
0.0,697.1292867500299,1493.6904322126686,0.0
0.0,-585.5720166512988,713.2639211380198,0.0
0.0,7.611879295516911e-14,510.226705248434,0.0
0.0,984.831131537956,589.9294837228929,0.0
0.0,-874.2249847782222,391.1626097891187,0.0
0.0,351.84107380054235,1673.4372690911778,0.0
0.0,-778.0738708979733,281.6623199828603,0.0
0.0,801.2715317412758,306.23493857049795,0.0
0.0,-351.8410738005416,1673.437269091178,0.0
0.0,-697.1292867500293,1493.6904322126686,0.0
0.0,535.4369929822273,126.52106600365376,0.0
0.0,943.548233910333,499.42814108785814,0.0
0.0,-977.5991372836395,1111.2799930141125,0.0
0.0,327.0327212431314,1678.4618059499508,0.0
0.0,-1018.2798263452343,776.7380169496172,0.0
0.0,825.8852215534798,332.54142847338505,0.0
0.0,-327.0327212431306,1678.461805949951,0.0
0.0,234.76430542992898,453.00884278860974,0.0
0.0,-234.76430542992904,453.0088427886097,0.0
0.0,822.8554651095853,1361.6295350613457,0.0
0.0,302.1527145283993,1683.1185852160202,0.0
0.0,538.8968118501258,1557.783866878215,0.0
0.0,-984.8311315379558,589.9294837228932,0.0
0.0,-302.1527145283986,1683.1185852160202,0.0
0.0,-538.8968118501252,1557.7838668782151,0.0
0.0,955.4431171722193,1130.3856624795783,0.0
0.0,-595.8366404869488,155.92117268839314,0.0
0.0,310.698980596749,44.67350156405923,0.0
0.0,277.2065049638139,1687.4065865707068,0.0
0.0,-481.103577284595,100.87159393888956,0.0
0.0,-822.8554651095859,1361.6295350613452,0.0
0.0,-277.2065049638139,1687.4065865707068,0.0
0.0,1014.0927780835873,855.9913821692442,0.0
0.0,-943.548233910333,499.42814108785814,0.0
0.0,-801.2715317412757,306.23493857049846,0.0
0.0,1006.9781985923264,938.9880885233911,0.0
0.0,906.6191366918586,1236.845095929272,0.0
0.0,252.19955836214817,1691.3248704960247,0.0
0.0,-955.4431171722193,1130.3856624795783,0.0
0.0,-252.19955836214743,1691.324870496025,0.0
0.0,-535.4369929822273,126.52106600365376,0.0
0.0,996.7970062217254,652.1489880679545,0.0
0.0,-825.8852215534797,332.5414284733854,0.0
0.0,227.1373538438967,1694.8725784805329,0.0
0.0,994.0511201573324,1023.2889744912679,0.0
0.0,145.28257603428668,672.4548672053561,0.0
0.0,-227.13735384389597,1694.8725784805329,0.0
0.0,-906.6191366918588,1236.8450959292716,0.0
0.0,202.0253826367837,1698.048933207438,0.0
0.0,-1014.0927780835876,855.991382169244,0.0
0.0,-202.0253826367837,1698.048933207438,0.0
0.0,-1006.9781985923269,938.9880885233906,0.0
0.0,988.7723927827873,738.8865029419808,0.0
0.0,176.86914687261083,1700.853238724909,0.0
0.0,-145.2825760342865,672.4548672053561,0.0
0.0,-176.86914687261006,1700.8532387249093,0.0
0.0,795.7813836662398,1377.6277061028982,0.0
0.0,607.5191505807285,1532.3253020837135,0.0
0.0,151.67415838171632,1703.2848805985614,0.0
0.0,-994.0511201573325,1023.2889744912676,0.0
0.0,-151.67415838171556,1703.2848805985614,0.0
0.0,-996.7970062217248,652.1489880679554,0.0
0.0,126.44593748531572,1705.3433260460831,0.0
0.0,-310.6989805967489,44.67350156405936,0.0
0.0,-126.44593748531572,1705.3433260460831,0.0
0.0,-607.519150580728,1532.3253020837137,0.0
0.0,101.19001178597553,1707.0281240539687,0.0
0.0,768.3963789945334,1393.0876181921142,0.0
0.0,-101.19001178597478,1707.028124053969,0.0
0.0,-795.7813836662398,1377.6277061028982,0.0
0.0,75.9119149564914,1708.338905476339,0.0
0.0,-75.9119149564914,1708.338905476339,0.0
0.0,50.617185527443986,1709.2753831158213,0.0
0.0,-50.617185527443226,1709.2753831158213,0.0
0.0,-988.7723927827875,738.8865029419807,0.0
0.0,25.311365673678957,1709.8373517864766,0.0
0.0,-25.311365673678196,1709.8373517864766,0.0
0.0,1003.1837130273013,719.1985448233231,0.0
0.0,0.0,1710.0246883587552,0.0
0.0,-768.3963789945334,1393.0876181921142,0.0
0.0,916.7289486943793,469.8257091499587,0.0
0.0,932.9137916975376,1149.0496740140027,0.0
0.0,881.9951221063793,1254.523277950925,0.0
0.0,973.6310752323991,1042.7370158113888,0.0
0.0,1002.7282587495081,796.7131170136988,0.0
0.0,957.7743206128326,556.6521117665725,0.0
0.0,-1003.1837130273019,719.1985448233224,0.0
0.0,-881.9951221063792,1254.5232779509251,0.0
0.0,-932.913791697538,1149.0496740140022,0.0
0.0,445.77125180186533,1586.9430805152629,0.0
0.0,-445.77125180186476,1586.9430805152629,0.0
0.0,-973.631075232399,1042.7370158113888,0.0
0.0,857.0264993453471,1271.711299690319,0.0
0.0,740.7111508095328,1408.003230919058,0.0
0.0,-916.7289486943793,469.8257091499587,0.0
0.0,-1002.7282587495081,796.7131170136988,0.0
0.0,-857.0264993453475,1271.7112996903188,0.0
0.0,-740.7111508095328,1408.003230919058,0.0
0.0,996.9755436149894,875.868240286687,0.0
0.0,-957.7743206128323,556.652111766573,0.0
0.0,679.8604061295688,219.1742852619521,0.0
0.0,-996.9755436149891,875.8682402866873,0.0
0.0,910.0199633909847,1167.2647353197274,0.0
0.0,988.2218800400908,958.7081091964784,0.0
0.0,889.2977498037254,441.0225764181559,0.0
0.0,831.7230240086749,1288.4024455402302,0.0
0.0,952.8306186474827,1061.7776447869362,0.0
0.0,-910.0199633909847,1167.2647353197274,0.0
0.0,515.7798402380987,1565.5898269126033,0.0
0.0,-988.2218800400908,958.7081091964784,0.0
0.0,968.891933893071,615.7577233367314,0.0
0.0,-831.7230240086752,1288.40244554023,0.0
0.0,-515.7798402380981,1565.5898269126035,0.0
0.0,351.08339592203754,1610.5405300196962,0.0
0.0,-679.8604061295687,219.17428526195252,0.0
0.0,-351.0833959220371,1610.5405300196962,0.0
0.0,-952.830618647483,1061.777644786936,0.0
0.0,986.7849108058394,816.3769298078037,0.0
0.0,712.7365161279499,1422.3687165393792,0.0
0.0,-889.2977498037254,441.0225764181559,0.0
0.0,669.4568889542496,1037.0398173604165,0.0
0.0,-669.4568889542498,1037.0398173604162,0.0
0.0,-712.7365161279499,1422.3687165393792,0.0
0.0,969.0794489906472,978.0535488269762,0.0
0.0,-968.8919338930708,615.7577233367318,0.0
0.0,979.2088292339134,678.2718061374807,0.0
0.0,422.2328747558581,1593.3674244202678,0.0
0.0,-986.7849108058394,816.3769298078037,0.0
0.0,930.0159029515711,524.1966788171744,0.0
0.0,979.4687764669638,895.402884089397,0.0
0.0,-422.23287475585767,1593.3674244202678,0.0
0.0,613.97257837858,176.4518068593502,0.0
0.0,-969.0794489906472,978.0535488269762,0.0
0.0,684.4834050417738,1436.1784622512996,0.0
0.0,863.5789233959047,414.1363958575572,0.0
0.0,-979.2088292339129,678.2718061374815,0.0
0.0,700.7955839161178,239.72129904085762,0.0
0.0,931.657877440041,1080.4034219704024,0.0
0.0,-684.4834050417744,1436.1784622512994,0.0
0.0,255.1650970206739,1628.4935133400759,0.0
0.0,-255.16509702067344,1628.4935133400759,0.0
0.0,-979.468776466964,895.4028840893967,0.0
0.0,369.28588692734945,64.3680052432961,0.0
0.0,-930.0159029515709,524.1966788171748,0.0
0.0,886.7705772004475,1185.0237295104043,0.0
0.0,806.0945825279897,1304.59019402999,0.0
0.0,-931.6578774400414,1080.403421970402,0.0
0.0,-613.97257837858,176.45180685935034,0.0
0.0,-806.09458252799,1304.5901940299898,0.0
0.0,-863.5789233959047,414.1363958575572,0.0
0.0,627.1860137342246,1462.1093705288472,0.0
0.0,-886.7705772004475,1185.0237295104043,0.0
0.0,655.9628564477306,1449.4270723886118,0.0
0.0,970.456011809503,835.7217723975472,0.0
0.0,-627.1860137342246,1462.1093705288472,0.0
0.0,863.1747169953903,1202.319717891664,0.0
0.0,-700.7955839161177,239.7212990408578,0.0
0.0,-655.9628564477306,1449.4270723886118,0.0
0.0,327.2061084620696,1615.5607423781323,0.0
0.0,949.5583846670363,997.0168488734716,0.0
0.0,642.6352756157374,245.60634735612282,0.0
0.0,-327.20610846206847,1615.5607423781325,0.0
0.0,-369.28588692734945,64.3680052432961,0.0
0.0,158.3525202451189,1640.7391106023813,0.0
0.0,-863.1747169953903,1202.319717891664,0.0
0.0,-158.35252024511846,1640.7391106023813,0.0
0.0,552.9589202898628,144.70074084339853,0.0
0.0,445.7669985667586,93.46267580169047,0.0
0.0,-970.456011809503,835.7217723975472,0.0
0.0,598.1641204274576,1474.2204015157756,0.0
0.0,780.1511883038655,1320.2682203735146,0.0
0.0,942.724279356822,581.7767233833943,0.0
0.0,-949.5583846670363,997.0168488734716,0.0
0.0,723.0037430987851,261.7269635368577,0.0
0.0,-598.1641204274576,1474.2204015157756,0.0
0.0,910.1211241044855,1098.6070700028404,0.0
0.0,753.9029777934395,1335.4303989404934,0.0
0.0,903.9885426014891,493.8956136652754,0.0
0.0,961.5793167851489,914.58768111117,0.0
0.0,-780.1511883038656,1320.2682203735144,0.0
0.0,496.5524107164125,117.33283496273098,0.0
0.0,231.03258194709727,1632.0919997987648,0.0
0.0,-231.03258194709682,1632.0919997987648,0.0
0.0,-753.9029777934393,1335.4303989404934,0.0
0.0,-60.984964921044046,1647.234404625478,0.0
0.0,60.9849649210445,1647.234404625478,0.0
0.0,-642.6352756157373,245.60634735612325,0.0
0.0,-910.1211241044856,1098.6070700028401,0.0
0.0,370.5402375644774,350.75806917921784,0.0
0.0,-942.7242793568217,581.7767233833946,0.0
0.0,-961.5793167851492,914.5876811111699,0.0
0.0,839.2416020176579,1219.145942672163,0.0
0.0,134.04935485526394,1642.903259535132,0.0
0.0,-552.9589202898629,144.70074084339842,0.0
0.0,36.59632459091168,1647.9566313330915,0.0
0.0,-134.0493548552635,1642.903259535132,0.0
0.0,238.89269873767503,645.1611068695646,0.0
0.0,-445.7669985667586,93.46267580169047,0.0
0.0,-36.596324590911216,1647.9566313330915,0.0
0.0,-903.9885426014889,493.8956136652758,0.0
0.0,-723.003743098785,261.72696353685785,0.0
0.0,-839.2416020176579,1219.145942672163,0.0
0.0,286.11777546416687,41.13912078228862,0.0
0.0,727.3602065499553,1350.070805649758,0.0
0.0,744.6435322660799,284.5924974582181,0.0
0.0,-238.8926987376748,645.1611068695647,0.0
0.0,-370.5402375644775,350.7580691792177,0.0
0.0,837.3101883539706,388.0098663190027,0.0
0.0,952.2755267458585,641.1555775104725,0.0
0.0,-496.5524107164125,117.33283496273098,0.0
0.0,929.6663142297649,1015.5906001019814,0.0
0.0,-727.3602065499556,1350.070805649758,0.0
0.0,568.908515798423,1485.7554333954574,0.0
0.0,960.9362317233127,703.9205443883928,0.0
0.0,-568.908515798423,1485.7554333954574,0.0
0.0,767.5981775883446,309.07223886226916,0.0
0.0,-929.6663142297649,1015.5906001019814,0.0
0.0,-952.2755267458577,641.1555775104737,0.0
0.0,813.5755219446752,361.6145336183397,0.0
0.0,-837.3101883539706,388.0098663190027,0.0
0.0,640.2446295590962,664.6253246777374,0.0
0.0,-744.6435322660797,284.5924974582186,0.0
0.0,877.3283526309124,464.3773921999294,0.0
0.0,-640.2446295590958,664.6253246777378,0.0
0.0,789.9100180955655,334.45189264309806,0.0
0.0,953.7479416961148,854.7400864747882,0.0
0.0,539.4306304324859,1496.7099592650873,0.0
0.0,943.3141542386572,933.4151355759708,0.0
0.0,-286.1177754641668,41.13912078228874,0.0
0.0,-960.9362317233127,703.9205443883928,0.0
0.0,-539.4306304324865,1496.709959265087,0.0
0.0,585.4548773690972,1086.6769048452093,0.0
0.0,-585.4548773690974,1086.676904845209,0.0
0.0,888.2287733600007,1116.3814764572307,0.0
0.0,-767.5981775883445,309.0722388622695,0.0
0.0,915.8335349920221,548.5988279333073,0.0
0.0,-943.3141542386569,933.4151355759711,0.0
0.0,-953.7479416961148,854.7400864747882,0.0
0.0,-813.575521944675,361.6145336183402,0.0
0.0,633.0266475069081,198.42765233944596,0.0
0.0,814.9805832793825,1235.4958296039529,0.0
0.0,509.7419817632938,1507.0796990339027,0.0
0.0,-877.3283526309124,464.3773921999294,0.0
0.0,927.3223935446886,814.6761856036902,0.0
0.0,-888.2287733600008,1116.3814764572305,0.0
0.0,-789.9100180955653,334.4518926430988,0.0
0.0,-509.7419817632938,1507.0796990339027,0.0
0.0,700.5332452157711,1364.1837202839072,0.0
0.0,449.77887145878964,1526.048843910753,0.0
0.0,909.4110097967603,1033.7675454808473,0.0
0.0,-814.9805832793829,1235.4958296039526,0.0
0.0,865.9893788627909,1133.7196966174115,0.0
0.0,-449.77887145878964,1526.048843910753,0.0
0.0,-700.5332452157708,1364.1837202839072,0.0
0.0,-915.8335349920219,548.5988279333077,0.0
0.0,-927.3223935446883,814.6761856036904,0.0
0.0,479.8541695727444,1516.8606010954798,0.0
0.0,-865.9893788627905,1133.7196966174117,0.0
0.0,419.5278382728252,1534.640837501146,0.0
0.0,-909.4110097967607,1033.7675454808468,0.0
0.0,-479.85416957274504,1516.8606010954795,0.0
0.0,-633.0266475069081,198.42765233944596,0.0
0.0,-419.5278382728252,1534.640837501146,0.0
0.0,673.4325754703979,1377.7636287242772,0.0
0.0,790.401139909411,1251.3629905511295,0.0
0.0,924.6804252891119,951.8778913266387,0.0
0.0,852.3292613100663,436.8207202298832,0.0
0.0,-673.4325754703982,1377.763628724277,0.0
0.0,765.5128754496711,1266.7412259857729,0.0
0.0,-790.401139909411,1251.3629905511295,0.0
0.0,936.6672285488961,873.424441310772,0.0
0.0,466.2835744244002,505.84800439394456,0.0
0.0,843.4116298640442,1150.614956191477,0.0
0.0,-765.5128754496716,1266.7412259857724,0.0
0.0,-466.28357442440006,505.8480043939447,0.0
0.0,-924.6804252891121,951.8778913266385,0.0
0.0,618.4525680360663,1403.3034138880214,0.0
0.0,646.0687859351602,1390.805225105388,0.0
0.0,-843.4116298640445,1150.6149561914767,0.0
0.0,389.11288952846627,1542.633224851227,0.0
0.0,-852.3292613100663,436.8207202298832,0.0
0.0,-618.4525680360659,1403.3034138880216,0.0
0.0,-936.6672285488966,873.4244413107715,0.0
0.0,890.6162913980869,517.6203085746166,0.0
0.0,-646.0687859351606,1390.8052251053878,0.0
0.0,-389.11288952846627,1542.633224851227,0.0
0.0,927.0153185477399,606.4947006671947,0.0
0.0,934.993524176713,666.105294348799,0.0
0.0,941.9919853688224,729.0772755693021,0.0
0.0,943.2437418063826,796.1880132872653,0.0
0.0,740.3255141029322,1281.6245274101896,0.0
0.0,358.5459087834954,1550.0228832203431,0.0
0.0,245.2223247738662,32.804596065902494,0.0
0.0,590.5947118265151,1415.2533118501212,0.0
0.0,-358.5459087834954,1550.0228832203431,0.0
0.0,569.9058762143686,163.78731744560082,0.0
0.0,888.8003854066965,1051.5405830161603,0.0
0.0,-740.3255141029322,1281.6245274101896,0.0
0.0,-890.6162913980867,517.6203085746171,0.0
0.0,-590.5947118265154,1415.253311850121,0.0
0.0,-934.9935241767129,666.1052943487994,0.0
0.0,-941.9919853688224,729.0772755693021,0.0
0.0,-927.0153185477394,606.4947006671955,0.0
0.0,327.838838996781,1556.8069253627216,0.0
0.0,-943.2437418063828,796.1880132872652,0.0
0.0,-327.83883899678165,1556.8069253627216,0.0
0.0,820.5043478149188,1167.0606539585904,0.0
0.0,905.6854104023307,969.9687346990432,0.0
0.0,-888.8003854066965,1051.5405830161603,0.0
0.0,919.2205460480614,891.7675366594187,0.0
0.0,297.00367786199706,1562.982700655556,0.0
0.0,-297.00367786199706,1562.982700655556,0.0
0.0,-820.5043478149187,1167.0606539585904,0.0
0.0,867.8424939268621,1068.9027685266153,0.0
0.0,-905.6854104023305,969.9687346990435,0.0
0.0,266.0524731199462,1568.547796134644,0.0
0.0,-569.9058762143686,163.78731744560096,0.0
0.0,-245.22232477386618,32.8045960659026,0.0
0.0,-266.0524731199469,1568.547796134644,0.0
0.0,-919.2205460480614,891.7675366594187,0.0
0.0,234.99731785133966,1573.5000374371666,0.0
0.0,-867.8424939268625,1068.9027685266149,0.0
0.0,512.9327045497103,134.22650332188124,0.0
0.0,412.729154717135,86.53572674796456,0.0
0.0,-234.99731785133966,1573.5000374371666,0.0
0.0,-497.79472277645255,1129.5240249481828,0.0
0.0,497.7947227764528,1129.5240249481826,0.0
0.0,203.8503457518519,1577.8374896512437,0.0
0.0,864.7457445557484,487.40763021233255,0.0
0.0,671.6620096727964,243.14128383524263,0.0
0.0,901.0110428341482,572.6175324915426,0.0
0.0,-203.8503457518519,1577.8374896512437,0.0
0.0,562.50610177147,1426.650249994737,0.0
0.0,172.62372639131337,1581.5584580719315,0.0
0.0,714.8488969334165,1296.0070797045207,0.0
0.0,-172.62372639131337,1581.5584580719315,0.0
0.0,650.9393225788181,222.66695679413402,0.0
0.0,-562.5061017714696,1426.6502499947371,0.0
0.0,141.3296604588866,1584.6614888633674,0.0
0.0,-141.3296604588866,1584.6614888633674,0.0
0.0,109.98037499607685,1587.145369626806,0.0
0.0,-714.8488969334165,1296.0070797045207,0.0
0.0,-109.98037499607756,1587.145369626806,0.0
0.0,901.4147108633122,909.7622056096393,0.0
0.0,78.58811861945652,1589.0091298743198,0.0
0.0,-78.58811861945652,1589.0091298743198,0.0
0.0,47.165156734949846,1590.2520414079827,0.0
0.0,-47.165156734949846,1590.2520414079827,0.0
0.0,-901.0110428341479,572.6175324915431,0.0
0.0,15.723766745564435,1590.8736186043877,0.0
0.0,-15.723766745564435,1590.8736186043877,0.0
0.0,-864.7457445557482,487.40763021233295,0.0
0.0,-512.9327045497104,134.22650332188113,0.0
0.0,846.5455239067921,1085.8473183566985,0.0
0.0,534.1977124947367,1437.4897753742707,0.0
0.0,-412.729154717135,86.53572674796456,0.0
0.0,-671.6620096727964,243.1412838352428,0.0
0.0,797.2764829198718,1183.0503643481782,0.0
0.0,-534.1977124947371,1437.4897753742707,0.0
0.0,-901.4147108633122,909.7622056096393,0.0
0.0,-650.9393225788181,222.66695679413417,0.0
0.0,910.658418004036,630.7887669243518,0.0
0.0,-846.5455239067921,1085.8473183566985,0.0
0.0,689.0929780217549,1309.883263398793,0.0
0.0,773.7371106396893,1198.5778399504902,0.0
0.0,-797.2764829198721,1183.0503643481782,0.0
0.0,922.3893313000216,753.7244163184251,0.0
0.0,505.6806044910257,1447.7676528303055,0.0
0.0,-689.0929780217549,1309.883263398793,0.0
0.0,327.70389327807754,604.9072107833744,0.0
0.0,886.3365312037397,987.6805973405691,0.0
0.0,-505.68060449102603,1447.7676528303052,0.0
0.0,448.06487767518524,1466.6226221268041,0.0
0.0,-773.7371106396896,1198.57783995049,0.0
0.0,917.0580054856584,690.589435183131,0.0
0.0,691.8555195529692,264.417646374556,0.0
0.0,-910.6584180040355,630.7887669243524,0.0
0.0,-448.0648776751856,1466.622622126804,0.0
0.0,-327.7038932780771,604.9072107833746,0.0
0.0,-886.33653120374,987.6805973405687,0.0
0.0,-922.3893313000212,753.7244163184255,0.0
0.0,476.9659198044523,1457.4798666483437,0.0
0.0,840.4838615008764,459.1997276393931,0.0
0.0,636.7835929987145,1336.0950384530324,0.0
0.0,663.0678205757864,1323.247656868524,0.0
0.0,418.9887701559237,1475.1923470596664,0.0
0.0,824.9177963788812,1102.3676120271627,0.0
0.0,-476.96591980445265,1457.4798666483437,0.0
0.0,860.0781340471468,885.3754640225845,0.0
0.0,-917.0580054856583,690.5894351831313,0.0
0.0,866.6413475786413,1005.0065589718197,0.0
0.0,-418.9887701559235,1475.1923470596664,0.0
0.0,-636.7835929987151,1336.095038453032,0.0
0.0,-663.0678205757864,1323.247656868524,0.0
0.0,876.6215416534499,540.9832114416234,0.0
0.0,167.597126652282,481.9154426728524,0.0
0.0,749.8954281455698,1213.637013957555,0.0
0.0,-691.8555195529691,264.41764637455645,0.0
0.0,-824.9177963788812,1102.3676120271627,0.0
0.0,713.2694932316414,287.1968767277164,0.0
0.0,-866.6413475786417,1005.0065589718193,0.0
0.0,-860.0781340471469,885.3754640225842,0.0
0.0,-749.8954281455701,1213.637013957555,0.0
0.0,800.2427599749517,390.23291242440297,0.0
0.0,-167.59712665228204,481.91544267285235,0.0
0.0,-840.4838615008762,459.1997276393934,0.0
0.0,610.2505649161698,1348.4203884956123,0.0
0.0,587.7035279428122,184.22073032878063,0.0
0.0,883.2566799904672,927.401417385547,0.0
0.0,-876.6215416534496,540.9832114416238,0.0
0.0,-610.2505649161698,1348.4203884956123,0.0
0.0,734.0849671381692,310.81528401441784,0.0
0.0,777.555201202365,362.2482771020959,0.0
0.0,756.15723792774,336.0935027663798,0.0
0.0,-407.0241589026105,1165.3134526936738,0.0
0.0,407.0241589026102,1165.3134526936738,0.0
0.0,566.511955275268,728.4944834468172,0.0
0.0,725.7607507256612,1228.222002533566,0.0
0.0,-713.2694932316413,287.1968767277167,0.0
0.0,-800.2427599749517,390.23291242440297,0.0
0.0,389.7489576999317,1483.185693132184,0.0
0.0,-883.2566799904672,927.401417385547,0.0
0.0,-566.5119552752675,728.4944834468175,0.0
0.0,-389.748957699932,1483.185693132184,0.0
0.0,-725.7607507256613,1228.2220025335657,0.0
0.0,846.6075547184549,1021.9398500904737,0.0
0.0,-587.7035279428122,184.22073032878063,0.0
0.0,221.0377653343483,29.56930864181987,0.0
0.0,360.3568647223476,1490.599537229118,0.0
0.0,885.5587866968614,596.2360045567231,0.0
0.0,-734.084967138169,310.8152840144185,0.0
0.0,-360.3568647223474,1490.599537229118,0.0
0.0,803.9349177340324,453.13205131642013,0.0
0.0,-777.5552012023649,362.24827710209604,0.0
0.0,-756.1572379277397,336.0935027663803,0.0
0.0,-846.607554718455,1021.9398500904733,0.0
0.0,802.967761607238,1118.457194821742,0.0
0.0,330.8239751364968,1497.4309826549827,0.0
0.0,902.1419708422511,777.8447394535174,0.0
0.0,-330.82397513649727,1497.4309826549827,0.0
0.0,851.558720224421,510.09719341143585,0.0
0.0,583.479103163716,1360.2188913047885,0.0
0.0,465.1953822035991,209.58183872921745,0.0
0.0,-885.5587866968607,596.2360045567241,0.0
0.0,-803.9349177340322,453.1320513164205,0.0
0.0,301.16182786696635,1503.677360265828,0.0
0.0,-802.967761607238,1118.457194821742,0.0
0.0,780.7039957860468,1134.1097803091016,0.0
0.0,893.6650104232991,654.6419417549432,0.0
0.0,-583.479103163716,1360.2188913047885,0.0
0.0,-301.1618278669668,1503.677360265828,0.0
0.0,864.753548033266,944.6782800934835,0.0
0.0,898.4815067494866,714.590886760433,0.0
0.0,459.26068619924064,112.76676247233303,0.0
0.0,-902.1419708422509,777.8447394535178,0.0
0.0,271.38201234117605,1509.3362295121105,0.0
0.0,528.7780709009777,151.9674482604454,0.0
0.0,151.31936975761317,1526.0558635503287,0.0
0.0,-221.03776533434828,29.56930864181997,0.0
0.0,-151.31936975761286,1526.0558635503287,0.0
0.0,-780.7039957860468,1134.1097803091016,0.0
0.0,-271.3820123411765,1509.3362295121105,0.0
0.0,121.12650403403084,1528.7486452522778,0.0
0.0,-851.5587202244208,510.0971934114362,0.0
0.0,-121.12650403403123,1528.7486452522776,0.0
0.0,556.47966773638,1371.4859370358745,0.0
0.0,826.242980114098,1038.4738546162225,0.0
0.0,90.88631244376352,1530.8441228781444,0.0
0.0,-465.195382203599,209.58183872921757,0.0
0.0,241.4961639612281,1514.4053793922526,0.0
0.0,-864.753548033266,944.6782800934835,0.0
0.0,-90.8863124437639,1530.8441228781444,0.0
0.0,701.3425081454395,1242.3271071137833,0.0
0.0,-893.6650104232991,654.6419417549432,0.0
0.0,60.61061026445896,1532.3414776946915,0.0
0.0,-241.49616396122852,1514.4053793922524,0.0
0.0,-60.610610264458664,1532.3414776946915,0.0
0.0,30.311226648262696,1533.240124663863,0.0
0.0,-30.31122664826309,1533.240124663863,0.0
0.0,-556.47966773638,1371.4859370358745,0.0
0.0,1.4365443640934243e-13,1533.5397126713676,0.0
0.0,-898.4815067494865,714.5908867604332,0.0
0.0,211.5159595577832,1518.8828293165116,0.0
0.0,-211.51595955778294,1518.8828293165116,0.0
0.0,-701.3425081454393,1242.3271071137835,0.0
0.0,-826.2429801140981,1038.4738546162225,0.0
0.0,828.0510033409142,481.2577762214575,0.0
0.0,181.45311282775722,1522.766829880825,0.0
0.0,-181.4531128277576,1522.766829880825,0.0
0.0,-459.26068619924064,112.76676247233303,0.0
0.0,758.1351976887221,1149.3192527990386,0.0
0.0,529.2628077017827,1382.2171234921045,0.0
0.0,-528.7780709009777,151.96744826044554,0.0
0.0,845.912544431402,961.5860434147824,0.0
0.0,-529.2628077017827,1382.2171234921045,0.0
0.0,474.2194306810192,1402.0553582707541,0.0
0.0,-758.1351976887225,1149.3192527990384,0.0
0.0,651.6935968032577,1269.075809669017,0.0
0.0,676.6502409633667,1255.9468166310448,0.0
0.0,-474.2194306810192,1402.0553582707541,0.0
0.0,862.0140750338076,563.9679927054129,0.0
0.0,877.4100277338271,868.2025985859252,0.0
0.0,-828.051003340914,481.2577762214579,0.0
0.0,-845.9125444314024,961.5860434147819,0.0
0.0,501.83915707846324,1392.408257844638,0.0
0.0,-651.6935968032574,1269.0758096690172,0.0
0.0,-676.6502409633671,1255.9468166310448,0.0
0.0,-313.71035448483207,1193.8215622312362,0.0
0.0,-501.8391570784638,1392.4082578446378,0.0
0.0,446.4144199336698,1411.1546555096104,0.0
0.0,160.54517700310376,21.71296677396901,0.0
0.0,313.7103544848318,1193.8215622312362,0.0
0.0,604.8374873561376,205.59470088862957,0.0
0.0,-877.4100277338268,868.2025985859256,0.0
0.0,-446.41441993367044,1411.1546555096102,0.0
0.0,196.85320589483047,26.334021217737256,0.0
0.0,735.270185269176,1164.079669731969,0.0
0.0,787.4597817995362,950.5425824272448,0.0
0.0,-862.0140750338071,563.9679927054137,0.0
0.0,881.264055940036,801.4213860128568,0.0
0.0,826.7410306358794,978.1181012432129,0.0
0.0,626.482326584812,1281.708956541351,0.0
0.0,-735.270185269176,1164.079669731969,0.0
0.0,-626.4823265848123,1281.708956541351,0.0
0.0,381.819675321174,80.05502570622718,0.0
0.0,-787.4597817995364,950.5425824272445,0.0
0.0,805.5555804976703,1054.6021124757729,0.0
0.0,-826.7410306358794,978.1181012432129,0.0
0.0,-881.2640559400356,801.4213860128573,0.0
0.0,623.6143195369084,290.5301288951803,0.0
0.0,869.4875669742223,619.43773593722,0.0
0.0,-604.8374873561376,205.59470088862986,0.0
0.0,-160.54517700310376,21.71296677396901,0.0
0.0,-805.55558049767,1054.6021124757729,0.0
0.0,601.0262807137932,1293.841321295924,0.0
0.0,879.2770120596365,738.0928732045633,0.0
0.0,784.5534387336456,1070.3183221268862,0.0
0.0,-196.85320589483044,26.334021217737345,0.0
0.0,876.0469733913455,678.0375529212382,0.0
0.0,-623.6143195369083,290.53012889518044,0.0
0.0,454.64688056083617,231.57613163919345,0.0
0.0,418.4349886538965,1419.7025943349458,0.0
0.0,-601.0262807137934,1293.841321295924,0.0
0.0,-869.4875669742222,619.4377359372203,0.0
0.0,-418.4349886538965,1419.7025943349458,0.0
0.0,-784.5534387336459,1070.318322126886,0.0
0.0,-454.64688056083605,231.57613163919365,0.0
0.0,390.0851205324134,566.6887806076135,0.0
0.0,-381.819675321174,80.05502570622718,0.0
0.0,-390.085120532413,566.6887806076137,0.0
0.0,-879.277012059636,738.092873204564,0.0
0.0,409.93210118522524,552.5018079112481,0.0
0.0,837.7764967414104,532.4302228688442,0.0
0.0,390.2920688077884,1427.6958349441588,0.0
0.0,-876.0469733913455,678.0375529212382,0.0
0.0,-390.2920688077884,1427.6958349441588,0.0
0.0,712.1178922165134,1178.3852640007717,0.0
0.0,-409.9321011852252,552.5018079112481,0.0
0.0,361.99665623876837,1435.1312542632165,0.0
0.0,-218.43636938704353,1214.8702241343458,0.0
0.0,763.2447606607811,1085.6163430204836,0.0
0.0,-361.99665623876837,1435.1312542632165,0.0
0.0,218.4363693870432,1214.8702241343458,0.0
0.0,-837.7764967414101,532.4302228688447,0.0
0.0,-712.1178922165138,1178.3852640007715,0.0
0.0,807.2464972327858,994.2679942660842,0.0
0.0,333.5598063713605,1442.0059471668842,0.0
0.0,785.9037014473246,418.36057759181193,0.0
0.0,247.51199008129896,1459.2399086021314,0.0
0.0,-763.244760660781,1085.6163430204836,0.0
0.0,-247.51199008129964,1459.2399086021314,0.0
0.0,-333.5598063713605,1442.0059471668842,0.0
0.0,575.3354052333301,1305.4681636433872,0.0
0.0,859.7701792655472,824.4378770388586,0.0
0.0,218.62098526304578,1463.8470414950386,0.0
0.0,-807.2464972327863,994.2679942660837,0.0
0.0,545.4110844815006,170.9637998333938,0.0
0.0,304.99262989167227,1448.3172276138,0.0
0.0,-218.62098526304578,1463.8470414950386,0.0
0.0,-575.3354052333299,1305.4681636433872,0.0
0.0,622.8194555245431,228.45611282452293,0.0
0.0,662.6190055516828,266.8025348913474,0.0
0.0,688.6873644645153,1192.2304462040795,0.0
0.0,-304.9926298916729,1448.3172276138,0.0
0.0,189.64456208251292,1467.8822283016082,0.0
0.0,664.9877566572586,1205.609806830139,0.0
0.0,523.2894044512018,1327.1873093088798,0.0
0.0,-189.64456208251292,1467.8822283016082,0.0
0.0,846.8041014654207,586.5585870941666,0.0
0.0,276.3062884062951,1454.0626296959495,0.0
0.0,-859.7701792655469,824.437877038859,0.0
0.0,160.59404204485998,1471.3438924163365,0.0
0.0,-160.59404204485998,1471.3438924163365,0.0
0.0,-785.9037014473244,418.3605775918123,0.0
0.0,-276.3062884062951,1454.0626296959495,0.0
0.0,-523.2894044512016,1327.18730930888,0.0
0.0,-688.6873644645153,1192.2304462040795,0.0
0.0,-664.9877566572586,1205.609806830139,0.0
0.0,682.0454544066648,288.7814913968256,0.0
0.0,549.4197379378566,1316.5849408092647,0.0
0.0,764.2226171094029,389.5891382966702,0.0
0.0,131.480775605956,1474.2306813172822,0.0
0.0,741.6378718859758,1100.4901979998467,0.0
0.0,-131.480775605956,1474.2306813172822,0.0
0.0,486.44937491167434,784.2238287187489,0.0
0.0,102.31613773758863,1476.5414670945158,0.0
0.0,-486.44937491167383,784.2238287187491,0.0
0.0,-102.31613773758929,1476.5414670945158,0.0
0.0,815.0393768082799,502.97944844644286,0.0
0.0,-549.4197379378568,1316.5849408092645,0.0
0.0,73.11152348310411,1478.275346890809,0.0
0.0,-73.11152348310411,1478.275346890809,0.0
0.0,483.08091865711873,164.20754178193692,0.0
0.0,43.878343505195595,1479.431643254396,0.0
0.0,859.4579444469297,761.0789677418161,0.0
0.0,709.9210836707603,1009.770352069698,0.0
0.0,-43.878343505195595,1479.431643254396,0.0
0.0,496.9546142703607,1337.2711266444194,0.0
0.0,14.628019627595146,1480.009904403662,0.0
0.0,-14.628019627595146,1480.009904403662,0.0
0.0,601.457596697736,333.9930159478112,0.0
0.0,-545.4110844815006,170.9637998333938,0.0
0.0,743.7654387732176,362.69213275003136,0.0
0.0,-741.6378718859761,1100.4901979998467,0.0
0.0,-622.819455524543,228.45611282452322,0.0
0.0,787.4365610166158,1010.0294124879877,0.0
0.0,-846.8041014654202,586.5585870941673,0.0
0.0,-662.6190055516828,266.8025348913477,0.0
0.0,702.6383147425888,312.30564297298963,0.0
0.0,-496.954614270361,1337.2711266444194,0.0
0.0,641.0283285722666,1218.5181183703855,0.0
0.0,349.990207591633,73.38143337455767,0.0
0.0,722.6032981565435,336.64722373501866,0.0
0.0,852.8086166864787,642.206509723373,0.0
0.0,-709.9210836707601,1009.7703520696981,0.0
0.0,-764.2226171094028,389.58913829667057,0.0
0.0,857.8166210803472,700.9592480008049,0.0
0.0,-682.0454544066646,288.7814913968262,0.0
0.0,-641.0283285722666,1218.5181183703855,0.0
0.0,-787.4365610166158,1010.0294124879877,0.0
0.0,-483.0809186571187,164.20754178193715,0.0
0.0,-859.4579444469292,761.0789677418165,0.0
0.0,-815.0393768082797,502.9794484464432,0.0
0.0,470.42565677650015,1346.8324529234646,0.0
0.0,-601.4575966977358,333.9930159478117,0.0
0.0,-72.93535087992498,504.9868566019264,0.0
0.0,-121.79751142177433,1228.3279184202772,0.0
0.0,-470.42565677650043,1346.8324529234644,0.0
0.0,-743.7654387732176,362.69213275003136,0.0
0.0,72.93535087992512,504.9868566019264,0.0
0.0,425.38143172544216,104.44805817912659,0.0
0.0,121.79751142177457,1228.3279184202772,0.0
0.0,-702.6383147425886,312.3056429729901,0.0
0.0,-852.8086166864786,642.2065097233732,0.0
0.0,767.3189620142759,1025.3961976962069,0.0
0.0,-857.8166210803469,700.9592480008052,0.0
0.0,616.8184415025821,1230.9503373619034,0.0
0.0,-722.6032981565434,336.64722373501877,0.0
0.0,443.71289721474574,1355.8675523983654,0.0
0.0,-349.990207591633,73.38143337455767,0.0
0.0,837.6753640190162,846.878125096085,0.0
0.0,-443.7128972147461,1355.8675523983654,0.0
0.0,-616.8184415025821,1230.9503373619034,0.0
0.0,321.30341923918184,61.41638824437366,0.0
0.0,-767.3189620142759,1025.3961976962069,0.0
0.0,823.4087072271702,554.3911088563359,0.0
0.0,719.7412145313391,1114.9340756359786,0.0
0.0,746.9015604609474,1040.3623458668167,0.0
0.0,-425.38143172544216,104.44805817912659,0.0
0.0,-837.6753640190159,846.8781250960852,0.0
0.0,697.5633439357292,1128.9423324982126,0.0
0.0,-719.7412145313393,1114.9340756359784,0.0
0.0,-697.5633439357294,1128.9423324982124,0.0
0.0,-746.9015604609474,1040.3623458668167,0.0
0.0,-823.4087072271695,554.3911088563369,0.0
0.0,806.0939246988939,934.7923264141413,0.0
0.0,-321.30341923918184,61.41638824437373,0.0
0.0,839.0381564995082,783.5331041824568,0.0
0.0,627.9465307075825,1062.6886954943766,0.0
0.0,416.82677264433613,1364.3728949258502,0.0
0.0,-416.8267726443365,1364.37289492585,0.0
0.0,592.3675545991728,1242.9016063579832,0.0
0.0,-806.0939246988942,934.7923264141409,0.0
0.0,675.1129253120628,1142.5094953591808,0.0
0.0,-24.39761664229426,1234.1105563365886,0.0
0.0,831.0022519983269,608.7392048539939,0.0
0.0,561.4264387984636,190.8385362492815,0.0
0.0,-627.9465307075826,1062.6886954943764,0.0
0.0,24.397616642293944,1234.1105563365886,0.0
0.0,483.92550444708814,488.9976293122111,0.0
0.0,389.77778786070974,1372.345157346303,0.0
0.0,-592.3675545991732,1242.9016063579827,0.0
0.0,-839.0381564995077,783.5331041824572,0.0
0.0,-675.112925312063,1142.5094953591808,0.0
0.0,791.6752340204008,474.2260344192375,0.0
0.0,838.9866956418113,723.3910058160749,0.0
0.0,-389.7777878607095,1372.3451573463033,0.0
0.0,307.7596498636542,1393.033363820565,0.0
0.0,542.7810849729393,1265.3428059718274,0.0
0.0,-307.7596498636546,1393.033363820565,0.0
0.0,835.5335936287136,664.5264116223445,0.0
0.0,-831.0022519983269,608.7392048539939,0.0
0.0,362.5765112911318,1379.7812247821716,0.0
0.0,814.9950534282318,868.7264455155978,0.0
0.0,-483.925504447088,488.99762931221125,0.0
0.0,567.6852211751079,1254.367255825991,0.0
0.0,473.1102153483044,133.42583959971003,0.0
0.0,-542.7810849729393,1265.3428059718274,0.0
0.0,280.1654827416724,1398.8442576218283,0.0
0.0,-362.57651129113214,1379.7812247821716,0.0
0.0,-280.1654827416728,1398.844257621828,0.0
0.0,652.3987303616881,1155.6302633332853,0.0
0.0,726.1923337289797,1054.922009510543,0.0
0.0,-567.6852211751079,1254.367255825991,0.0
0.0,-838.986695641811,723.3910058160752,0.0
0.0,-561.4264387984634,190.83853624928176,0.0
0.0,335.2335708654598,1386.6781918549923,0.0
0.0,-791.6752340204006,474.22603441923786,0.0
0.0,801.4580764127123,524.3495618958331,0.0
0.0,252.4618509373572,1404.1086028590244,0.0
0.0,517.6648763967526,1275.8239684902435,0.0
0.0,-814.9950534282315,868.7264455155982,0.0
0.0,-252.4618509373576,1404.1086028590244,0.0
0.0,-335.2335708654595,1386.6781918549923,0.0
0.0,73.15472365292031,1232.1820057793789,0.0
0.0,-835.5335936287134,664.5264116223448,0.0
0.0,-652.3987303616879,1155.6302633332855,0.0
0.0,224.65957865797927,1408.8243426767785,0.0
0.0,-726.1923337289797,1054.922009510543,0.0
0.0,-517.6648763967526,1275.8239684902435,0.0
0.0,-73.15472365292062,1232.1820057793789,0.0
0.0,-224.65957865797967,1408.8243426767785,0.0
0.0,542.0483308517358,1108.9669589217144,0.0
0.0,196.76952865105918,1412.989634567741,0.0
0.0,-196.76952865105892,1412.989634567741,0.0
0.0,-473.1102153483044,133.42583959971003,0.0
0.0,492.3464087103609,1285.8066482403444,0.0
0.0,168.80259796013783,1416.602851092481,0.0
0.0,-801.4580764127119,524.3495618958339,0.0
0.0,629.429633847157,1168.299509947828,0.0
0.0,-542.0483308517361,1108.9669589217144,0.0
0.0,-168.80259796013817,1416.602851092481,0.0
0.0,770.5763775717732,445.96215888786344,0.0
0.0,548.1977075870989,415.6703606508177,0.0
0.0,-492.3464087103609,1285.8066482403444,0.0
0.0,818.031920680533,805.4395881502275,0.0
0.0,705.1993732110142,1069.0694999574614,0.0
0.0,-629.4296338471573,1168.2995099478278,0.0
0.0,808.4653940850333,575.9645017563229,0.0
0.0,170.24996562828048,1222.5543170603087,0.0
0.0,466.83557420311786,1295.2869448456215,0.0
0.0,-705.1993732110146,1069.0694999574612,0.0
0.0,-170.24996562828028,1222.5543170603087,0.0
0.0,452.7632084714094,1148.3159782977434,0.0
0.0,-548.1977075870989,415.6703606508179,0.0
0.0,-466.83557420311837,1295.286944845621,0.0
0.0,-818.0319206805328,805.4395881502277,0.0
0.0,297.10959066338626,414.79776022117983,0.0
0.0,-770.5763775717728,445.9621588878642,0.0
0.0,-297.10959066338637,414.7977602211798,0.0
0.0,683.9308811585631,1082.799289579641,0.0
0.0,505.93122271693517,158.58849728415464,0.0
0.0,791.7450999544543,889.9675673578014,0.0
0.0,-452.7632084714092,1148.3159782977434,0.0
0.0,266.2814215709955,1205.2876476117053,0.0
0.0,-808.4653940850332,575.9645017563231,0.0
0.0,140.7697136671465,1419.6625805153517,0.0
0.0,400.9514655544407,831.1906701545671,0.0
0.0,819.5703583004203,745.3171476323877,0.0
0.0,-400.9514655544402,831.1906701545673,0.0
0.0,-140.76971366714622,1419.6625805153517,0.0
0.0,749.9290313960155,416.4400953915474,0.0
0.0,-683.9308811585631,1082.799289579641,0.0
0.0,112.68182862303472,1422.1676273560747,0.0
0.0,578.2271452943864,212.0992283908681,0.0
0.0,-112.68182862303507,1422.1676273560745,0.0
0.0,814.6195713757426,630.4943427852187,0.0
0.0,-266.28142157099586,1205.2876476117053,0.0
0.0,84.54991716833867,1424.1170128568315,0.0
0.0,-791.7450999544538,889.9675673578016,0.0
0.0,-84.54991716833902,1424.1170128568315,0.0
0.0,360.6490507048502,1180.4898861002237,0.0
0.0,56.38497084534435,1425.509975364679,0.0
0.0,-56.38497084534407,1425.509975364679,0.0
0.0,662.3951674772694,1096.1060139508697,0.0
0.0,28.19799410353574,1426.345970629137,0.0
0.0,-28.19799410353611,1426.345970629137,0.0
0.0,1.3363916273739982e-13,1426.6246720148358,0.0
0.0,817.6745722226025,686.3818410814537,0.0
0.0,-819.5703583004199,745.317147632388,0.0
0.0,-360.6490507048505,1180.4898861002234,0.0
0.0,606.214610124729,1180.512285145997,0.0
0.0,730.4383626772973,388.8346813256148,0.0
0.0,-662.3951674772699,1096.1060139508695,0.0
0.0,-505.93122271693517,158.58849728415464,0.0
0.0,-749.9290313960151,416.440095391548,0.0
0.0,-814.6195713757426,630.4943427852187,0.0
0.0,441.14234032486183,1304.2611542178822,0.0
0.0,-606.2146101247287,1180.5122851459973,0.0
0.0,48.629931825354774,354.27829443080526,0.0
0.0,-578.2271452943863,212.09922839086835,0.0
0.0,393.69578738715643,96.66797241030427,0.0
0.0,-48.629931825354774,354.27829443080526,0.0
0.0,-817.674572222602,686.3818410814542,0.0
0.0,-441.14234032486183,1304.2611542178822,0.0
0.0,671.3777245273171,312.78219683781657,0.0
0.0,559.0831553737413,1203.5495146800743,0.0
0.0,710.2129633949393,362.05583323706975,0.0
0.0,652.7427652454529,290.1282846646794,0.0
0.0,796.4539193524096,826.7831080519699,0.0
0.0,691.1235762228283,337.02168827249994,0.0
0.0,363.06896239330143,1328.1131922301315,0.0
0.0,787.3165948389579,545.3531798740202,0.0
0.0,582.7627296379575,1192.2638172209279,0.0
0.0,415.2767457914859,1312.725770004494,0.0
0.0,-730.4383626772972,388.83468132561507,0.0
0.0,-559.0831553737415,1203.549514680074,0.0
0.0,-363.06896239330143,1328.1131922301315,0.0
0.0,-415.2767457914864,1312.725770004494,0.0
0.0,-582.7627296379577,1192.2638172209276,0.0
0.0,767.9417542122985,910.5866440861018,0.0
0.0,336.7471718601102,1335.0299865820527,0.0
0.0,306.05055243192857,616.1457901206846,0.0
0.0,-796.453919352409,826.7831080519703,0.0
0.0,-306.05055243192834,616.1457901206846,0.0
0.0,535.1851392822105,1214.3649680391732,0.0
0.0,389.24889666267137,1320.6774849583646,0.0
0.0,-336.7471718601102,1335.0299865820527,0.0
0.0,-671.377724527317,312.78219683781674,0.0
0.0,-710.2129633949392,362.05583323707003,0.0
0.0,-393.69578738715643,96.66797241030427,0.0
0.0,640.6006464801102,1108.9844739426107,0.0
0.0,-389.24889666267137,1320.6774849583646,0.0
0.0,-787.3165948389575,545.3531798740208,0.0
0.0,-535.1851392822102,1214.3649680391732,0.0
0.0,-691.1235762228283,337.02168827249994,0.0
0.0,310.2938093651154,1341.4251655231253,0.0
0.0,-652.7427652454528,290.1282846646798,0.0
0.0,-767.9417542122982,910.5866440861023,0.0
0.0,-310.2938093651154,1341.4251655231253,0.0
0.0,799.5811801549605,766.7223481166818,0.0
0.0,-640.6006464801102,1108.9844739426107,0.0
0.0,792.9570019820497,597.135322790502,0.0
0.0,283.7192106173897,1347.2962303649867,0.0
0.0,511.07801866185764,1224.7059515450928,0.0
0.0,729.741042625975,995.5411190234101,0.0
0.0,-283.7192106173903,1347.2962303649867,0.0
0.0,594.3199644167678,234.26768244984808,0.0
0.0,296.11608824742115,56.60188952944408,0.0
0.0,-511.07801866185787,1224.7059515450926,0.0
0.0,257.0337586947552,1352.6408871981894,0.0
0.0,-257.0337586947552,1352.6408871981894,0.0
0.0,-799.5811801549602,766.7223481166822,0.0
0.0,-729.7410426259751,995.5411190234098,0.0
0.0,618.5558335998007,1121.4296377553785,0.0
0.0,520.910560236074,177.0664898592902,0.0
0.0,799.2440350769643,707.7575221922226,0.0
0.0,142.29250750460466,328.07136797073747,0.0
0.0,797.667510314309,651.8087950783845,0.0
0.0,-792.9570019820496,597.1353227905022,0.0
0.0,-618.5558335998007,1121.4296377553785,0.0
0.0,774.319234514512,847.5487457797044,0.0
0.0,-142.29250750460466,328.07136797073747,0.0
0.0,596.2693420616938,1133.4366428847354,0.0
0.0,743.6016536113242,930.5692639439344,0.0
0.0,-594.3199644167678,234.26768244984808,0.0
0.0,-799.2440350769638,707.7575221922231,0.0
0.0,-797.6675103143086,651.8087950783848,0.0
0.0,-596.2693420616938,1133.4366428847354,0.0
0.0,772.624816311834,565.975621848346,0.0
0.0,-296.11608824742115,56.60188952944415,0.0
0.0,573.7498795184697,1145.0007980211392,0.0
0.0,-774.3192345145114,847.548745779705,0.0
0.0,-520.9105602360739,177.0664898592904,0.0
0.0,-743.6016536113237,930.5692639439346,0.0
0.0,438.36074110571656,123.62584453291063,0.0
0.0,230.24787998696087,1357.4570477884627,0.0
0.0,486.77121251132286,1234.5684248268938,0.0
0.0,-573.7498795184697,1145.0007980211392,0.0
0.0,751.6123255610449,535.4614084572015,0.0
0.0,-230.2478799869615,1357.4570477884627,0.0
0.0,754.2800622911922,473.0029476245949,0.0
0.0,203.3720401219471,1361.742830392617,0.0
0.0,336.7597763966117,120.29477617686933,0.0
0.0,-486.77121251132263,1234.5684248268938,0.0
0.0,-203.3720401219471,1361.742830392617,0.0
0.0,-772.624816311834,565.975621848346,0.0
0.0,176.41673987676995,1365.496560493768,0.0
0.0,779.033132692767,787.5916460491766,0.0
0.0,-176.41673987676995,1365.496560493768,0.0
0.0,611.1887315822722,257.9624082180049,0.0
0.0,149.3925110747985,1368.716771455594,0.0
0.0,462.27421784925207,1243.9485344744626,0.0
0.0,-751.6123255610448,535.4614084572017,0.0
0.0,412.7480188723659,1261.2471929904298,0.0
0.0,-149.3925110747985,1368.716771455594,0.0
0.0,122.30991247078182,1371.4022050953718,0.0
0.0,-754.2800622911922,473.0029476245949,0.0
0.0,-122.30991247078182,1371.4022050953718,0.0
0.0,-462.27421784925235,1243.9485344744626,0.0
0.0,-412.7480188723662,1261.2471929904298,0.0
0.0,95.17952562538756,1373.5518121755672,0.0
0.0,-95.17952562538817,1373.5518121755672,0.0
0.0,-438.36074110571656,123.62584453291063,0.0
0.0,68.01195077083871,1375.164752813787,0.0
0.0,-779.0331326927668,787.5916460491768,0.0
0.0,-68.01195077083871,1375.164752813787,0.0
0.0,-336.7597763966117,120.29477617686933,0.0
0.0,40.81780266924635,1376.2403968109325,0.0
0.0,718.7418107272779,949.9014600278945,0.0
0.0,-40.81780266924635,1376.2403968109325,0.0
0.0,13.607706465271209,1376.778323897429,0.0
0.0,-13.607706465271209,1376.778323897429,0.0
0.0,327.77828014358977,142.9663570223756,0.0
0.0,387.7381651555797,1269.1589830242253,0.0
0.0,437.59660600367897,1252.8426155440923,0.0
0.0,751.6433372615815,867.721987137679,0.0
0.0,-310.9735357918637,868.8702250160023,0.0
0.0,310.97353579186415,868.8702250160023,0.0
0.0,551.0062446479287,1156.1175848829093,0.0
0.0,-387.73816515557996,1269.158983024225,0.0
0.0,776.8943705486573,617.8887745592107,0.0
0.0,734.6924180906133,442.76738360052497,0.0
0.0,-437.5966060036793,1252.842615544092,0.0
0.0,780.2548642630097,728.6385143675116,0.0
0.0,-611.1887315822722,257.9624082180047,0.0
0.0,-327.77828014358977,142.9663570223756,0.0
0.0,-718.7418107272774,949.9014600278947,0.0
0.0,362.5768165627591,1276.5748943953568,0.0
0.0,780.1579175005854,672.6676639423908,0.0
0.0,-551.0062446479293,1156.1175848829091,0.0
0.0,-751.6433372615808,867.7219871376795,0.0
0.0,-362.5768165627589,1276.574894395357,0.0
0.0,337.2738039945694,1283.4920296006258,0.0
0.0,-776.8943705486572,617.8887745592109,0.0
0.0,-780.2548642630092,728.6385143675121,0.0
0.0,528.0473237152243,1166.7826599815808,0.0
0.0,-734.6924180906132,442.76738360052536,0.0
0.0,-337.2738039945697,1283.4920296006258,0.0
0.0,-780.1579175005852,672.6676639423912,0.0
0.0,716.1927682930689,414.4882745229277,0.0
0.0,536.6166432513596,196.836099622001,0.0
0.0,-528.0473237152243,1166.7826599815808,0.0
0.0,311.8390137018291,1289.9076860158527,0.0
0.0,225.4293204187858,277.5961124901849,0.0
0.0,-311.83901370182895,1289.9076860158527,0.0
0.0,757.9405780243185,807.9104547805529,0.0
0.0,693.3796014111064,968.569720049944,0.0
0.0,504.8820871008678,1176.9918563189703,0.0
0.0,648.8284631356244,1050.069395032677,0.0
0.0,-225.4293204187858,277.5961124901849,0.0
0.0,696.9295435644174,387.0091614707631,0.0
0.0,-504.8820871008678,1176.9918563189703,0.0
0.0,728.4420769701643,887.2887319871043,0.0
0.0,-716.1927682930684,414.4882745229284,0.0
0.0,642.0457080187626,313.0892012788618,0.0
0.0,-693.3796014111059,968.5697200499443,0.0
0.0,-757.940578024318,807.9104547805532,0.0
0.0,-648.8284631356247,1050.0693950326768,0.0
0.0,-536.6166432513595,196.83609962200126,0.0
0.0,271.93684956348534,51.98008527357176,0.0
0.0,481.5195857958747,1186.741185015281,0.0
0.0,678.7397573306807,361.3139324683818,0.0
0.0,757.3930096876264,586.2024737100965,0.0
0.0,659.8657444691034,336.38958207174704,0.0
0.0,-728.4420769701641,887.2887319871044,0.0
0.0,364.0403557716167,89.38638460299673,0.0
0.0,760.7203323103845,749.0102227842822,0.0
0.0,-481.5195857958747,1186.741185015281,0.0
0.0,-696.9295435644169,387.0091614707637,0.0
0.0,286.28238342280673,1295.8193569518314,0.0
0.0,-286.2823834228071,1295.8193569518314,0.0
0.0,-642.0457080187626,313.0892012788618,0.0
0.0,457.9689478654122,1196.0268368676145,0.0
0.0,760.2887268022957,638.210351384104,0.0
0.0,260.61389850040706,1301.2247326337294,0.0
0.0,762.10303130938,693.056370017344,0.0
0.0,667.532752644063,986.5609957818583,0.0
0.0,-757.3930096876264,586.2024737100965,0.0
0.0,-760.7203323103844,749.0102227842824,0.0
0.0,-260.61389850040746,1301.2247326337294,0.0
0.0,-678.7397573306806,361.31393246838206,0.0
0.0,-457.9689478654122,1196.0268368676145,0.0
0.0,-271.93684956348534,51.980085273571824,0.0
0.0,-659.8657444691033,336.3895820717473,0.0
0.0,234.84358798075027,1306.121701103549,0.0
0.0,-234.84358798075064,1306.121701103549,0.0
0.0,26.230173329345924,1326.8072154297374,0.0
0.0,-26.230173329346265,1326.8072154297374,0.0
0.0,1.2431304118015703e-13,1327.0664674044406,0.0
0.0,736.3182588448005,827.6645724273325,0.0
0.0,-667.5327526440624,986.5609957818587,0.0
0.0,434.23937488233037,1204.8451838382834,0.0
0.0,208.98152069468358,1310.5083490453003,0.0
0.0,-364.0403557716167,89.38638460299673,0.0
0.0,410.34013833197906,1213.1927804723355,0.0
0.0,-760.2887268022953,638.2103513841046,0.0
0.0,-762.1030313093796,693.0563700173443,0.0
0.0,-208.98152069468395,1310.5083490453003,0.0
0.0,704.7316702206514,906.2353041014794,0.0
0.0,-434.2393748823308,1204.8451838382832,0.0
0.0,737.0352480446189,499.448940304579,0.0
0.0,-410.34013833197906,1213.1927804723355,0.0
0.0,183.03780132374047,1314.3829625325611,0.0
0.0,386.28057598970116,1221.066365243744,0.0
0.0,551.6637908603494,217.45356964943565,0.0
0.0,-183.03780132374027,1314.3829625325611,0.0
0.0,157.02256645209803,1317.7440276981329,0.0
0.0,-736.3182588448002,827.6645724273327,0.0
0.0,-386.2805759897017,1221.066365243744,0.0
0.0,-157.02256645209835,1317.7440276981329,0.0
0.0,130.94598060606933,1320.5902313255297,0.0
0.0,-704.7316702206508,906.2353041014799,0.0
0.0,-130.94598060606907,1320.5902313255297,0.0
0.0,104.81823228267301,1322.9204613620718,0.0
0.0,563.8617585585597,1098.0364411960456,0.0
0.0,-104.81823228267334,1322.9204613620716,0.0
0.0,78.64952996884553,1324.7338073533795,0.0
0.0,641.2193301473892,1003.8627121753177,0.0
0.0,-78.64952996884587,1324.7338073533795,0.0
0.0,52.45009815283452,1326.029560799102,0.0
0.0,-737.0352480446187,499.4489403045794,0.0
0.0,-52.450098152834265,1326.029560799102,0.0
0.0,-563.8617585585594,1098.0364411960459,0.0
0.0,-551.6637908603494,217.45356964943565,0.0
0.0,740.6540929303023,768.8584085846841,0.0
0.0,-641.2193301473889,1003.8627121753182,0.0
0.0,405.8718090828875,114.46336422237128,0.0
0.0,362.07008827243385,1228.4628618297322,0.0
0.0,-217.52095159962283,896.8414818112767,0.0
0.0,217.52095159962334,896.8414818112767,0.0
0.0,718.5319370685378,468.53789664532155,0.0
0.0,-362.07008827243385,1228.4628618297322,0.0
0.0,743.5154712497053,712.9606625648374,0.0
0.0,680.5286894626554,924.5484607256294,0.0
0.0,-740.6540929303019,768.8584085846845,0.0
0.0,714.1812881296636,846.8401917983181,0.0
0.0,316.59512389499923,400.12350377674943,0.0
0.0,741.6318212766429,606.0195978492832,0.0
0.0,337.7181345658267,1235.379380312737,0.0
0.0,291.8905149983754,206.58631955703697,0.0
0.0,743.1516773002538,658.0858494469373,0.0
0.0,-337.7181345658267,1235.379380312737,0.0
0.0,614.457725755231,1020.4627761512718,0.0
0.0,-680.5286894626548,924.5484607256298,0.0
0.0,737.1945177741974,555.1434506917296,0.0
0.0,313.2342295283252,1241.8132183095413,0.0
0.0,-714.1812881296632,846.8401917983184,0.0
0.0,567.4291520024424,239.49294707169636,0.0
0.0,-316.5951238949993,400.1235037767494,0.0
0.0,-743.515471249705,712.9606625648378,0.0
0.0,-718.5319370685377,468.5378966453216,0.0
0.0,-405.8718090828875,114.46336422237128,0.0
0.0,-313.2342295283252,1241.8132183095413,0.0
0.0,-215.8679746889399,653.2255298371509,0.0
0.0,215.86797468894014,653.2255298371508,0.0
0.0,-614.4577257552306,1020.4627761512722,0.0
0.0,-291.8905149983754,206.58631955703697,0.0
0.0,-741.6318212766425,606.0195978492834,0.0
0.0,450.5074172627702,143.804685590968,0.0
0.0,-743.1516773002534,658.0858494469378,0.0
0.0,288.6279393736588,1247.7618620271337,0.0
0.0,497.7733716367591,182.58801735073504,0.0
0.0,701.0465693003689,439.62065322783286,0.0
0.0,-288.6279393736588,1247.7618620271337,0.0
0.0,-737.1945177741973,555.1434506917299,0.0
0.0,263.90887813317954,1253.222987244884,0.0
0.0,214.17111505306522,1262.6743385344578,0.0
0.0,189.17184647259626,1266.6608718274408,0.0
0.0,-263.90887813318005,1253.222987244884,0.0
0.0,-214.1711150530658,1262.6743385344578,0.0
0.0,-567.4291520024424,239.49294707169625,0.0
0.0,-189.17184647259626,1266.6608718274408,0.0
0.0,720.070171472246,788.169198828343,0.0
0.0,655.8500514316556,942.2154018317598,0.0
0.0,239.08670389952644,1258.1944602226495,0.0
0.0,587.2666445596195,1036.3495850524268,0.0
0.0,-239.08670389952644,1258.1944602226495,0.0
0.0,475.371832928947,1139.142541307716,0.0
0.0,-701.0465693003689,439.62065322783286,0.0
0.0,691.5451385713679,865.423910045167,0.0
0.0,-450.5074172627702,143.804685590968,0.0
0.0,682.7697424207888,411.47582989752846,0.0
0.0,-587.2666445596191,1036.3495850524268,0.0
0.0,-497.773371636759,182.58801735073527,0.0
0.0,-655.8500514316554,942.21540183176,0.0
0.0,-475.3718329289472,1139.142541307716,0.0
0.0,-720.0701714722455,788.1691988283435,0.0
0.0,113.76977862898718,1275.6457929955382,0.0
0.0,88.53373648680478,1277.6453064994953,0.0
0.0,-113.76977862898718,1275.6457929955382,0.0
0.0,-88.53373648680535,1277.6453064994953,0.0
0.0,724.4082291443406,732.3666294285425,0.0
0.0,164.0986657317934,1270.1525025057224,0.0
0.0,330.9975054760808,79.22540838752235,0.0
0.0,-691.5451385713676,865.4239100451672,0.0
0.0,582.4440486779237,262.4052158483887,0.0
0.0,-12.657565694620002,1280.6465311502586,0.0
0.0,12.657565694620002,1280.6465311502586,0.0
0.0,-164.0986657317934,1270.1525025057224,0.0
0.0,138.96136928287427,1273.147866338994,0.0
0.0,725.3522674019497,625.4131430361595,0.0
0.0,-138.96136928287427,1273.147866338994,0.0
0.0,725.495200027236,677.50137671736,0.0
0.0,665.5024305835719,385.1518283280448,0.0
0.0,-682.7697424207887,411.4758298975288,0.0
0.0,718.8636199982127,525.2668813799563,0.0
0.0,647.5239904216083,359.57396106871494,0.0
0.0,-724.4082291443403,732.3666294285428,0.0
0.0,630.5412853046089,335.6564116312417,0.0
0.0,63.263102940837506,1279.14562561219,0.0
0.0,-63.263102940837506,1279.14562561219,0.0
0.0,37.96775159095292,1280.1461641373737,0.0
0.0,-37.96775159095292,1280.1461641373737,0.0
0.0,630.7130053250031,959.2237790660698,0.0
0.0,-725.3522674019495,625.4131430361598,0.0
0.0,-725.4952000272357,677.5013767173605,0.0
0.0,-582.4440486779237,262.4052158483888,0.0
0.0,-330.9975054760808,79.22540838752235,0.0
0.0,-630.7130053250024,959.2237790660703,0.0
0.0,698.9829551209148,806.9290961888878,0.0
0.0,-665.5024305835716,385.15182832804544,0.0
0.0,668.4256317647086,883.4027380303438,0.0
0.0,-718.8636199982122,525.266881379957,0.0
0.0,598.1610591580235,286.87909818202314,0.0
0.0,-647.523990421608,359.5739610687155,0.0
0.0,531.6723597619418,1065.9395274197407,0.0
0.0,-630.5412853046088,335.656411631242,0.0
0.0,559.6650918364988,1051.5120347529528,0.0
0.0,-668.4256317647082,883.402738030344,0.0
0.0,-698.9829551209142,806.9290961888883,0.0
0.0,708.5657266994832,644.3695541025742,0.0
0.0,576.2765194132046,375.7764608119218,0.0
0.0,-531.6723597619414,1065.9395274197407,0.0
0.0,511.8524431696347,201.7608237934869,0.0
0.0,-559.6650918364984,1051.512034752953,0.0
0.0,605.1351207455486,975.5617043796667,0.0
0.0,704.7946600491645,751.260706758144,0.0
0.0,-121.63790291111599,914.7919044556736,0.0
0.0,701.467909958724,493.71922838636385,0.0
0.0,121.6379029111165,914.7919044556735,0.0
0.0,-598.1610591580235,286.87909818202314,0.0
0.0,-576.2765194132045,375.77646081192194,0.0
0.0,612.9213290663357,312.4580287060776,0.0
0.0,-708.565726699483,644.3695541025745,0.0
0.0,503.30801392783053,1079.6219789197858,0.0
0.0,-605.135120745548,975.561704379667,0.0
0.0,707.3316360233198,696.4433626627878,0.0
0.0,-704.7946600491641,751.2607067581444,0.0
0.0,-503.3080139278301,1079.621978919786,0.0
0.0,644.8389271482669,900.7641094059143,0.0
0.0,383.9116046956521,1173.1308489419405,0.0
0.0,-511.8524431696347,201.7608237934869,0.0
0.0,-701.4679099587237,493.7192283863643,0.0
0.0,677.4071828402639,825.1249883879408,0.0
0.0,-383.91160469565233,1173.1308489419405,0.0
0.0,-644.8389271482665,900.7641094059146,0.0
0.0,-707.3316360233197,696.443362662788,0.0
0.0,-612.9213290663355,312.45802870607787,0.0
0.0,290.05255187911456,1199.788992326418,0.0
0.0,474.59187966643816,1092.5498258685177,0.0
0.0,685.018811879525,464.2002137477398,0.0
0.0,-290.05255187911433,1199.7889923264183,0.0
0.0,-677.4071828402637,825.1249883879409,0.0
0.0,-474.5918796664377,1092.549825868518,0.0
0.0,684.6884729186031,769.6296884898313,0.0
0.0,690.8916133044603,611.8078019670984,0.0
0.0,445.5440281934609,1104.7140323141532,0.0
0.0,-685.0188118795247,464.2002137477401,0.0
0.0,620.8015107097324,917.4958893968255,0.0
0.0,526.5956973975918,222.2585058239688,0.0
0.0,552.7286427098586,1006.1809981012399,0.0
0.0,579.134275421324,991.2177583377468,0.0
0.0,-445.54402819346046,1104.7140323141534,0.0
0.0,699.7880287763951,550.4243050709218,0.0
0.0,194.3811412610154,1218.9504013212736,0.0
0.0,462.91676051408314,165.35961833214756,0.0
0.0,667.7513657598258,435.4250719482028,0.0
0.0,375.47587950808713,105.8911493507358,0.0
0.0,-194.38114126101573,1218.9504013212734,0.0
0.0,-684.6884729186028,769.6296884898316,0.0
0.0,655.35793507167,842.7441573599776,0.0
0.0,417.27388369365116,133.19634117119904,0.0
0.0,-620.8015107097319,917.4958893968258,0.0
0.0,-690.89161330446,611.8078019670988,0.0
0.0,-552.7286427098584,1006.18099810124,0.0
0.0,688.6736807581541,714.8985677335585,0.0
0.0,-579.1342754213234,991.2177583377471,0.0
0.0,691.2839321649238,662.8755814163908,0.0
0.0,97.49516391851249,1230.4953482121462,0.0
0.0,-655.3579350716695,842.744157359978,0.0
0.0,-699.7880287763951,550.4243050709218,0.0
0.0,-97.49516391851279,1230.4953482121462,0.0
0.0,-526.5956973975918,222.25850582396868,0.0
0.0,651.4282417757627,408.505399956985,0.0
0.0,-667.7513657598257,435.42507194820286,0.0
0.0,-688.6736807581538,714.8985677335589,0.0
0.0,525.9366788958652,1020.4409650753332,0.0
0.0,-462.91676051408314,165.35961833214756,0.0
0.0,596.3301834629797,933.5863832825362,0.0
0.0,-417.27388369365116,133.19634117119904,0.0
0.0,-375.47587950808713,105.8911493507358,0.0
0.0,634.3679820061733,382.3061797245555,0.0
0.0,-525.9366788958646,1020.4409650753336,0.0
0.0,-691.2839321649235,662.8755814163911,0.0
0.0,664.1037210237222,787.4607355767077,0.0
0.0,305.27147877336097,73.06779409136696,0.0
0.0,-596.3301834629793,933.5863832825365,0.0
0.0,540.6402461560114,243.57158565001114,0.0
0.0,416.1847625791923,1116.1060960533962,0.0
0.0,-651.4282417757627,408.505399956985,0.0
0.0,632.8506231934152,859.7742881416541,0.0
0.0,683.521794589475,518.2797135731539,0.0
0.0,356.6142751834938,1136.5424906205676,0.0
0.0,-24.395736389353807,922.5209243850643,0.0
0.0,498.77711029117046,1033.987692219535,0.0
0.0,-664.1037210237217,787.4607355767081,0.0
0.0,-416.1847625791918,1116.1060960533964,0.0
0.0,-356.6142751834933,1136.5424906205676,0.0
0.0,24.395736389354326,922.5209243850643,0.0
0.0,-634.3679820061732,382.3061797245558,0.0
0.0,1.156279786743903e-13,1234.351695814134,0.0
0.0,618.2439637892986,357.8015377005054,0.0
0.0,-632.8506231934148,859.7742881416544,0.0
0.0,669.5343752574278,732.8540926167523,0.0
0.0,-498.7771102911699,1033.9876922195351,0.0
0.0,571.4420497049548,949.0243445710745,0.0
0.0,326.44469034702246,1145.5725373780956,0.0
0.0,386.53460355763707,1126.7180545740766,0.0
0.0,-683.5217945894749,518.2797135731541,0.0
0.0,-305.27147877336097,73.06779409136696,0.0
0.0,-326.44469034702195,1145.5725373780958,0.0
0.0,-540.6402461560114,243.5715856500113,0.0
0.0,-386.5346035576366,1126.7180545740769,0.0
0.0,277.13229438624154,225.99927341112524,0.0
0.0,-571.4420497049543,949.024344571075,0.0
0.0,471.2689201459129,1046.811711014161,0.0
0.0,296.04693615692804,1153.8018832723178,0.0
0.0,-669.5343752574273,732.8540926167527,0.0
0.0,673.5189629528874,680.918290142352,0.0
0.0,555.3342282345914,266.33927459236617,0.0
0.0,-277.13229438624154,225.99927341112524,0.0
0.0,643.0547921296563,804.7413849626772,0.0
0.0,-296.04693615692753,1153.8018832723178,0.0
0.0,-618.2439637892983,357.80153770050595,0.0
0.0,668.1296507609887,488.19604755290925,0.0
0.0,-471.2689201459123,1046.8117110141611,0.0
0.0,609.9009787488661,876.2034774793794,0.0
0.0,674.4767784315248,629.8579865643399,0.0
0.0,-121.3489944158809,677.18313393172,0.0
0.0,265.44225920146926,1161.224776380814,0.0
0.0,121.34899441588108,677.18313393172,0.0
0.0,679.8324617274399,574.8895761910882,0.0
0.0,546.1545050605837,963.7989828598008,0.0
0.0,-265.44225920146874,1161.224776380814,0.0
0.0,-643.054792129656,804.7413849626774,0.0
0.0,-673.5189629528871,680.9182901423522,0.0
0.0,-609.9009787488659,876.2034774793796,0.0
0.0,234.65205069810213,1167.836028453407,0.0
0.0,-546.1545050605832,963.798982859801,0.0
0.0,-234.65205069810213,1167.836028453407,0.0
0.0,-668.1296507609883,488.19604755290993,0.0
0.0,-555.3342282345914,266.33927459236617,0.0
0.0,649.9270969878113,750.2973872521973,0.0
0.0,-674.4767784315244,629.8579865643402,0.0
0.0,-679.8324617274396,574.8895761910885,0.0
0.0,569.2368840341277,289.9429892235507,0.0
0.0,651.8932990266642,458.8267717116586,0.0
0.0,474.680621470254,187.10852024770483,0.0
0.0,415.2838131451574,1070.2562814352027,0.0
0.0,520.4852243240559,977.8999713773873,0.0
0.0,586.5250424508716,892.0202421491259,0.0
0.0,655.2832359341712,698.4850692829149,0.0
0.0,621.5563984392461,821.4595582935272,0.0
0.0,-415.2838131451568,1070.256281435203,0.0
0.0,-649.9270969878107,750.2973872521976,0.0
0.0,583.7662146306407,315.14008999584956,0.0
0.0,-520.4852243240555,977.8999713773876,0.0
0.0,443.4313353801505,1058.9040580783824,0.0
0.0,-586.5250424508711,892.0202421491263,0.0
0.0,488.47779710072507,206.1702096092505,0.0
0.0,-569.2368840341276,289.9429892235509,0.0
0.0,386.84602722379555,1080.860446418989,0.0
0.0,-621.5563984392458,821.4595582935274,0.0
0.0,-651.8932990266638,458.82677171165903,0.0
0.0,-655.2832359341709,698.4850692829152,0.0
0.0,664.7161580054775,542.1884676629743,0.0
0.0,-443.4313353801503,1058.9040580783824,0.0
0.0,636.5348890464445,431.3452804931431,0.0
0.0,96.98762089247542,500.92383866441196,0.0
0.0,636.5894970169479,715.5636404927423,0.0
0.0,203.69783154203566,1173.631018538503,0.0
0.0,-386.8460272237949,1080.860446418989,0.0
0.0,-474.680621470254,187.10852024770483,0.0
0.0,-96.9876208924755,500.9238386644119,0.0
0.0,-203.69783154203515,1173.631018538503,0.0
0.0,257.3899477464526,61.607182494399005,0.0
0.0,73.11901523613543,919.9421816033604,0.0
0.0,172.60123726414366,1178.6056962129185,0.0
0.0,386.19215119596674,123.27486463567504,0.0
0.0,-583.7662146306405,315.14008999584985,0.0
0.0,358.1378542794754,1090.7091412214272,0.0
0.0,629.8655505067419,767.2162596043677,0.0
0.0,-172.60123726414315,1178.6056962129185,0.0
0.0,620.4142627601436,404.5576525218085,0.0
0.0,562.7391529700649,907.2135269826591,0.0
0.0,428.91598537946953,153.2141190138401,0.0
0.0,-636.5894970169476,715.5636404927425,0.0
0.0,-73.11901523613491,919.9421816033604,0.0
0.0,141.38400290875705,1182.7565844129333,0.0
0.0,-358.13785427947477,1090.7091412214272,0.0
0.0,-664.7161580054775,542.1884676629744,0.0
0.0,-141.38400290875651,1182.7565844129333,0.0
0.0,599.6235663099025,837.6035703591273,0.0
0.0,-636.5348890464443,431.3452804931435,0.0
0.0,-488.47779710072507,206.17020960925038,0.0
0.0,110.06794784189775,1186.080781864593,0.0
0.0,-110.06794784189722,1186.0807818645933,0.0
0.0,78.6749605005791,1188.5759651115632,0.0
0.0,-562.7391529700643,907.2135269826595,0.0
0.0,329.17935996331016,1099.7954820720238,0.0
0.0,-78.67496050057856,1188.5759651115632,0.0
0.0,-629.8655505067417,767.2162596043678,0.0
0.0,468.0734752880612,1004.0420531488282,0.0
0.0,47.226983093823364,1190.2403901391126,0.0
0.0,659.0220127596413,598.6319299283919,0.0
0.0,-47.22698309382284,1190.2403901391126,0.0
0.0,15.745996266100626,1191.0728935930997,0.0
0.0,-257.3899477464526,61.607182494399005,0.0
0.0,-15.745996266100097,1191.0728935930997,0.0
0.0,-329.17935996331005,1099.7954820720238,0.0
0.0,-599.6235663099021,837.6035703591276,0.0
0.0,-620.4142627601435,404.5576525218086,0.0
0.0,650.4003238809833,511.5779801435901,0.0
0.0,-468.07347528806076,1004.0420531488285,0.0
0.0,605.1692072207479,379.4967322317299,0.0
0.0,230.59556624636465,46.345752033714376,0.0
0.0,494.4521491049828,991.3174542017414,0.0
0.0,501.6244231639979,225.9940080664463,0.0
0.0,-386.19215119596674,123.27486463567504,0.0
0.0,299.9907848891794,1108.1131180495356,0.0
0.0,-428.91598537946953,153.2141190138401,0.0
0.0,538.559935514907,921.7727125945751,0.0
0.0,-299.99078488917877,1108.1131180495356,0.0
0.0,-659.022012759641,598.6319299283922,0.0
0.0,-494.4521491049824,991.3174542017415,0.0
0.0,441.36764031501457,1016.0648743275764,0.0
0.0,609.3637578835895,783.5988841840368,0.0
0.0,-538.5599355149064,921.7727125945754,0.0
0.0,577.271625750898,853.1621372608367,0.0
0.0,-650.4003238809833,511.5779801435901,0.0
0.0,-441.36764031501417,1016.0648743275766,0.0
0.0,-605.1692072207479,379.4967322317299,0.0
0.0,344.17524687313784,97.06379146702241,0.0
0.0,-501.62442316399785,225.9940080664464,0.0
0.0,-609.3637578835891,783.5988841840372,0.0
0.0,414.3533102976954,1027.3775143562855,0.0
0.0,-577.2716257508976,853.162137260837,0.0
0.0,635.2154835675632,481.6515018052337,0.0
0.0,-230.59556624636463,46.34575203371448,0.0
0.0,514.004290211456,935.6876228047474,0.0
0.0,211.249307830591,1128.3983708571127,0.0
0.0,-211.24930783059085,1128.3983708571127,0.0
0.0,645.0746480899859,565.4154256578679,0.0
0.0,-414.353310297695,1027.3775143562857,0.0
0.0,617.4508122379816,732.1420666606816,0.0
0.0,281.1196749069881,67.28697552641556,0.0
0.0,181.34581767505378,1133.5884825736614,0.0
0.0,-514.0042902114558,935.6876228047475,0.0
0.0,515.3711510484562,247.172912342248,0.0
0.0,-181.34581767505313,1133.5884825736614,0.0
0.0,151.31557539511454,1137.986269712748,0.0
0.0,270.5925304864971,1115.656235520962,0.0
0.0,387.04936697135986,1037.9720662361908,0.0
0.0,554.516199708418,868.1243842984122,0.0
0.0,-151.3155753951139,1137.986269712748,0.0
0.0,169.81677351350586,907.0844896236043,0.0
0.0,588.4360488988934,799.4338103137349,0.0
0.0,-270.5925304864965,1115.656235520962,0.0
0.0,121.17957070563963,1141.588658429772,0.0
0.0,-344.17524687313784,97.06379146702241,0.0
0.0,604.2227909643448,697.5348211820755,0.0
0.0,-617.4508122379813,732.142066660682,0.0
0.0,-635.2154835675631,481.65150180523386,0.0
0.0,-121.1795707056395,1141.588658429772,0.0
0.0,430.4589049528704,273.9277676604692,0.0
0.0,489.08938029098067,948.9485317509935,0.0
0.0,-387.04936697135935,1037.972066236191,0.0
0.0,-645.0746480899858,565.4154256578681,0.0
0.0,90.95886724440425,1144.3931308258998,0.0
0.0,241.0051447405818,1122.4195622049988,0.0
0.0,-169.81677351350578,907.0844896236043,0.0
0.0,620.8411006245205,453.6427490354184,0.0
0.0,-90.9588672444036,1144.3931308258998,0.0
0.0,622.4512422078608,681.3181774737434,0.0
0.0,60.67458784960591,1146.3977267079565,0.0
0.0,-60.67458784960528,1146.3977267079565,0.0
0.0,-554.5161997084176,868.1243842984126,0.0
0.0,637.3828507859998,621.6215105315065,0.0
0.0,-241.0051447405817,1122.4195622049988,0.0
0.0,30.34789979600447,1147.601044958509,0.0
0.0,-30.347899796003826,1147.601044958509,0.0
0.0,6.770985909717465e-14,1148.0022445151794,0.0
0.0,359.4748944972278,1047.8411248780822,0.0
0.0,-588.436048898893,799.4338103137352,0.0
0.0,-489.08938029098016,948.9485317509939,0.0
0.0,-515.3711510484562,247.172912342248,0.0
0.0,-281.1196749069881,67.28697552641556,0.0
0.0,591.3334569629891,400.7147137540005,0.0
0.0,-604.2227909643442,697.5348211820759,0.0
0.0,-359.4748944972274,1047.8411248780824,0.0
0.0,528.3810003790951,269.1328882505442,0.0
0.0,-622.4512422078603,681.3181774737437,0.0
0.0,605.6803793335474,426.3003984756981,0.0
0.0,-430.4589049528703,273.9277676604694,0.0
0.0,141.81856172436434,29.00075762760971,0.0
0.0,463.83262009367445,961.5461706869926,0.0
0.0,531.3731931458606,882.4798535709103,0.0
0.0,-637.3828507859996,621.6215105315068,0.0
0.0,-620.8411006245202,453.642749035419,0.0
0.0,597.8805586300874,748.2087602532409,0.0
0.0,631.8531256750299,534.3166089941226,0.0
0.0,567.097051028526,814.7099701312283,0.0
0.0,-463.83262009367394,961.5461706869928,0.0
0.0,-531.3731931458602,882.4798535709107,0.0
0.0,541.9700184556676,292.5768503051129,0.0
0.0,439.659164669151,174.17387728678872,0.0
0.0,303.5916307145784,1065.3756823391554,0.0
0.0,-591.3334569629887,400.71471375400085,0.0
0.0,-528.381000379095,269.13288825054445,0.0
0.0,-605.6803793335471,426.3003984756985,0.0
0.0,-597.8805586300871,748.2087602532412,0.0
0.0,-303.5916307145779,1065.3756823391554,0.0
0.0,-567.0970510285258,814.7099701312284,0.0
0.0,438.2516628968589,973.4717344606981,0.0
0.0,-631.8531256750298,534.3166089941229,0.0
0.0,-141.81856172436434,29.00075762760971,0.0
0.0,275.3218991566185,1073.0289253344247,0.0
0.0,507.8587819270226,896.2185112862624,0.0
0.0,577.8924148722217,763.7524914137232,0.0
0.0,264.61708864409053,884.0915135209576,0.0
0.0,554.7286571161976,316.81806154136956,0.0
0.0,-438.2516628968583,973.4717344606984,0.0
0.0,206.67392981773466,41.537913582139495,0.0
0.0,-275.32189915661803,1073.028925334425,0.0
0.0,624.6219638278695,587.9313799110428,0.0
0.0,353.3524540890945,368.0670237034101,0.0
0.0,568.0370992222365,342.680789619095,0.0
0.0,397.12704767179804,141.85871550525394,0.0
0.0,331.6491661235616,1056.9777922781084,0.0
0.0,557.5003517287315,778.7623958113654,0.0
0.0,246.85973065106367,1079.9321720100954,0.0
0.0,-541.9700184556675,292.5768503051131,0.0
0.0,617.7388915538814,503.870560379342,0.0
0.0,545.3616792197823,829.41668632543,0.0
0.0,-507.8587819270222,896.2185112862625,0.0
0.0,-264.6170886440904,884.0915135209577,0.0
0.0,-439.659164669151,174.17387728678872,0.0
0.0,-353.35245408909464,368.06702370341003,0.0
0.0,412.36438857617935,984.7168876687226,0.0
0.0,-246.8597306510632,1079.9321720100954,0.0
0.0,-331.6491661235612,1056.9777922781084,0.0
0.0,-577.8924148722214,763.7524914137233,0.0
0.0,218.22501890359365,1086.0805973241966,0.0
0.0,614.9421868170972,643.8294088531264,0.0
0.0,-412.36438857617924,984.7168876687226,0.0
0.0,357.1019366263409,113.98909263801043,0.0
0.0,-218.22501890359365,1086.0805973241966,0.0
0.0,-557.5003517287312,778.7623958113658,0.0
0.0,-624.6219638278691,587.9313799110431,0.0
0.0,-545.3616792197818,829.4166863254303,0.0
0.0,483.9894015099377,909.3307547744197,0.0
0.0,527.2175364101361,757.4177692554349,0.0
0.0,-554.7286571161976,316.81806154136956,0.0
0.0,189.43777821943104,1091.4699038190854,0.0
0.0,-144.3726610040074,489.3749334644085,0.0
0.0,144.37266100400757,489.37493346440846,0.0
0.0,-24.392329316414667,687.5373368754972,0.0
0.0,-617.7388915538813,503.8705603793421,0.0
0.0,-189.43777821943058,1091.4699038190854,0.0
0.0,-568.0370992222365,342.680789619095,0.0
0.0,160.51812951428872,1096.0963246251636,0.0
0.0,-206.67392981773463,41.53791358213959,0.0
0.0,24.392329316414877,687.5373368754972,0.0
0.0,604.3666112780627,475.36976675988643,0.0
0.0,-397.12704767179804,141.85871550525394,0.0
0.0,-483.9894015099373,909.3307547744199,0.0
0.0,356.46071185913723,851.2201646948511,0.0
0.0,-160.51812951428826,1096.0963246251636,0.0
0.0,-614.942186817097,643.8294088531268,0.0
0.0,131.48628625080576,1099.9566260937422,0.0
0.0,124.43672881642135,27.78039815172585,0.0
0.0,-527.2175364101358,757.4177692554349,0.0
0.0,523.2451254665374,843.5436795993347,0.0
0.0,-131.48628625080528,1099.9566260937424,0.0
0.0,102.36254031029513,1103.048110057209,0.0
0.0,612.5113790429368,556.3833405262984,0.0
0.0,-102.36254031029463,1103.0481100572092,0.0
0.0,359.7434659246799,1005.1350041413743,0.0
0.0,444.3214309074074,808.8377302763801,0.0
0.0,459.7817354592724,921.807419199164,0.0
0.0,-356.4607118591371,851.2201646948511,0.0
0.0,73.16724780968308,1105.368615714918,0.0
0.0,-73.16724780968259,1105.3686157149182,0.0
0.0,-357.1019366263409,113.98909263801043,0.0
0.0,43.920814873546114,1106.9165211434877,0.0
0.0,-43.92081487354562,1106.9165211434877,0.0
0.0,14.64368337119977,1107.6907444304488,0.0
0.0,590.1848594243759,447.50707631991526,0.0
0.0,-14.643683371199279,1107.6907444304488,0.0
0.0,-523.2451254665368,843.5436795993351,0.0
0.0,-359.7434659246794,1005.1350041413746,0.0
0.0,-604.3666112780627,475.36976675988643,0.0
0.0,-459.781735459272,921.8074191991641,0.0
0.0,517.3623520196236,453.47411396909354,0.0
0.0,-444.3214309074072,808.8377302763802,0.0
0.0,182.75229338910464,36.73007513056461,0.0
0.0,333.04659712271547,1014.2936961111222,0.0
0.0,576.7541113213318,421.42880088656784,0.0
0.0,-612.5113790429367,556.3833405262988,0.0
0.0,-124.43672881642134,27.78039815172588,0.0
0.0,386.1888911084222,995.273770482388,0.0
0.0,314.29063049878965,90.71526630312215,0.0
0.0,478.0657453099923,229.28117400236104,0.0
0.0,500.7628481907642,857.081075854759,0.0
0.0,-333.0465971227149,1014.2936961111224,0.0
0.0,435.25270378530314,933.6397839638939,0.0
0.0,205.9860810596071,292.31441049637624,0.0
0.0,603.3838242469056,609.7080168551716,0.0
0.0,-517.3623520196235,453.47411396909365,0.0
0.0,450.57061515638566,196.5244292636484,0.0
0.0,-205.9860810596071,292.31441049637624,0.0
0.0,-590.1848594243758,447.5070763199154,0.0
0.0,-386.18889110842156,995.2737704823883,0.0
0.0,306.11694454745276,1022.7434449003883,0.0
0.0,591.7282397435484,665.227698702904,0.0
0.0,536.7186222844548,793.2279822349902,0.0
0.0,-435.25270378530274,933.6397839638942,0.0
0.0,-500.7628481907637,857.0810758547592,0.0
0.0,490.24987764136074,249.71065469695398,0.0
0.0,599.4854996097963,525.4560072097407,0.0
0.0,-306.11694454745265,1022.7434449003885,0.0
0.0,-576.7541113213315,421.4288008865684,0.0
0.0,-603.3838242469054,609.7080168551719,0.0
0.0,278.97333074863275,1030.4783445355831,0.0
0.0,410.41945111763346,944.8195788069085,0.0
0.0,-536.7186222844545,793.2279822349905,0.0
0.0,-182.7522933891046,36.73007513056469,0.0
0.0,-278.9733307486322,1030.4783445355833,0.0
0.0,477.9305614378297,870.0194130938679,0.0
0.0,-591.7282397435482,665.2276987029041,0.0
0.0,-478.0657453099923,229.28117400236104,0.0
0.0,-314.29063049878965,90.71526630312215,0.0
0.0,251.63472782474088,1037.4929886887671,0.0
0.0,-410.41945111763306,944.8195788069087,0.0
0.0,-450.57061515638566,196.5244292636484,0.0
0.0,186.71094419873435,187.57412788611572,0.0
0.0,-599.4854996097962,525.4560072097408,0.0
0.0,-251.6347278247403,1037.4929886887674,0.0
0.0,-477.93056143782945,870.019413093868,0.0
0.0,-490.2498776413606,249.71065469695418,0.0
0.0,587.1321374980562,496.4990121783138,0.0
0.0,385.2993347219105,955.3389895819266,0.0
0.0,224.12024416241178,1043.782474456418,0.0
0.0,515.5617519824908,807.1391399258629,0.0
0.0,502.9686593120609,271.52237417676525,0.0
0.0,-186.71094419873432,187.57412788611578,0.0
0.0,592.3994060205081,577.7504260654703,0.0
0.0,-224.12024416241167,1043.782474456418,0.0
0.0,407.2258970954884,161.32522446583445,0.0
0.0,-385.2993347219101,955.3389895819269,0.0
0.0,454.7642238931234,882.349648032662,0.0
0.0,-515.5617519824905,807.1391399258632,0.0
0.0,494.0445284716025,820.4861456446349,0.0
0.0,359.90991236792104,965.1906637198056,0.0
0.0,472.18199127035297,833.2596704674249,0.0
0.0,514.9140735729902,294.07905388885223,0.0
0.0,581.3869360763842,630.717952606394,0.0
0.0,-587.132137498056,496.49901217831405,0.0
0.0,-454.76422389312296,882.3496480326623,0.0
0.0,567.7702008510535,685.7894719643298,0.0
0.0,573.9471884802058,468.15101888796084,0.0
0.0,-592.399406020508,577.7504260654706,0.0
0.0,-359.9099123679206,965.1906637198057,0.0
0.0,547.0559289150378,743.2158626678774,0.0
0.0,-502.96865931206077,271.5223741767655,0.0
0.0,-494.04452847160223,820.4861456446351,0.0
0.0,527.3670682428366,318.14570494075906,0.0
0.0,562.5908394277957,395.9723762073052,0.0
0.0,431.280027727692,894.0631624218049,0.0
0.0,-472.18199127035257,833.259670467425,0.0
0.0,334.26893005754084,974.3677153676379,0.0
0.0,84.58625876014179,1064.216567553214,0.0
0.0,-84.58625876014119,1064.216567553214,0.0
0.0,551.0096637983254,369.4382493294865,0.0
0.0,-407.2258970954884,161.32522446583445,0.0
0.0,56.42370604969747,1066.0807207812172,0.0
0.0,-56.42370604969688,1066.0807207812172,0.0
0.0,28.22171584518727,1067.1997341550154,0.0
0.0,538.9525282959174,342.9690064542411,0.0
0.0,-28.22171584518667,1067.1997341550154,0.0
0.0,6.29660838543336e-14,1067.572825537341,0.0
0.0,-581.3869360763841,630.717952606394,0.0
0.0,-567.7702008510531,685.78947196433,0.0
0.0,-334.26893005754044,974.3677153676381,0.0
0.0,-573.9471884802058,468.15101888796096,0.0
0.0,-547.0559289150374,743.2158626678778,0.0
0.0,580.4782611769415,546.3806988320549,0.0
0.0,-431.2800277276915,894.0631624218051,0.0
0.0,-514.9140735729902,294.07905388885223,0.0
0.0,308.3943096211229,982.863730201636,0.0
0.0,196.44911108057468,1049.3424057863258,0.0
0.0,407.49438728068026,905.15176907037,0.0
0.0,-562.5908394277953,395.9723762073056,0.0
0.0,-308.3943096211225,982.8637302016361,0.0
0.0,-196.44911108057457,1049.3424057863258,0.0
0.0,-527.3670682428366,318.14570494075906,0.0
0.0,561.4495036641857,441.61294589039085,0.0
0.0,168.64066938867103,1054.168896550227,0.0
0.0,-551.0096637983254,369.4382493294865,0.0
0.0,-407.49438728067975,905.1517690703703,0.0
0.0,-168.64066938867043,1054.168896550227,0.0
0.0,-580.4782611769411,546.3806988320553,0.0
0.0,-538.9525282959173,342.9690064542413,0.0
0.0,140.7143558683478,1058.2585732600223,0.0
0.0,571.5424971948468,598.3909967342105,0.0
0.0,367.38601736827377,131.23484996550968,0.0
0.0,-140.7143558683472,1058.2585732600223,0.0
0.0,569.1593514476359,517.0039154946355,0.0
0.0,383.4239275864866,915.6077175682991,0.0
0.0,112.68968968806848,1061.608577425686,0.0
0.0,543.0981971126722,705.4888724313978,0.0
0.0,256.01664556077293,997.789376345716,0.0
0.0,-112.68968968806837,1061.608577425686,0.0
0.0,558.6589601636856,650.9347673992507,0.0
0.0,-256.0166455607725,997.7893763457162,0.0
0.0,-383.4239275864865,915.6077175682991,0.0
0.0,449.98942125519415,845.4507863062951,0.0
0.0,-561.4495036641857,441.61294589039085,0.0
0.0,229.550211439481,1004.2085753371424,0.0
0.0,-571.5424971948465,598.3909967342108,0.0
0.0,359.085472754654,925.4236997035705,0.0
0.0,-543.0981971126719,705.488872431398,0.0
0.0,-229.55021143948053,1004.2085753371424,0.0
0.0,556.9877851954589,488.2062666468203,0.0
0.0,-569.1593514476357,517.0039154946357,0.0
0.0,202.9233326091244,1009.9258801691192,0.0
0.0,-558.658960163685,650.9347673992511,0.0
0.0,-449.9894212551938,845.4507863062953,0.0
0.0,417.47665210526657,182.08990561315224,0.0
0.0,-359.08547275465344,925.4236997035707,0.0
0.0,-202.9233326091244,1009.9258801691192,0.0
0.0,-367.38601736827377,131.23484996550968,0.0
0.0,176.15461999495838,1014.9372947167699,0.0
0.0,334.49603421061295,934.5928545702936,0.0
0.0,282.3041361909872,990.6727699104403,0.0
0.0,560.7410776507015,566.6183226743908,0.0
0.0,-176.15461999495795,1014.9372947167699,0.0
0.0,427.4823299798613,857.0509721495602,0.0
0.0,466.56101431447837,251.86808752310102,0.0
0.0,149.26278365732392,1019.2393162390423,0.0
0.0,-282.30413619098675,990.6727699104404,0.0
0.0,381.58771804532216,878.4465406298102,0.0
0.0,404.6764488335298,868.0521200175717,0.0
0.0,-334.4960342106125,934.5928545702938,0.0
0.0,-149.26278365732347,1019.2393162390423,0.0
0.0,-556.9877851954586,488.2062666468205,0.0
0.0,122.26661971420464,1022.8289378269591,0.0
0.0,517.7432533044857,724.3011283225003,0.0
0.0,309.67279880550393,943.1087733641563,0.0
0.0,-122.26661971420418,1022.8289378269592,0.0
0.0,-427.4823299798609,857.0509721495603,0.0
0.0,95.18499720363118,1025.7036505053047,0.0
0.0,549.9668799017186,618.2790972396302,0.0
0.0,-95.18499720363073,1025.7036505053047,0.0
0.0,-381.5877180453218,878.4465406298104,0.0
0.0,-404.67644883352943,868.0521200175718,0.0
0.0,68.03684489512054,1027.8614449862787,0.0
0.0,-417.47665210526657,182.08990561315224,0.0
0.0,73.05433416615818,684.0801412019433,0.0
0.0,-68.03684489512008,1027.8614449862787,0.0
0.0,-309.67279880550336,943.1087733641564,0.0
0.0,477.7548045517507,272.85655631534513,0.0
0.0,535.2284766910649,670.3330388092543,0.0
0.0,40.84113805936121,1029.3008130738942,0.0
0.0,-560.7410776507014,566.6183226743909,0.0
0.0,-40.841138059360745,1029.3008130738942,0.0
0.0,13.616885205400896,1030.0207487181347,0.0
0.0,545.4388793690489,461.2417674228841,0.0
0.0,-13.61688520540044,1030.0207487181347,0.0
0.0,376.8926150611301,149.3084947640128,0.0
0.0,284.6331168033825,950.9655038618748,0.0
0.0,-73.05433416615797,684.0801412019433,0.0
0.0,-517.7432533044855,724.3011283225004,0.0
0.0,550.4708537095792,536.8586920161811,0.0
0.0,289.6530397855414,83.60399607825858,0.0
0.0,-466.56101431447826,251.86808752310122,0.0
0.0,-284.6331168033824,950.9655038618749,0.0
0.0,-549.9668799017182,618.2790972396303,0.0
0.0,259.39448975420976,958.1575545815159,0.0
0.0,-535.2284766910649,670.3330388092544,0.0
0.0,532.7228266976105,395.35131159778274,0.0
0.0,489.4165696383971,295.2512375793594,0.0
0.0,-259.39448975420925,958.157554581516,0.0
0.0,528.7423716216538,480.290582454683,0.0
0.0,-545.4388793690487,461.2417674228843,0.0
0.0,-477.7548045517507,272.85655631534513,0.0
0.0,233.9745582610965,964.679898620782,0.0
0.0,465.54810092916074,796.8092454304883,0.0
0.0,539.3279758351177,507.647600340791,0.0
0.0,521.9445558938486,368.3360526985435,0.0
0.0,-550.470853709579,536.8586920161813,0.0
0.0,500.2702460875082,318.3530649754094,0.0
0.0,491.73725299227755,742.2025834306754,0.0
0.0,511.55875446984993,342.9873976759976,0.0
0.0,-233.97455826109598,964.6798986207821,0.0
0.0,-376.8926150611301,149.3084947640128,0.0
0.0,540.2987683244694,586.1434301451067,0.0
0.0,208.3910896503595,970.5279771705776,0.0
0.0,36.457809455273,262.137098224465,0.0
0.0,426.76637578289086,203.73311244818626,0.0
0.0,-36.45780945527306,262.137098224465,0.0
0.0,-465.5481009291602,796.8092454304885,0.0
0.0,-208.3910896503594,970.5279771705776,0.0
0.0,-289.6530397855414,83.60399607825858,0.0
0.0,358.23227554284335,888.2269687793281,0.0
0.0,511.12494923638656,688.888373721308,0.0
0.0,182.66196555300473,975.6977027014004,0.0
0.0,-532.7228266976102,395.35131159778297,0.0
0.0,527.699685244962,637.3897185118782,0.0
0.0,-528.7423716216537,480.29058245468326,0.0
0.0,-491.73725299227715,742.2025834306758,0.0
0.0,-489.4165696383971,295.2512375793594,0.0
0.0,-182.66196555300462,975.6977027014004,0.0
0.0,-539.3279758351175,507.6476003407913,0.0
0.0,156.80516940631284,980.1854618203307,0.0
0.0,286.7297847264013,913.8181120213522,0.0
0.0,-358.23227554284296,888.2269687793283,0.0
0.0,-521.9445558938485,368.33605269854365,0.0
0.0,322.3052081118671,109.34059991386502,0.0
0.0,-156.8051694063123,980.1854618203308,0.0
0.0,-540.2987683244693,586.1434301451068,0.0
0.0,-500.2702460875081,318.3530649754096,0.0
0.0,310.786727789735,905.9189373985215,0.0
0.0,130.83877388427123,983.9881177966215,0.0
0.0,-511.55875446984993,342.9873976759976,0.0
0.0,334.62644567253614,897.3865684107839,0.0
0.0,-130.8387738842707,983.9881177966216,0.0
0.0,-286.7297847264009,913.8181120213524,0.0
0.0,-511.12494923638644,688.888373721308,0.0
0.0,104.78092826563145,987.103012754125,0.0
0.0,-527.6996852449616,637.3897185118784,0.0
0.0,531.0901448663175,556.038374577647,0.0
0.0,-310.78672778973464,905.9189373985216,0.0
0.0,-104.78092826563133,987.103012754125,0.0
0.0,465.112898438295,759.1707268710301,0.0
0.0,-426.76637578289086,203.73311244818626,0.0
0.0,-334.6264456725357,897.386568410784,0.0
0.0,230.81013493661325,129.50564368537064,0.0
0.0,-465.1128984382947,759.1707268710303,0.0
0.0,453.98989961943255,273.8793249484834,0.0
0.0,486.3786877229942,706.5774390037834,0.0
0.0,520.989967417179,526.4505727044235,0.0
0.0,-531.0901448663172,556.0383745776472,0.0
0.0,-322.3052081118671,109.34059991386502,0.0
0.0,519.1770391796543,604.9314686341403,0.0
0.0,-230.8101349366132,129.50564368537073,0.0
0.0,386.53553603462086,168.59438466256063,0.0
0.0,436.1291922539156,226.77534743387258,0.0
0.0,504.76891397942006,655.6988291527751,0.0
0.0,266.0015386936781,76.77734580041893,0.0
0.0,437.90366947851373,775.1842213879308,0.0
0.0,188.6680838776182,938.9791613414353,0.0
0.0,-486.3786877229937,706.5774390037836,0.0
0.0,213.4244396104582,933.6634939229867,0.0
0.0,262.4724311445929,921.0785711309129,0.0
0.0,-188.6680838776182,938.9791613414353,0.0
0.0,-519.1770391796539,604.9314686341406,0.0
0.0,-213.42443961045777,933.6634939229867,0.0
0.0,-520.9899674171788,526.4505727044237,0.0
0.0,-504.7689139794197,655.6988291527754,0.0
0.0,-453.98989961943255,273.8793249484834,0.0
0.0,513.2183847792412,420.36074887097396,0.0
0.0,-262.47243114459246,921.078571130913,0.0
0.0,511.38097609870755,498.7354373082816,0.0
0.0,378.838483771751,841.4995015422011,0.0
0.0,-437.90366947851334,775.184221387931,0.0
0.0,238.03162178381478,927.6952400106859,0.0
0.0,78.6498457484258,989.5279695290207,0.0
0.0,511.04159594821084,574.5188449370337,0.0
0.0,-436.1291922539156,226.77534743387258,0.0
0.0,-386.53553603462086,168.59438466256063,0.0
0.0,-78.64984574842525,989.5279695290207,0.0
0.0,52.46379071980352,991.2612931915511,0.0
0.0,-52.463790719802965,991.2612931915511,0.0
0.0,26.241065990092054,992.3017722306965,0.0
0.0,119.60251855582449,337.00625770042114,0.0
0.0,464.167762951451,295.3788100612436,0.0
0.0,-26.241065990091496,992.3017722306965,0.0
0.0,461.0208103053116,723.3779908496809,0.0
0.0,5.854701289684373e-14,992.6486794009638,0.0
0.0,-238.0316217838144,927.695240010686,0.0
0.0,503.74361376351703,392.86122070935374,0.0
0.0,-119.60251855582449,337.00625770042114,0.0
0.0,-378.83848377175053,841.4995015422013,0.0
0.0,-266.0015386936781,76.77734580041893,0.0
0.0,88.49830527324016,953.6485522829055,0.0
0.0,474.7458570276886,318.3052672573998,0.0
0.0,410.1437814221061,790.2229301863719,0.0
0.0,113.67745920133369,950.9757865356227,0.0
0.0,481.20340130029706,673.1834056550329,0.0
0.0,-88.49830527323974,953.6485522829056,0.0
0.0,494.58120902001417,367.0451497072236,0.0
0.0,497.4024505606893,622.9588123876499,0.0
0.0,484.4829882265323,341.8994402141996,0.0
0.0,-113.67745920133326,950.9757865356228,0.0
0.0,448.05529788360695,522.0622811176494,0.0
0.0,-511.3809760987074,498.7354373082818,0.0
0.0,-513.2183847792412,420.36074887097396,0.0
0.0,-511.0415959482106,574.5188449370338,0.0
0.0,-461.0208103053114,723.3779908496809,0.0
0.0,501.99681978757036,544.5915392046909,0.0
0.0,-12.660306762421419,957.6623768010304,0.0
0.0,12.660306762421843,957.6623768010304,0.0
0.0,163.77985810363325,943.6385268666551,0.0
0.0,-410.14378142210575,790.2229301863721,0.0
0.0,348.5028950528842,138.06171997508397,0.0
0.0,-448.05529788360656,522.0622811176497,0.0
0.0,-503.7436137635171,392.8612207093537,0.0
0.0,-163.77985810363285,943.6385268666551,0.0
0.0,-464.1677629514508,295.37881006124377,0.0
0.0,-481.20340130029683,673.1834056550331,0.0
0.0,138.77715797774408,947.6383338231614,0.0
0.0,395.28419783801723,188.70390100295342,0.0
0.0,-497.40245056068926,622.95881238765,0.0
0.0,-138.77715797774368,947.6383338231614,0.0
0.0,435.08320423810403,739.2689027479726,0.0
0.0,443.059226465129,253.04112826335933,0.0
0.0,-474.7458570276886,318.3052672573998,0.0
0.0,381.8681420260625,804.2679422537758,0.0
0.0,-494.581209020014,367.0451497072238,0.0
0.0,-501.9968197875703,544.5915392046909,0.0
0.0,-484.48298822653226,341.8994402141997,0.0
0.0,490.35041778724246,592.2768641040728,0.0
0.0,63.257295227685006,955.6547629285351,0.0
0.0,-63.25729522768458,955.6547629285352,0.0
0.0,37.97207133338038,956.9930162264351,0.0
0.0,457.0327805832144,689.8214613540656,0.0
0.0,-435.0832042381039,739.2689027479727,0.0
0.0,-37.97207133337995,956.9930162264351,0.0
0.0,287.8959250155878,876.7872856295712,0.0
0.0,-381.8681420260621,804.2679422537759,0.0
0.0,475.00238377568894,640.2027922171407,0.0
0.0,493.3765245660549,516.553137779523,0.0
0.0,-348.5028950528842,138.06171997508397,0.0
0.0,297.2547704102731,100.84235099495052,0.0
0.0,-287.8959250155873,876.7872856295713,0.0
0.0,169.03346639511525,666.8809958049358,0.0
0.0,500.95890341674624,471.5323450356534,0.0
0.0,-395.28419783801723,188.70390100295342,0.0
0.0,353.1123075990685,817.301596140385,0.0
0.0,-490.35041778724224,592.2768641040731,0.0
0.0,408.59848577860186,754.2301920499608,0.0
0.0,482.37241662264574,562.047687773731,0.0
0.0,-443.059226465129,253.04112826335933,0.0
0.0,-457.03278058321405,689.821461354066,0.0
0.0,128.43967390456984,231.40501356519388,0.0
0.0,-169.03346639511508,666.8809958049358,0.0
0.0,492.5409178908528,444.40939894427925,0.0
0.0,-475.0023837756889,640.2027922171408,0.0
0.0,-353.1123075990681,817.301596140385,0.0
0.0,-408.5984857786013,754.230192049961,0.0
0.0,404.09593733569164,210.11892396454257,0.0
0.0,-493.3765245660547,516.5531377795232,0.0
0.0,455.5297952446079,550.2182701320953,0.0
0.0,-128.43967390456987,231.40501356519385,0.0
0.0,432.28744612056164,705.5920740759817,0.0
0.0,323.91243828983283,829.3075021683424,0.0
0.0,-500.95890341674595,471.53234503565375,0.0
0.0,469.0426293146711,609.2901015630057,0.0
0.0,484.3913024403486,416.488455140012,0.0
0.0,-482.37241662264535,562.0476877737314,0.0
0.0,-297.2547704102731,100.84235099495052,0.0
0.0,193.7365688924378,902.2783105871702,0.0
0.0,449.5198077276956,317.2259384996854,0.0
0.0,381.59995917191077,768.2430450972421,0.0
0.0,476.47323620224086,390.2639740256083,0.0
0.0,238.85478622043635,64.48659698058336,0.0
0.0,452.0050066647515,656.6417240057231,0.0
0.0,-323.91243828983244,829.3075021683426,0.0
0.0,467.58838374744164,364.66436141217383,0.0
0.0,474.7516574254722,533.7212783040573,0.0
0.0,458.99005323314356,340.631770335351,0.0
0.0,-193.73656889243767,902.2783105871702,0.0
0.0,-492.5409178908528,444.40939894427925,0.0
0.0,-432.28744612056136,705.5920740759819,0.0
0.0,241.7455946078459,107.72231720269862,0.0
0.0,-455.5297952446076,550.2182701320954,0.0
0.0,294.30525261609307,840.2705630415346,0.0
0.0,-469.04262931467076,609.2901015630059,0.0
0.0,-381.5999591719105,768.2430450972422,0.0
0.0,462.14143539572075,578.7970674947754,0.0
0.0,-404.09593733569164,210.11892396454257,0.0
0.0,-449.51980772769554,317.2259384996855,0.0
0.0,440.3811340837621,295.2645768354188,0.0
0.0,406.9985149010076,720.4754124469881,0.0
0.0,-484.39130244034845,416.48845514001204,0.0
0.0,-452.005006664751,656.6417240057234,0.0
0.0,97.41250243284126,917.6877531339426,0.0
0.0,-294.30525261609273,840.2705630415346,0.0
0.0,-97.41250243284115,917.6877531339426,0.0
0.0,411.889005625765,232.34493248467348,0.0
0.0,-474.751657425472,533.7212783040574,0.0
0.0,-476.47323620224086,390.2639740256083,0.0
0.0,264.32798129148176,850.1769928302754,0.0
0.0,354.1215747712884,781.2898408796764,0.0
0.0,5.4429857901154455e-14,922.8434362784687,0.0
0.0,357.5877089903763,155.9682723575706,0.0
0.0,-467.5883837474417,364.6643614121738,0.0
0.0,447.14502484250914,625.5371633529614,0.0
0.0,-241.74559460784596,107.72231720269852,0.0
0.0,-458.9900532331434,340.6317703353512,0.0
0.0,256.14736928427754,441.2706833196788,0.0
0.0,-406.99851490100724,720.4754124469882,0.0
0.0,-264.32798129148136,850.1769928302755,0.0
0.0,428.43923817920586,672.2549359756549,0.0
0.0,-238.85478622043632,64.48659698058347,0.0
0.0,-462.14143539572063,578.7970674947755,0.0
0.0,365.8404243887709,174.6477992399459,0.0
0.0,-354.1215747712882,781.2898408796764,0.0
0.0,157.3314632598074,38.63958402484784,0.0
0.0,234.0183204083074,859.014334306963,0.0
0.0,419.6596484034511,255.97169773570337,0.0
0.0,402.3377068909239,313.7764496618975,0.0
0.0,381.19778748022384,734.4527608311275,0.0
0.0,-440.3811340837621,295.2645768354188,0.0
0.0,470.73768697573144,467.4422956125362,0.0
0.0,326.19788634594386,793.3541731936159,0.0
0.0,-256.14736928427766,441.27068331967877,0.0
0.0,-447.1450248425089,625.5371633529616,0.0
0.0,-234.0183204083074,859.014334306963,0.0
0.0,-428.4392381792057,672.254935975655,0.0
0.0,-411.889005625765,232.34493248467348,0.0
0.0,203.41438403512993,866.7714746109084,0.0
0.0,441.32931634542064,594.8186162051861,0.0
0.0,-381.1977874802235,734.4527608311276,0.0
0.0,-326.1978863459433,793.354173193616,0.0
0.0,-203.41438403512956,866.7714746109084,0.0
0.0,-357.5877089903763,155.9682723575706,0.0
0.0,463.93185405842615,439.1637529836475,0.0
0.0,404.334712016347,687.0227946828751,0.0
0.0,424.6851403699674,640.9976189706314,0.0
0.0,-402.337706890924,313.77644966189746,0.0
0.0,172.55465628873287,873.4386592226367,0.0
0.0,297.864007630048,804.4208712725284,0.0
0.0,433.8444186188311,338.34800727924943,0.0
0.0,-365.8404243887709,174.6477992399459,0.0
0.0,-172.5546562887325,873.4386592226367,0.0
0.0,-419.6596484034511,255.97169773570337,0.0
0.0,457.27622405893464,412.59080109680116,0.0
0.0,-470.73768697573144,467.4422956125362,0.0
0.0,354.91770799203215,747.5065428649879,0.0
0.0,-157.3314632598074,38.63958402484784,0.0
0.0,-441.3293163454205,594.8186162051862,0.0
0.0,141.47794294076775,879.0075042300884,0.0
0.0,449.6250473871604,386.5957964874774,0.0
0.0,-297.8640076300477,804.4208712725285,0.0
0.0,442.18517011992816,362.1797167909454,0.0
0.0,435.73510930587304,566.0233684760274,0.0
0.0,-141.47794294076775,879.0075042300884,0.0
0.0,-404.33471201634694,687.0227946828752,0.0
0.0,410.1773692383755,335.9631517821333,0.0
0.0,110.22332261991755,883.4710068712982,0.0
0.0,-424.6851403699671,640.9976189706316,0.0
0.0,374.14652761965476,194.54604346394206,0.0
0.0,269.15556816759687,814.4760188640702,0.0
0.0,-354.91770799203175,747.506542864988,0.0
0.0,419.96223048485626,610.0921869818964,0.0
0.0,-110.22332261991716,883.4710068712983,0.0
0.0,-463.93185405842627,439.1637529836474,0.0
0.0,78.83009767094556,886.8235543402922,0.0
0.0,379.72173935538353,700.9267297058461,0.0
0.0,-78.83009767094516,886.8235543402922,0.0
0.0,47.33774473242702,889.0609308451292,0.0
0.0,401.691218957234,655.6520270614049,0.0
0.0,-269.1555681675966,814.4760188640703,0.0
0.0,-47.33774473242702,889.0609308451292,0.0
0.0,-433.8444186188312,338.3480072792494,0.0
0.0,15.78586509530472,890.180322909214,0.0
0.0,-15.785865095304324,890.180322909214,0.0
0.0,-457.27622405893464,412.59080109680116,0.0
0.0,328.19132335026086,759.6203435597864,0.0
0.0,425.76582224747926,315.9749645092586,0.0
0.0,240.10866850864704,823.5069717296216,0.0
0.0,-435.73510930587275,566.0233684760276,0.0
0.0,-449.6250473871603,386.59579648747746,0.0
0.0,-442.18517011992816,362.1797167909454,0.0
0.0,-419.96223048485587,610.0921869818967,0.0
0.0,-379.721739355383,700.9267297058465,0.0
0.0,447.85852605200495,489.4067943023523,0.0
0.0,-328.1913233502605,759.6203435597865,0.0
0.0,-240.1086685086468,823.5069717296217,0.0
0.0,304.6121379097322,119.24472901489342,0.0
0.0,-410.1773692383755,335.9631517821333,0.0
0.0,373.1664378891989,609.0930542830351,0.0
0.0,-401.69121895723373,655.652027061405,0.0
0.0,261.6170178187278,636.2854008343794,0.0
0.0,210.75983481326753,831.50237354428,0.0
0.0,-374.14652761965476,194.54604346394206,0.0
0.0,354.6312707414584,713.9492569976585,0.0
0.0,381.50431811410357,215.20505239066773,0.0
0.0,301.05224169260975,770.77892994304,0.0
0.0,398.0670466918595,624.5985734759485,0.0
0.0,-210.7598348132673,831.50237354428,0.0
0.0,378.19217521013604,669.4819598666595,0.0
0.0,215.2982124864241,58.12673582533441,0.0
0.0,442.4120312524033,460.8352870038203,0.0
0.0,273.73721501289316,92.86412553988876,0.0
0.0,415.39249121131814,581.1166985967661,0.0
0.0,181.14597292028967,838.4521701773148,0.0
0.0,-425.76582224747915,315.97496450925877,0.0
0.0,-373.1664378891987,609.0930542830353,0.0
0.0,-301.0522416926094,770.7789299430402,0.0
0.0,-261.6170178187273,636.2854008343795,0.0
0.0,-354.6312707414582,713.9492569976586,0.0
0.0,417.1774236921776,358.69673926327783,0.0
0.0,-447.85852605200495,489.4067943023523,0.0
0.0,388.83606508235715,237.17083140744225,0.0
0.0,-181.14597292028944,838.4521701773148,0.0
0.0,273.53459011878186,780.968270213863,0.0
0.0,437.0340497684301,433.9746001580075,0.0
0.0,151.30432193861878,844.3476223351267,0.0
0.0,-398.06704669185933,624.5985734759485,0.0
0.0,-378.19217521013576,669.4819598666596,0.0
0.0,430.6340366033327,407.6436183952998,0.0
0.0,329.09485716567764,726.0740008720271,0.0
0.0,424.369617355535,382.89985609069646,0.0
0.0,-151.30432193861856,844.3476223351267,0.0
0.0,395.0962380694394,259.87628454721647,0.0
0.0,-304.61213790973227,119.24472901489335,0.0
0.0,429.2635966839949,537.6200702068812,0.0
0.0,121.27240741945926,849.1813165508152,0.0
0.0,-415.39249121131786,581.1166985967662,0.0
0.0,394.5275215817141,595.4792807960155,0.0
0.0,-273.5345901187815,780.9682702138631,0.0
0.0,-381.50431811410357,215.20505239066773,0.0
0.0,354.2175589203363,682.470026396468,0.0
0.0,375.671297921663,638.3195340642662,0.0
0.0,-442.41203125240344,460.83528700382027,0.0
0.0,-121.27240741945901,849.1813165508153,0.0
0.0,91.08799416834113,852.9471745065314,0.0
0.0,245.67297177602893,790.1755513878026,0.0
0.0,-329.0948571656774,726.0740008720272,0.0
0.0,-91.08799416834086,852.9471745065314,0.0
0.0,401.23857152316026,283.9777090932673,0.0
0.0,60.78903875629064,855.6404606768974,0.0
0.0,423.95572831074503,510.25269239787957,0.0
0.0,338.2832189645933,161.4923222623081,0.0
0.0,-60.789038756290374,855.6404606768974,0.0
0.0,-417.1774236921775,358.6967392632779,0.0
0.0,30.413641789854374,857.2577882838776,0.0
0.0,-437.0340497684301,433.9746001580075,0.0
0.0,-30.41364178985411,857.2577882838776,0.0
0.0,303.14461039008154,737.2857145955398,0.0
0.0,-354.217558920336,682.4700263964683,0.0
0.0,1.2797150947572807e-13,857.797123555615,0.0
0.0,-273.73721501289316,92.86412553988876,0.0
0.0,-245.67297177602856,790.1755513878027,0.0
0.0,-215.29821248642406,58.12673582533451,0.0
0.0,-388.83606508235715,237.17083140744225,0.0
0.0,-394.52752158171376,595.4792807960157,0.0
0.0,-375.6712979216629,638.3195340642662,0.0
0.0,217.50242234606938,798.3891954090282,0.0
0.0,-430.63403660333273,407.6436183952997,0.0
0.0,-429.2635966839948,537.6200702068813,0.0
0.0,329.7975179067913,694.5998942985792,0.0
0.0,-424.369617355535,382.89985609069646,0.0
0.0,352.8031465845086,651.2378147882987,0.0
0.0,-395.0962380694394,259.87628454721647,0.0
0.0,419.88102027563855,481.4535241921694,0.0
0.0,-303.14461039008097,737.2857145955401,0.0
0.0,-217.50242234606938,798.3891954090282,0.0
0.0,189.05836598810066,805.5988737096104,0.0
0.0,-423.95572831074503,510.25269239787957,0.0
0.0,369.7476120876427,580.1631483322751,0.0
0.0,-24.37163331874477,356.7688378537504,0.0
0.0,399.5569174544865,378.2256248733278,0.0
0.0,276.81316256745254,747.570299560259,0.0
0.0,-329.797517906791,694.5998942985793,0.0
0.0,-401.23857152316026,283.9777090932673,0.0
0.0,24.37163331874477,356.7688378537504,0.0
0.0,415.7929793582012,454.3664958551935,0.0
0.0,-189.05836598810032,805.5988737096104,0.0
0.0,-352.80314658450817,651.2378147882989,0.0
0.0,348.94515004635497,592.9079672145232,0.0
0.0,191.74163875241186,51.76687467008547,0.0
0.0,353.0869749116718,199.17494331375337,0.0
0.0,160.3765707933032,811.7955201975827,0.0
0.0,410.6587577323565,427.7597196995189,0.0
0.0,310.87923003835215,138.52840248959475,0.0
0.0,405.58411461966926,402.74482975817114,0.0
0.0,-338.2832189645933,161.4923222623081,0.0
0.0,329.49134913172173,663.3371710506857,0.0
0.0,304.9627601051991,705.8563103961716,0.0
0.0,-369.74761208764255,580.1631483322752,0.0
0.0,-276.81316256745225,747.570299560259,0.0
0.0,-160.37657079330282,811.7955201975827,0.0
0.0,-419.88102027563843,481.4535241921695,0.0
0.0,131.49310380685736,816.9713426574535,0.0
0.0,250.13362520674025,756.9148230125661,0.0
0.0,360.0176347306335,219.59300954328955,0.0
0.0,399.0839265933213,529.9323439851883,0.0
0.0,-131.49310380685736,816.9713426574535,0.0
0.0,102.44428567402592,821.1198325488319,0.0
0.0,365.95033816241363,240.70544097089345,0.0
0.0,-348.9451500463549,592.9079672145233,0.0
0.0,-304.96276010519875,705.8563103961717,0.0
0.0,-329.4913491317215,663.3371710506858,0.0
0.0,-399.55691745448655,378.22562487332766,0.0
0.0,283.3068324787835,655.7322455191511,0.0
0.0,-415.7929793582012,454.3664958551935,0.0
0.0,-102.44428567402555,821.119832548832,0.0
0.0,-250.13362520674,756.9148230125661,0.0
0.0,73.2666449673367,824.2357731908471,0.0
0.0,305.76521989478874,674.6023880426606,0.0
0.0,279.7445149531032,716.2251198685583,0.0
0.0,-73.26664496733633,824.2357731908471,0.0
0.0,223.13954753569826,765.3075343159599,0.0
0.0,351.3361014639444,621.9408998858869,0.0
0.0,43.996872252302786,826.3152463220667,0.0
0.0,-410.6587577323566,427.7597196995188,0.0
0.0,393.651404420414,355.1834531457442,0.0
0.0,-405.58411461966926,402.74482975817114,0.0
0.0,-43.996872252302786,826.3152463220667,0.0
0.0,14.671773949434591,827.355637027669,0.0
0.0,-14.671773949434225,827.355637027669,0.0
0.0,-353.0869749116718,199.17494331375337,0.0
0.0,396.3903185788451,500.9713389823142,0.0
0.0,371.7679979571,263.1198291163137,0.0
0.0,-360.0176347306335,219.59300954328955,0.0
0.0,346.12651920891875,179.97639929587814,0.0
0.0,-191.74163875241183,51.76687467008556,0.0
0.0,-310.8792300383522,138.5284024895946,0.0
0.0,-283.3068324787832,655.7322455191512,0.0
0.0,-223.13954753569803,765.30753431596,0.0
0.0,-399.0839265933213,529.9323439851883,0.0
0.0,381.0231737821703,396.8900283926425,0.0
0.0,-279.74451495310285,716.2251198685585,0.0
0.0,-305.7652198947885,674.6023880426606,0.0
0.0,195.86487431309618,772.7378797273532,0.0
0.0,376.46616411139985,286.19914026065396,0.0
0.0,281.65459422290354,685.0192998765074,0.0
0.0,-351.3361014639441,621.940899885887,0.0
0.0,385.8715985343172,421.6692796177236,0.0
0.0,393.60156195805354,473.71987995383694,0.0
0.0,254.17449411921427,725.6932840507202,0.0
0.0,-195.86487431309595,772.7378797273532,0.0
0.0,-365.95033816241363,240.70544097089345,0.0
0.0,380.9516246976726,310.66314583485774,0.0
0.0,168.34390314355358,779.1965156682902,0.0
0.0,389.74486677875905,446.898122528279,0.0
0.0,373.2999685211933,548.4007687529764,0.0
0.0,329.0639637163243,634.0066615786078,0.0
0.0,-396.39031857884515,500.9713389823141,0.0
0.0,-393.651404420414,355.1834531457442,0.0
0.0,-254.17449411921396,725.6932840507202,0.0
0.0,-168.34390314355338,779.1965156682903,0.0
0.0,306.3780316170645,645.2751667972376,0.0
0.0,140.61124134867774,784.6753204743948,0.0
0.0,-281.65459422290303,685.0192998765076,0.0
0.0,228.28485162633385,734.2488968292839,0.0
0.0,-371.7679979571,263.1198291163137,0.0
0.0,-381.0231737821705,396.8900283926424,0.0
0.0,317.2725245470893,164.97310490396796,0.0
0.0,257.1897909653399,694.5748073990112,0.0
0.0,-140.6112413486775,784.6753204743948,0.0
0.0,338.69157368495115,222.77586900542823,0.0
0.0,-346.12651920891875,179.97639929587814,0.0
0.0,357.94008448470964,391.14653201808943,0.0
0.0,112.7017624487325,789.1674046082743,0.0
0.0,-393.60156195805354,473.71987995383694,0.0
0.0,371.99361710621145,519.344120961245,0.0
0.0,-385.8715985343172,421.6692796177236,0.0
0.0,-329.063963716324,634.006661578608,0.0
0.0,280.73325495290663,109.89700260154603,0.0
0.0,-373.2999685211933,548.4007687529764,0.0
0.0,-376.46616411139985,286.19914026065396,0.0
0.0,386.88110486547754,332.64741310694075,0.0
0.0,-228.2848516263335,734.248896829284,0.0
0.0,286.716850440402,127.76159814040014,0.0
0.0,-112.70176244873228,789.1674046082743,0.0
0.0,-306.37803161706415,645.2751667972377,0.0
0.0,84.65056230956519,792.6671193230388,0.0
0.0,-389.74486677875893,446.8981225282791,0.0
0.0,202.10814341801927,741.8811996143312,0.0
0.0,-257.1897909653397,694.5748073990113,0.0
0.0,-380.9516246976726,310.66314583485774,0.0
0.0,-84.65056230956495,792.6671193230388,0.0
0.0,56.49291500993943,795.1700637655382,0.0
0.0,361.61855387030806,414.6472899866798,0.0
0.0,344.21456061363455,243.6188076049993,0.0
0.0,-56.49291500993919,795.1700637655382,0.0
0.0,376.2256999583492,373.5919381913234,0.0
0.0,28.26422848476421,796.6730905103869,0.0
0.0,370.51051883499997,491.99051786789164,0.0
0.0,-28.26422848476397,796.6730905103869,0.0
0.0,1.1892742106828982e-13,797.1743095178182,0.0
0.0,232.4015743458302,703.2568946634995,0.0
0.0,-202.10814341801927,741.8811996143312,0.0
0.0,346.662786563543,565.6157548007117,0.0
0.0,175.67728641983993,748.5805948682074,0.0
0.0,365.27712452671193,439.6299514662943,0.0
0.0,367.9401650626726,465.0150836621824,0.0
0.0,-371.99361710621156,519.344120961245,0.0
0.0,-357.94008448470964,391.14653201808943,0.0
0.0,348.6945882766425,265.08648290842734,0.0
0.0,-317.2725245470893,164.97310490396796,0.0
0.0,-232.40157434582994,703.2568946634996,0.0
0.0,-175.6772864198396,748.5805948682074,0.0
0.0,207.32111527688798,711.0546440397644,0.0
0.0,-338.69157368495115,222.77586900542823,0.0
0.0,149.0255171467004,754.3386581743217,0.0
0.0,-386.8811048654774,332.6474131069408,0.0
0.0,250.63065220084533,85.02532748069075,0.0
0.0,187.75609818777534,689.1989456869853,0.0
0.0,352.97110717627857,287.84524709986187,0.0
0.0,-370.51051883499997,491.99051786789164,0.0
0.0,-286.71685044040214,127.76159814040001,0.0
0.0,-361.618553870308,414.6472899866799,0.0
0.0,346.74667757801586,536.5298768320163,0.0
0.0,-149.02551714670008,754.3386581743217,0.0
0.0,-280.7332549529067,109.89700260154596,0.0
0.0,-346.662786563543,565.6157548007117,0.0
0.0,326.4904326719809,184.17194074120744,0.0
0.0,-207.32111527688778,711.0546440397645,0.0
0.0,122.18634990828684,759.1481488307585,0.0
0.0,356.0854187302905,311.1910910909286,0.0
0.0,-376.2256999583492,373.5919381913234,0.0
0.0,181.97995216272554,717.9582499428647,0.0
0.0,-344.21456061363455,243.6188076049993,0.0
0.0,358.8931478211261,335.90391332470335,0.0
0.0,-365.27712452671193,439.6299514662943,0.0
0.0,-367.9401650626727,465.01508366218235,0.0
0.0,-187.75609818777534,689.1989456869853,0.0
0.0,-122.18634990828684,759.1481488307585,0.0
0.0,95.19353466518638,763.0030189553811,0.0
0.0,257.8100952617221,100.92340757576129,0.0
0.0,-181.9799521627253,717.9582499428647,0.0
0.0,24.386057685130986,509.6436116927689,0.0
0.0,319.23326333972665,581.5379551192236,0.0
0.0,-95.19353466518604,763.0030189553812,0.0
0.0,156.40995124005246,723.9590311635411,0.0
0.0,292.3500310809266,146.76279939669428,0.0
0.0,346.57262746344634,509.1366497634799,0.0
0.0,341.387409410821,431.45682320751297,0.0
0.0,68.08101458867814,765.8984210909786,0.0
0.0,259.87937808320686,665.3647480817085,0.0
0.0,-348.6945882766425,265.08648290842734,0.0
0.0,-68.0810145886778,765.8984210909786,0.0
0.0,40.882883377567026,767.8307143008893,0.0
0.0,-346.7466775780157,536.5298768320164,0.0
0.0,-40.882883377567026,767.8307143008893,0.0
0.0,13.63334238572756,768.7974687474401,0.0
0.0,-156.4099512400523,723.9590311635412,0.0
0.0,-24.386057685131057,509.6436116927689,0.0
0.0,-13.63334238572722,768.7974687474401,0.0
0.0,343.84776384950453,456.5857939363144,0.0
0.0,345.29448996392506,482.0691945149017,0.0
0.0,130.6432665066321,729.0494417847434,0.0
0.0,212.84465831881155,463.71159374531567,0.0
0.0,212.07395353726378,682.1086257875825,0.0
0.0,-352.97110717627857,287.84524709986187,0.0
0.0,-212.84465831881138,463.7115937453157,0.0
0.0,-130.6432665066319,729.0494417847434,0.0
0.0,-259.8793780832066,665.3647480817086,0.0
0.0,-356.0854187302905,311.1910910909286,0.0
0.0,338.8363520664638,407.80711140070963,0.0
0.0,104.71229928797838,733.2230806705376,0.0
0.0,-319.23326333972665,581.5379551192236,0.0
0.0,-250.63065220084533,85.02532748069075,0.0
0.0,320.7072050402215,552.4893263946918,0.0
0.0,-358.8931478211261,335.90391332470335,0.0
0.0,-326.4904326719809,184.17194074120744,0.0
0.0,-212.07395353726346,682.1086257875826,0.0
0.0,-346.57262746344634,509.1366497634799,0.0
0.0,322.7211632919105,245.3408255057206,0.0
0.0,-104.71229928797818,733.2230806705376,0.0
0.0,236.12512819916645,674.1605617178128,0.0
0.0,78.64965749304076,736.4746995154661,0.0
0.0,296.8164824287296,166.54125532189755,0.0
0.0,-341.3874094108211,431.4568232075129,0.0
0.0,-78.64965749304054,736.4746995154661,0.0
0.0,291.07409246441495,596.1309775232257,0.0
0.0,52.488114610115694,738.8002094442342,0.0
0.0,284.01235634826816,626.6095728352989,0.0
0.0,-52.48811461011547,738.8002094442342,0.0
0.0,26.260568494541047,740.1966861534253,0.0
0.0,-345.2944899639252,482.06919451490165,0.0
0.0,-257.8100952617221,100.92340757576123,0.0
0.0,-343.84776384950453,456.5857939363144,0.0
0.0,-26.260568494540824,740.1966861534253,0.0
0.0,1.1049661902239617e-13,740.6623735887822,0.0
0.0,326.8107939188757,266.51171106619927,0.0
0.0,-292.35003108092667,146.76279939669413,0.0
0.0,-236.12512819916617,674.1605617178129,0.0
0.0,321.84260089565504,525.1190860062289,0.0
0.0,-320.70720504022165,552.4893263946917,0.0
0.0,320.37598122112144,447.28020775924597,0.0
0.0,88.43367881753852,708.8208684805677,0.0
0.0,333.05574571526773,203.14758637315464,0.0
0.0,-338.8363520664638,407.80711140070963,0.0
0.0,329.817312449713,288.23479963846415,0.0
0.0,-284.012356348268,626.609572835299,0.0
0.0,-291.07409246441495,596.1309775232257,0.0
0.0,-88.43367881753821,708.8208684805677,0.0
0.0,321.8596010124587,498.02147577769597,0.0
0.0,321.6324959935153,472.49805232375365,0.0
0.0,293.9347159723603,567.185992326167,0.0
0.0,332.53280346274005,311.23210534975203,0.0
0.0,113.50968804427114,705.2397392822118,0.0
0.0,262.24963525347584,609.3614678302184,0.0
0.0,334.0487780093851,334.7359175785077,0.0
0.0,-322.7211632919105,245.3408255057206,0.0
0.0,277.06183960389956,452.0546987102362,0.0
0.0,335.35703927360987,384.5347148936112,0.0
0.0,335.16571889065716,359.58263503722696,0.0
0.0,-321.84260089565504,525.1190860062289,0.0
0.0,-113.50968804427114,705.2397392822118,0.0
0.0,-296.81648242872956,166.5412553218977,0.0
0.0,-320.37598122112155,447.2802077592459,0.0
0.0,-326.8107939188757,266.51171106619927,0.0
0.0,-293.93471597236044,567.185992326167,0.0
0.0,-321.85960101245854,498.021475777696,0.0
0.0,296.37696270820373,539.9012967340949,0.0
0.0,163.20214158903906,695.422605415945,0.0
0.0,-262.24963525347584,609.3614678302184,0.0
0.0,-321.6324959935153,472.49805232375365,0.0
0.0,-12.665215405535912,714.2038444740276,0.0
0.0,12.66521540553623,714.2038444740276,0.0
0.0,-329.817312449713,288.23479963846415,0.0
0.0,-333.05574571526773,203.14758637315464,0.0
0.0,298.63229355492535,462.08127731241774,0.0
0.0,-277.06183960389956,452.0546987102362,0.0
0.0,266.49040225515546,580.5862835536648,0.0
0.0,232.82577361811553,621.1991860956559,0.0
0.0,-163.20214158903877,695.422605415945,0.0
0.0,-332.53280346274005,311.23210534975203,0.0
0.0,138.44296007414235,700.7717787901131,0.0
0.0,313.1793758815838,205.99510893499817,0.0
0.0,297.6890615854337,512.835466511509,0.0
0.0,-335.3570392736098,384.53471489361124,0.0
0.0,-334.0487780093851,334.7359175785077,0.0
0.0,298.68209673896484,487.33035716685544,0.0
0.0,-335.16571889065716,359.58263503722696,0.0
0.0,318.9581666794386,423.5355964959626,0.0
0.0,-296.37696270820373,539.9012967340949,0.0
0.0,-138.44296007414206,700.7717787901131,0.0
0.0,305.25001054257194,266.76487954764985,0.0
0.0,-232.82577361811553,621.1991860956559,0.0
0.0,273.74709783688513,153.59721583328204,0.0
0.0,-266.49040225515523,580.5862835536649,0.0
0.0,270.23391781026436,553.449495350942,0.0
0.0,-298.63229355492524,462.0812773124178,0.0
0.0,307.8872669582375,288.1652616161534,0.0
0.0,72.6620877458085,350.1402592941283,0.0
0.0,238.4369913088042,592.6595720313444,0.0
0.0,-297.6890615854338,512.835466511509,0.0
0.0,202.86975948351127,631.6170757301308,0.0
0.0,-298.68209673896484,487.33035716685544,0.0
0.0,298.3509624088292,438.2960378789943,0.0
0.0,192.5717990123292,660.4685288130589,0.0
0.0,106.60614025496223,242.23988316493035,0.0
0.0,63.24646520252763,711.510663154204,0.0
0.0,309.4062952170923,310.04274510817174,0.0
0.0,276.20604433679864,475.82620216668295,0.0
0.0,-318.9581666794386,423.5355964959626,0.0
0.0,-63.24646520252731,711.510663154204,0.0
0.0,-72.6620877458085,350.1402592941283,0.0
0.0,272.83811648141483,526.477307483017,0.0
0.0,37.979719846130045,713.3057409156044,0.0
0.0,310.54813056186805,333.1716485293391,0.0
0.0,-270.23391781026436,553.449495350942,0.0
0.0,309.87967699044225,381.5891983902397,0.0
0.0,310.458718401678,356.72412979090234,0.0
0.0,-106.60614025496217,242.23988316493038,0.0
0.0,-313.1793758815838,205.99510893499817,0.0
0.0,277.6083129389458,173.0360787436118,0.0
0.0,-37.979719846130045,713.3057409156044,0.0
0.0,-192.57179901232902,660.468528813059,0.0
0.0,-238.43699130880427,592.6595720313443,0.0
0.0,-202.86975948351127,631.6170757301308,0.0
0.0,275.049022101062,501.04880737310293,0.0
0.0,-305.25001054257194,266.76487954764985,0.0
0.0,243.47321940898468,565.7327157500453,0.0
0.0,209.83860272159566,603.3782627445402,0.0
0.0,-273.747097836885,153.59721583328218,0.0
0.0,264.0330112398137,117.65363432949937,0.0
0.0,-298.3509624088292,438.2960378789943,0.0
0.0,-307.8872669582375,288.1652616161534,0.0
0.0,305.29136426618413,186.2126823785938,0.0
0.0,172.45006107610325,640.591325340601,0.0
0.0,-276.20604433679875,475.8262021666829,0.0
0.0,280.23624061858993,193.14156313315263,0.0
0.0,97.26281775820341,681.0598502400989,0.0
0.0,209.59667202542747,487.0174007841658,0.0
0.0,-272.8381164814149,526.477307483017,0.0
0.0,222.58786995185858,76.00581592448428,0.0
0.0,-209.83860272159572,603.3782627445402,0.0
0.0,318.4361712086779,225.37408118314983,0.0
0.0,-97.26281775820321,681.0598502400989,0.0
0.0,-309.4062952170923,310.04274510817174,0.0
0.0,-275.049022101062,501.04880737310293,0.0
0.0,-243.47321940898468,565.7327157500453,0.0
0.0,-172.45006107610325,640.591325340601,0.0
0.0,-309.87967699044225,381.5891983902397,0.0
0.0,247.36356565145655,538.9158185541512,0.0
0.0,253.1484915713199,488.48356657283364,0.0
0.0,-310.54813056186805,333.1716485293391,0.0
0.0,-310.458718401678,356.72412979090234,0.0
0.0,1.0263562725631789e-13,687.969894201288,0.0
0.0,141.63620643087683,648.1014231543157,0.0
0.0,216.1560324360402,576.7228830910099,0.0
0.0,250.78728843520392,513.6220477044158,0.0
0.0,-209.59667202542747,487.0174007841658,0.0
0.0,180.76060169655094,612.7178567816281,0.0
0.0,-277.6083129389458,173.0360787436118,0.0
0.0,286.3593611125423,286.9484033751174,0.0
0.0,-141.63620643087683,648.1014231543157,0.0
0.0,298.4119486762123,226.8603430967734,0.0
0.0,110.49862447632236,654.1302039010429,0.0
0.0,-247.36356565145635,538.9158185541512,0.0
0.0,287.5319793477063,308.4787642767478,0.0
0.0,-216.1560324360402,576.7228830910099,0.0
0.0,-253.14849157131997,488.4835665728336,0.0
0.0,-180.76060169655074,612.7178567816283,0.0
0.0,-250.78728843520392,513.6220477044158,0.0
0.0,-110.49862447632236,654.1302039010429,0.0
0.0,-264.03301123981373,117.65363432949925,0.0
0.0,-305.29136426618413,186.2126823785938,0.0
0.0,-280.23624061859005,193.14156313315257,0.0
0.0,221.3236343756922,550.1225699482145,0.0
0.0,188.34479374751476,586.3948779683391,0.0
0.0,229.5123361864834,500.02444053743335,0.0
0.0,79.1084840602873,658.6638880464471,0.0
0.0,287.556453434507,330.4089063605057,0.0
0.0,283.1526091845453,401.8212667987978,0.0
0.0,269.4323882630476,135.2579009600855,0.0
0.0,285.4249401861338,377.05347648103026,0.0
0.0,287.1193232619706,353.56185171595723,0.0
0.0,225.95234897582304,525.0213404434787,0.0
0.0,-318.4361712086779,225.37408118314983,0.0
0.0,-79.1084840602873,658.6638880464471,0.0
0.0,151.26944965105477,620.6570073293607,0.0
0.0,47.53753128464984,661.6921132869428,0.0
0.0,-222.58786995185852,76.00581592448438,0.0
0.0,-47.53753128464984,661.6921132869428,0.0
0.0,15.857925520608669,663.2079582340385,0.0
0.0,-188.34479374751476,586.3948779683391,0.0
0.0,-15.857925520608669,663.2079582340385,0.0
0.0,-286.3593611125423,286.9484033751174,0.0
0.0,-221.32363437569225,550.1225699482145,0.0
0.0,-151.26944965105488,620.6570073293606,0.0
0.0,-229.5123361864832,500.0244405374334,0.0
0.0,121.43255231095439,627.1775684636834,0.0
0.0,194.77784018215675,560.0719472296996,0.0
0.0,-225.95234897582304,525.0213404434787,0.0
0.0,-287.5319793477063,308.4787642767478,0.0
0.0,-298.4119486762123,226.8603430967734,0.0
0.0,258.4555175317066,178.13007534740072,0.0
0.0,205.35160157911918,510.4224459459452,0.0
0.0,160.10306941663669,594.7265938249851,0.0
0.0,-283.1526091845453,401.8212667987978,0.0
0.0,255.139457224228,464.780131845183,0.0
0.0,200.60096709106537,535.2206310773984,0.0
0.0,-121.43255231095449,627.1775684636834,0.0
0.0,-287.556453434507,330.4089063605057,0.0
0.0,-285.4249401861338,377.05347648103026,0.0
0.0,247.4319962426325,124.21347209923472,0.0
0.0,-287.1193232619706,353.56185171595723,0.0
0.0,91.31810564632018,632.2646366245217,0.0
0.0,-194.77784018215684,560.0719472296996,0.0
0.0,-160.10306941663669,594.7265938249851,0.0
0.0,-91.31810564632,632.2646366245217,0.0
0.0,260.5120176113569,197.84172623547633,0.0
0.0,-269.4323882630476,135.25790096008538,0.0
0.0,-205.35160157911923,510.42244594594507,0.0
0.0,60.9949400010044,635.9065846797349,0.0
0.0,167.78685681201318,568.7412098492936,0.0
0.0,266.137061728229,305.797538039431,0.0
0.0,-200.60096709106537,535.2206310773984,0.0
0.0,-60.994940001004494,635.9065846797349,0.0
0.0,180.72151013764733,519.6538168532189,0.0
0.0,30.53236277226141,638.0950885003849,0.0
0.0,-255.139457224228,464.780131845183,0.0
0.0,131.4954094455468,601.6989874796576,0.0
0.0,-30.5323627722615,638.0950885003849,0.0
0.0,276.9449762082308,428.5239443738177,0.0
0.0,9.53039080897014e-14,638.8251459865767,0.0
0.0,174.7910865429967,544.1966078485586,0.0
0.0,265.83958878490614,327.35775566189227,0.0
0.0,302.3357807399878,246.55252439902827,0.0
0.0,255.1088037046609,420.18475556852763,0.0
0.0,261.27913245399714,218.10371136146318,0.0
0.0,-167.78685681201299,568.7412098492937,0.0
0.0,259.06385733115485,395.6294205836972,0.0
0.0,282.2568236625049,246.67061413689657,0.0
0.0,-131.4954094455468,601.6989874796576,0.0
0.0,-258.4555175317067,178.1300753474007,0.0
0.0,262.35533197433733,372.30789484493033,0.0
0.0,264.3693948884037,349.2385751324107,0.0
0.0,-180.72151013764739,519.6538168532189,0.0
0.0,232.63392162355478,476.44325171078367,0.0
0.0,102.58720022817671,607.2961226524018,0.0
0.0,-174.7910865429967,544.1966078485586,0.0
0.0,155.67835702438407,527.6974538035398,0.0
0.0,140.41237554210826,576.110543120255,0.0
0.0,-247.43199624263252,124.21347209923461,0.0
0.0,-102.58720022817671,607.2961226524018,0.0
0.0,148.5816990498683,551.928755036566,0.0
0.0,-276.9449762082307,428.52394437381776,0.0
0.0,199.49693986553268,68.12108715626343,0.0
0.0,73.44451510144555,611.505206388965,0.0
0.0,-266.137061728229,305.797538039431,0.0
0.0,-260.5120176113569,197.84172623547633,0.0
0.0,-255.1088037046609,420.18475556852763,0.0
0.0,-140.41237554210838,576.110543120255,0.0
0.0,-73.44451510144555,611.505206388965,0.0
0.0,-155.6783570243839,527.6974538035398,0.0
0.0,-265.83958878490614,327.35775566189227,0.0
0.0,44.13396332636317,614.3166183006971,0.0
0.0,-232.63392162355478,476.44325171078367,0.0
0.0,-259.06385733115485,395.6294205836972,0.0
0.0,-148.5816990498683,551.928755036566,0.0
0.0,-44.13396332636317,614.3166183006971,0.0
0.0,14.722537844213527,615.7239325531556,0.0
0.0,130.27938150588895,534.5349720560795,0.0
0.0,-14.722537844213527,615.7239325531556,0.0
0.0,-262.35533197433733,372.30789484493033,0.0
0.0,-261.27913245399725,218.10371136146316,0.0
0.0,164.320797075452,317.6108559583994,0.0
0.0,-264.3693948884037,349.2385751324107,0.0
0.0,-302.3357807399878,246.55252439902827,0.0
0.0,112.71696418182576,582.1631035073644,0.0
0.0,-282.2568236625049,246.67061413689657,0.0
0.0,-130.27938150588903,534.5349720560794,0.0
0.0,122.03270945314698,558.3993998495012,0.0
0.0,-112.71696418182586,582.1631035073643,0.0
0.0,244.67715165535063,323.2246298692861,0.0
0.0,225.87867197558103,436.59426941538567,0.0
0.0,84.76392406651175,586.8850571249365,0.0
0.0,37.99322101606313,528.8414022630262,0.0
0.0,-122.03270945314698,558.3993998495012,0.0
0.0,231.4980561375427,412.36557883900554,0.0
0.0,-164.320797075452,317.6108559583994,0.0
0.0,242.9109708647155,344.71444325830106,0.0
0.0,104.58263612544539,540.1507436055266,0.0
0.0,-37.99322101606313,528.8414022630262,0.0
0.0,-84.76392406651158,586.8850571249365,0.0
0.0,240.97180739211467,201.15209749846153,0.0
0.0,56.61714537433484,590.2656113559002,0.0
0.0,236.37131608379826,389.32260364900674,0.0
0.0,137.8265363732432,511.9771083379163,0.0
0.0,-199.49693986553262,68.12108715626351,0.0
0.0,243.82425130617733,261.5869160510921,0.0
0.0,239.952945791737,366.44418827434674,0.0
0.0,-56.617145374334925,590.2656113559002,0.0
0.0,28.340961097274423,592.297039519679,0.0
0.0,-104.58263612544548,540.1507436055265,0.0
0.0,95.20479879749038,563.5937528173007,0.0
0.0,-28.34096109727451,592.297039519679,0.0
0.0,8.846365319759339e-14,592.9746985324865,0.0
0.0,264.78912662438,265.3337988350112,0.0
0.0,-225.87867197558103,436.59426941538567,0.0
0.0,113.19930903821826,517.9793721992888,0.0
0.0,252.0893712699898,141.44524590103535,0.0
0.0,-137.8265363732432,511.9771083379163,0.0
0.0,241.20614993072638,220.96934899521483,0.0
0.0,186.08036295240487,496.4784105217473,0.0
0.0,284.82944556239585,266.5844304227266,0.0
0.0,-95.20479879749038,563.5937528173007,0.0
0.0,-244.67715165535063,323.2246298692861,0.0
0.0,-231.4980561375427,412.36557883900554,0.0
0.0,68.1592856366097,567.4999415949453,0.0
0.0,78.64685401669314,544.5319329018524,0.0
0.0,-113.19930903821826,517.9793721992888,0.0
0.0,-242.9109708647155,344.71444325830106,0.0
0.0,-68.1592856366097,567.4999415949453,0.0
0.0,228.41219025539561,95.06840396934989,0.0
0.0,-236.37131608379826,389.32260364900674,0.0
0.0,40.957985882025895,570.1090380981931,0.0
0.0,-78.64685401669298,544.5319329018524,0.0
0.0,240.10594553499436,241.2159797449252,0.0
0.0,195.59814216612656,450.97349957726595,0.0
0.0,52.53131466168622,547.6685261875704,0.0
0.0,-40.957985882025895,570.1090380981931,0.0
0.0,255.84628973790285,159.47158883201413,0.0
0.0,-239.952945791737,366.44418827434674,0.0
0.0,-186.08036295240487,496.4784105217473,0.0
0.0,13.66307151505443,571.4150789098358,0.0
0.0,-13.66307151505443,571.4150789098358,0.0
0.0,-52.531314661686295,547.6685261875704,0.0
0.0,-240.97180739211473,201.15209749846147,0.0
0.0,26.29570840020511,549.5533543854336,0.0
0.0,-243.82425130617733,261.5869160510921,0.0
0.0,-26.29570840020519,549.5533543854336,0.0
0.0,8.207958863909179e-14,550.1821094842603,0.0
0.0,234.95526506381196,146.45000114153402,0.0
0.0,162.13874387754478,504.8046565994725,0.0
0.0,137.37032631523823,45.6392576691128,0.0
0.0,202.8557251784128,427.1841234983215,0.0
0.0,-264.78912662438,265.3337988350112,0.0
0.0,222.07942539043225,339.14863808449513,0.0
0.0,-195.59814216612656,450.97349957726595,0.0
0.0,-241.20614993072638,220.96934899521483,0.0
0.0,209.28810842584488,404.52685504272796,0.0
0.0,218.8527499799483,360.4681136848769,0.0
0.0,-284.82944556239585,266.5844304227266,0.0
0.0,-252.08937126998973,141.44524590103546,0.0
0.0,190.43852805286562,473.354473710485,0.0
0.0,-162.13874387754478,504.8046565994725,0.0
0.0,214.42064936236102,381.9457349430684,0.0
0.0,-240.1059455349943,241.21597974492525,0.0
0.0,-202.8557251784128,427.1841234983215,0.0
0.0,176.40600977920676,60.23635838804256,0.0
0.0,164.40802708569817,463.25557867077526,0.0
0.0,-228.41219025539556,95.06840396935,0.0
0.0,-255.84628973790285,159.47158883201413,0.0
0.0,246.09008716743477,282.76310823840595,0.0
0.0,-222.07942539043225,339.14863808449513,0.0
0.0,-209.28810842584488,404.52685504272796,0.0
0.0,-190.43852805286568,473.35447371048497,0.0
0.0,120.8182135363584,495.7158964836162,0.0
0.0,-218.8527499799483,360.4681136848769,0.0
0.0,-234.95526506381196,146.45000114153402,0.0
0.0,173.27005918699868,440.01614424475713,0.0
0.0,-164.40802708569817,463.25557867077526,0.0
0.0,-214.42064936236102,381.9457349430684,0.0
0.0,-137.3703263152382,45.63925766911283,0.0
0.0,221.44425816840655,222.46801749936347,0.0
0.0,-120.81821353635847,495.7158964836161,0.0
0.0,265.99857495949715,285.3766453701287,0.0
0.0,181.2316533806415,417.84994506658427,0.0
0.0,63.22554070279886,526.4211665515912,0.0
0.0,132.45336936590243,473.38339164299623,0.0
0.0,198.44896858889186,353.49551165795225,0.0
0.0,-173.27005918699868,440.01614424475713,0.0
0.0,-63.22554070279886,526.4211665515912,0.0
0.0,88.31335048851186,522.7977292569208,0.0
0.0,219.85445555404837,242.2227865680809,0.0
0.0,-246.09008716743477,282.76310823840595,0.0
0.0,193.77680348853997,374.54550803217876,0.0
0.0,261.0853322232251,244.36126835492396,0.0
0.0,187.89123781577177,395.6711286740976,0.0
0.0,-132.45336936590243,473.38339164299623,0.0
0.0,-88.31335048851186,522.7977292569208,0.0
0.0,-176.40600977920673,60.236358388042646,0.0
0.0,142.8786396644318,450.8019686451362,0.0
0.0,-181.2316533806415,417.84994506658427,0.0
0.0,216.8962634710862,262.28233805927346,0.0
0.0,99.88276697233894,481.3098413722245,0.0
0.0,-221.44425816840652,222.46801749936353,0.0
0.0,-198.44896858889186,353.49551165795225,0.0
0.0,-265.99857495949715,285.3766453701287,0.0
0.0,-142.8786396644318,450.8019686451362,0.0
0.0,12.674063058787869,530.0529046390382,0.0
0.0,-193.77680348853997,374.54550803217876,0.0
0.0,-187.89123781577177,395.6711286740976,0.0
0.0,-12.674063058787869,530.0529046390382,0.0
0.0,152.33242119694523,429.22991767991306,0.0
0.0,-99.88276697233894,481.3098413722245,0.0
0.0,226.2466609788913,298.87749125456526,0.0
0.0,-219.85445555404837,242.2227865680809,0.0
0.0,238.00759690482758,164.037168077519,0.0
0.0,111.82279508784177,459.49143964325543,0.0
0.0,-261.0853322232251,244.36126835492396,0.0
0.0,240.09019194125997,182.3326941359307,0.0
0.0,205.885496582476,85.69247349998068,0.0
0.0,160.48808022758092,407.5565426036524,0.0
0.0,-152.33242119694523,429.22991767991306,0.0
0.0,173.8956693877794,366.1985336733185,0.0
0.0,220.48572502094484,167.44439219499037,0.0
0.0,-216.89626347108612,262.28233805927346,0.0
0.0,167.79974145299786,386.881162536542,0.0
0.0,-111.82279508784177,459.49143964325543,0.0
0.0,66.84768218310424,486.9980676825661,0.0
0.0,-66.84768218310424,486.9980676825661,0.0
0.0,122.72480126948984,438.61385287356427,0.0
0.0,245.930737669677,302.8417802623012,0.0
0.0,-226.2466609788913,298.87749125456526,0.0
0.0,80.24694369398529,466.04414880401976,0.0
0.0,-160.48808022758092,407.5565426036524,0.0
0.0,200.0384957433456,241.89704112822977,0.0
0.0,-173.8956693877794,366.1985336733185,0.0
0.0,-80.24694369398529,466.04414880401976,0.0
0.0,-167.79974145299786,386.881162536542,0.0
0.0,-122.72480126948984,438.61385287356427,0.0
0.0,132.33860883331155,417.54670628115474,0.0
0.0,33.501737247453335,490.4216187539138,0.0
0.0,-238.00759690482764,164.03716807751897,0.0
0.0,-33.501737247453335,490.4216187539138,0.0
0.0,-240.09019194125997,182.3326941359307,0.0
0.0,0.0,491.56457413020166,0.0
0.0,183.35880290955646,76.3165430306115,0.0
0.0,196.6380321290163,261.42177468642706,0.0
0.0,92.54647719126027,445.9581127625284,0.0
0.0,-220.48572502094484,167.44439219499037,0.0
0.0,148.5337073956526,377.1986315770712,0.0
0.0,141.04236437147105,397.41771300462227,0.0
0.0,-205.88549658247598,85.69247349998078,0.0
0.0,205.3511254596843,313.60201156108855,0.0
0.0,-132.33860883331155,417.54670628115474,0.0
0.0,48.297921894641355,470.42962422380253,0.0
0.0,-92.54647719126027,445.9581127625284,0.0
0.0,-245.930737669677,302.8417802623012,0.0
0.0,191.84694271550464,281.1241087780835,0.0
0.0,-48.297921894641355,470.42962422380253,0.0
0.0,-200.03849574334552,241.8970411282298,0.0
0.0,61.93778648683749,451.22854451412917,0.0
0.0,48.71637797769521,507.89566375920816,0.0
0.0,103.57372643338074,425.59516269205926,0.0
0.0,-141.04236437147105,397.41771300462227,0.0
0.0,-48.71637797769528,507.89566375920816,0.0
0.0,-148.5337073956526,377.1986315770712,0.0
0.0,119.5604599280486,44.289348852669825,0.0
0.0,-61.93778648683749,451.22854451412917,0.0
0.0,152.33836825915745,55.129196812784535,0.0
0.0,-196.6380321290163,261.42177468642706,0.0
0.0,16.124301446826095,472.6274722331964,0.0
0.0,-103.57372643338074,425.59516269205926,0.0
0.0,-205.3511254596843,313.60201156108855,0.0
0.0,-16.124301446826095,472.6274722331964,0.0
0.0,113.62910142213948,406.1061615727054,0.0
0.0,122.48102272592757,386.44465188215923,0.0
0.0,203.175616543831,169.60158896028636,0.0
0.0,224.7192546673424,318.8986174083317,0.0
0.0,-183.35880290955643,76.3165430306116,0.0
0.0,-191.84694271550467,281.1241087780835,0.0
0.0,74.32719765899884,431.6644842957749,0.0
0.0,210.7826431010885,104.36915862155467,0.0
0.0,-113.62910142213948,406.1061615727054,0.0
0.0,-74.32719765899884,431.6644842957749,0.0
0.0,-122.48102272592757,386.44465188215923,0.0
0.0,204.1461017215985,187.01857813446293,0.0
0.0,222.29773261621622,203.64731692548062,0.0
0.0,44.735026929766605,435.72644707404464,0.0
0.0,183.50065060911388,326.8681960802428,0.0
0.0,221.90712485824278,185.23778403028732,0.0
0.0,31.041068004230034,454.40063916810817,0.0
0.0,-44.735026929766605,435.72644707404464,0.0
0.0,85.68743183324077,412.9061045602775,0.0
0.0,176.93607635101208,259.27437816213506,0.0
0.0,-31.041068004230034,454.40063916810817,0.0
0.0,-119.56045992804859,44.289348852669846,0.0
0.0,95.85876754284504,393.8935980458164,0.0
0.0,0.0,455.45964561004575,0.0
0.0,-203.17561654383107,169.60158896028634,0.0
0.0,-152.33836825915748,55.1291968127845,0.0
0.0,-224.7192546673424,318.8986174083317,0.0
0.0,-85.68743183324077,412.9061045602775,0.0
0.0,171.75379328674313,278.4034742085447,0.0
0.0,-95.85876754284504,393.8935980458164,0.0
0.0,57.34729206952362,417.7859203582762,0.0
0.0,165.17044289721997,297.5814825534244,0.0
0.0,-183.50065060911388,326.8681960802428,0.0
0.0,-57.34729206952362,417.7859203582762,0.0
0.0,68.79074267051553,399.510830415336,0.0
0.0,-204.1461017215985,187.01857813446293,0.0
0.0,-210.78264310108844,104.36915862155477,0.0
0.0,-222.29773261621622,203.64731692548062,0.0
0.0,-176.9360763510121,259.274378162135,0.0
0.0,28.74047159187423,420.7229164782872,0.0
0.0,214.07269608064715,124.02826646901673,0.0
0.0,-28.74047159187423,420.7229164782872,0.0
0.0,202.46276519466997,333.4724880899762,0.0
0.0,-68.79074267051553,399.510830415336,0.0
0.0,202.6198212163075,223.23467398128253,0.0
0.0,14.934825995639171,437.7621617804092,0.0
0.0,-221.90712485824284,185.2377840302873,0.0
0.0,-14.934825995639171,437.7621617804092,0.0
0.0,-171.75379328674313,278.4034742085447,0.0
0.0,41.40282188496554,403.2702273120026,0.0
0.0,-41.40282188496554,403.2702273120026,0.0
0.0,-165.17044289722003,297.5814825534244,0.0
0.0,160.79684715756716,338.6143533976463,0.0
0.0,217.91702395380617,150.1905483275697,0.0
0.0,-202.46276519466997,333.4724880899762,0.0
0.0,188.91636945234524,93.54205943856591,0.0
0.0,13.822366566386414,405.1543065040984,0.0
0.0,186.07498216929173,205.0065375207806,0.0
0.0,-13.822366566386414,405.1543065040984,0.0
0.0,0.0,421.7034350788705,0.0
0.0,-160.79684715756716,338.6143533976463,0.0
0.0,-202.6198212163075,223.23467398128253,0.0
0.0,152.33294667995315,274.45264007047837,0.0
0.0,-214.0726960806471,124.02826646901684,0.0
0.0,145.41279848880973,293.0238522636441,0.0
0.0,179.26476806194364,346.4956197917788,0.0
0.0,137.09302481224043,311.514873663182,0.0
0.0,168.66265454456112,203.9557282789621,0.0
0.0,60.41933783083613,257.671367737867,0.0
0.0,137.3452940486165,348.78586064434893,0.0
0.0,203.92451373598135,204.86727750630814,0.0
0.0,-60.419337830836184,257.671367737867,0.0
0.0,-152.3329466799532,274.4526400704783,0.0
0.0,-217.91702395380622,150.19054832756967,0.0
0.0,-186.07498216929173,205.0065375207806,0.0
0.0,-137.09302481224037,311.5148736631821,0.0
0.0,-145.41279848880973,293.0238522636441,0.0
0.0,-179.26476806194364,346.4956197917788,0.0
0.0,-188.91636945234518,93.542059438566,0.0
0.0,-137.3452940486165,348.78586064434893,0.0
0.0,-168.66265454456106,203.95572827896214,0.0
0.0,181.22335894399458,240.92863215133647,0.0
0.0,155.23314034956073,357.9074513619478,0.0
0.0,113.25504746783264,357.33541750822724,0.0
0.0,107.85283135821105,322.8061039286202,0.0
0.0,-203.92451373598132,204.8672775063082,0.0
0.0,126.43778192150151,287.3030901132527,0.0
0.0,192.96020623081594,111.79622770433093,0.0
0.0,117.83846289429712,305.1589038885847,0.0
0.0,166.42563931671737,221.2557027368636,0.0
0.0,-113.25504746783264,357.33541750822724,0.0
0.0,-107.85283135821098,322.8061039286202,0.0
0.0,-181.22335894399458,240.92863215133647,0.0
0.0,-155.23314034956073,357.9074513619478,0.0
0.0,15.672274835966013,339.98587289330686,0.0
0.0,-126.43778192150144,287.3030901132527,0.0
0.0,88.63813370146426,364.22326619347297,0.0
0.0,-15.672274835965938,339.98587289330686,0.0
0.0,-117.83846289429712,305.1589038885847,0.0
0.0,77.69786768915874,331.35940506060155,0.0
0.0,130.4796357498755,367.6549146384027,0.0
0.0,-88.63813370146426,364.22326619347297,0.0
0.0,195.38129248993744,130.9518783714598,0.0
0.0,171.8477163809848,99.56418893964518,0.0
0.0,-166.42563931671737,221.2557027368636,0.0
0.0,-77.69786768915881,331.35940506060155,0.0
0.0,63.60902818333071,369.417376305301,0.0
0.0,185.58494965052165,305.67336592734466,0.0
0.0,158.28982315269576,256.57911743465445,0.0
0.0,89.26466243008862,314.70570379485565,0.0
0.0,-192.96020623081588,111.79622770433103,0.0
0.0,0.0,327.12055875437284,0.0
0.0,99.47021585935866,297.7167352413122,0.0
0.0,184.21228579300697,222.75915796711624,0.0
0.0,-63.60902818333071,369.417376305301,0.0
0.0,-130.4796357498755,367.6549146384027,0.0
0.0,46.88389772200787,337.1022309329177,0.0
0.0,38.284123152503504,372.89359380011354,0.0
0.0,-46.88389772200795,337.1022309329177,0.0
0.0,-89.26466243008862,314.70570379485565,0.0
0.0,196.0809471590255,150.87210561189235,0.0
0.0,-38.284123152503504,372.89359380011354,0.0
0.0,-99.47021585935859,297.7167352413122,0.0
0.0,12.781186397315173,374.63575330845987,0.0
0.0,105.11936488172888,375.6926812303553,0.0
0.0,30.0945006134433,325.733297334799,0.0
0.0,-12.781186397315173,374.63575330845987,0.0
0.0,-185.58494965052165,305.67336592734466,0.0
0.0,-30.0945006134433,325.733297334799,0.0
0.0,59.93375013657713,321.5832793450857,0.0
0.0,-158.28982315269576,256.57911743465445,0.0
0.0,14.454182994631694,313.5612458193944,0.0
0.0,-171.84771638098474,99.56418893964526,0.0
0.0,-14.454182994631624,313.5612458193944,0.0
0.0,-195.38129248993738,130.95187837145988,0.0
0.0,167.05009580360195,82.71496025557715,0.0
0.0,-59.93375013657713,321.5832793450857,0.0
0.0,145.36473205785097,235.6282540132033,0.0
0.0,-105.11936488172888,375.6926812303553,0.0
0.0,71.65897801220879,305.60525053751735,0.0
0.0,-184.2122857930069,222.75915796711627,0.0
0.0,-71.65897801220885,305.60525053751735,0.0
0.0,79.27025999434423,381.9833733078188,0.0
0.0,134.01372811897528,270.05338785675565,0.0
0.0,-196.08094715902544,150.87210561189244,0.0
0.0,-79.27025999434423,381.9833733078188,0.0
0.0,-145.36473205785097,235.6282540132033,0.0
0.0,43.23995362947114,310.90172835797193,0.0
0.0,175.11273173666328,117.36712791402283,0.0
0.0,53.05252654986475,386.49773741882024,0.0
0.0,-43.23995362947121,310.90172835797193,0.0
0.0,-53.05252654986475,386.49773741882024,0.0
0.0,-167.05009580360192,82.71496025557722,0.0
0.0,-134.01372811897528,270.05338785675565,0.0
0.0,26.58808423482388,389.21478052601407,0.0
0.0,162.93763329276683,238.7616727036711,0.0
0.0,-26.58808423482388,389.21478052601407,0.0
0.0,0.0,390.1218676300925,0.0
0.0,-175.11273173666322,117.36712791402292,0.0
0.0,123.07089168515986,248.00228836722678,0.0
0.0,-162.93763329276686,238.76167270367108,0.0
0.0,176.74285742393545,135.99264710704057,0.0
0.0,-123.07089168515986,248.00228836722678,0.0
0.0,145.62236271258226,70.9953115571059,0.0
0.0,157.40476768884542,121.11318860218879,0.0
0.0,176.6465777178671,155.3004523001064,0.0
0.0,108.60097524008224,281.23715934093946,0.0
0.0,130.97742378591508,61.63167084338627,0.0
0.0,174.74389739734175,175.14194361412646,0.0
0.0,140.28100044054602,252.7390939500707,0.0
0.0,-176.7428574239354,135.99264710704063,0.0
0.0,-145.6223627125823,70.99531155710584,0.0
0.0,99.73320680109057,258.27285354200967,0.0
0.0,-108.60097524008224,281.23715934093946,0.0
0.0,-157.4047676888454,121.11318860218886,0.0
0.0,-176.64657771786705,155.30045230010649,0.0
0.0,96.35634493143853,344.3739754476122,0.0
0.0,-140.28100044054605,252.73909395007064,0.0
0.0,82.2671066498909,290.03557502608777,0.0
0.0,-99.73320680109057,258.27285354200967,0.0
0.0,-174.74389739734167,175.1419436141265,0.0
0.0,-130.97742378591505,61.631670843386324,0.0
0.0,-96.35634493143853,344.3739754476122,0.0
0.0,-82.2671066498909,290.03557502608777,0.0
0.0,158.3215280332001,139.18981748783142,0.0
0.0,55.23547706546578,296.3740098095788,0.0
0.0,75.54961953428891,266.3528381748271,0.0
0.0,116.4345529184591,264.57287007926885,0.0
0.0,154.8441709833891,103.78237745658586,0.0
0.0,-55.23547706546578,296.3740098095788,0.0
0.0,-75.54961953428891,266.3528381748271,0.0
0.0,27.735359370012343,300.1987032914603,0.0
0.0,-27.735359370012343,300.1987032914603,0.0
0.0,0.0,301.4772157514692,0.0
0.0,-116.43455291845903,264.57287007926885,0.0
0.0,50.725246663289745,272.173710645444,0.0
0.0,-158.32152803320005,139.1898174878315,0.0
0.0,0.0,357.6003078496144,0.0
0.0,-50.725246663289745,272.173710645444,0.0
0.0,157.51013135586828,157.8689210636937,0.0
0.0,-154.84417098338903,103.78237745658593,0.0
0.0,149.18382689874616,218.60744710019543,0.0
0.0,140.2763653143949,140.595898513261,0.0
0.0,25.470639887321067,275.68610033748865,0.0
0.0,-25.470639887321067,275.68610033748865,0.0
0.0,154.89812829490072,176.9994738828016,0.0
0.0,0.0,276.8602163828553,0.0
0.0,91.60054800295018,274.16263111675585,0.0
0.0,150.42557426244775,196.42371725013086,0.0
0.0,-91.6005480029501,274.16263111675585,0.0
0.0,-157.51013135586823,157.86892106369376,0.0
0.0,-149.1838268987462,218.60744710019537,0.0
0.0,-140.2763653143948,140.59589851326103,0.0
0.0,137.25940303811961,86.05848629103608,0.0
0.0,-154.89812829490063,176.99947388280165,0.0
0.0,65.98961908889945,281.42704004378305,0.0
0.0,-150.42557426244764,196.42371725013095,0.0
0.0,112.50480968475401,59.99098097045322,0.0
0.0,-65.9896190888995,281.42704004378305,0.0
0.0,39.81898917040561,286.304482669675,0.0
0.0,-39.81898917040567,286.304482669675,0.0
0.0,-137.25940303811964,86.05848629103602,0.0
0.0,138.82922996843814,158.63781528196142,0.0
0.0,13.310628430878356,288.7535902219715,0.0
0.0,-13.310628430878293,288.7535902219715,0.0
0.0,-112.50480968475398,59.99098097045327,0.0
0.0,139.99647834853312,123.07918267555645,0.0
0.0,120.75473376838941,157.6799277558629,0.0
0.0,-138.82922996843806,158.63781528196148,0.0
0.0,135.59015401541856,177.05182250299686,0.0
0.0,122.73035452090198,76.75160240487763,0.0
0.0,130.50699050156084,195.67874011828061,0.0
0.0,123.54086817582886,214.35434210882926,0.0
0.0,-120.75473376838931,157.67992775586296,0.0
0.0,-139.99647834853306,123.07918267555651,0.0
0.0,-135.59015401541845,177.05182250299694,0.0
0.0,-122.73035452090201,76.75160240487757,0.0
0.0,-130.50699050156075,195.67874011828067,0.0
0.0,-123.54086817582876,214.35434210882934,0.0
0.0,127.34407231147745,100.1483601074656,0.0
0.0,116.9683920410962,175.37932259643273,0.0
0.0,83.86841039079364,251.02015830275707,0.0
0.0,-127.34407231147748,100.14836010746555,0.0
0.0,99.17292800265595,172.07380886104883,0.0
0.0,-83.86841039079358,251.02015830275707,0.0
0.0,-116.9683920410961,175.3793225964328,0.0
0.0,94.54845414471795,228.62790710976364,0.0
0.0,111.35689808924239,193.21407548493903,0.0
0.0,122.76033164197554,140.27615668112125,0.0
0.0,103.88929703677795,211.01956749376635,0.0
0.0,-99.17292800265587,172.0738088610489,0.0
0.0,12.187058616334017,264.37947298930345,0.0
0.0,-12.187058616333958,264.37947298930345,0.0
0.0,-94.54845414471785,228.62790710976367,0.0
0.0,-111.3568980892423,193.2140754849391,0.0
0.0,-103.88929703677785,211.0195674937664,0.0
0.0,112.74586720143066,90.78500879297233,0.0
0.0,-122.76033164197548,140.27615668112128,0.0
0.0,115.98851055404691,113.10557990010551,0.0
0.0,103.39839044380301,74.59908078274735,0.0
0.0,93.1119779712214,189.12871566568091,0.0
0.0,63.94296639247505,239.00089359556242,0.0
0.0,-112.74586720143064,90.78500879297238,0.0
0.0,-115.98851055404694,113.10557990010545,0.0
0.0,75.49916745473817,222.76022898554737,0.0
0.0,-63.942966392474936,239.00089359556245,0.0
0.0,-103.39839044380298,74.5990807827474,0.0
0.0,75.8991512210459,183.5319704806047,0.0
0.0,-93.11197797122132,189.12871566568094,0.0
0.0,85.22380268288191,206.07993879518415,0.0
0.0,-75.49916745473807,222.76022898554737,0.0
0.0,-75.89915122104581,183.53197048060474,0.0
0.0,103.42979358063153,155.07990507458487,0.0
0.0,32.24655949541934,245.29632995879683,0.0
0.0,-85.22380268288181,206.07993879518418,0.0
0.0,-32.24655949541923,245.29632995879686,0.0
0.0,0.0,247.40681092190357,0.0
0.0,45.8209605150065,230.70041933541063,0.0
0.0,103.32114645605452,124.78360260904448,0.0
0.0,-103.42979358063144,155.0799050745849,0.0
0.0,67.66699763501609,199.65141863289105,0.0
0.0,101.16530606626802,103.53322771487915,0.0
0.0,-45.8209605150064,230.70041933541063,0.0
0.0,57.63671971251243,215.42991031502314,0.0
0.0,-67.666997635016,199.65141863289108,0.0
0.0,51.330473032549826,191.8589270344839,0.0
0.0,-57.63671971251233,215.42991031502316,0.0
0.0,15.361010627149494,234.7046724216727,0.0
0.0,-103.32114645605458,124.78360260904444,0.0
0.0,-15.361010627149396,234.7046724216727,0.0
0.0,-51.33047303254974,191.85892703448394,0.0
0.0,-101.16530606626799,103.53322771487916,0.0
0.0,29.06630730771138,221.1044719064979,0.0
0.0,41.06756314447975,206.76790560538493,0.0
0.0,92.40719655078252,87.84736777857972,0.0
0.0,-29.06630730771128,221.10447190649793,0.0
0.0,25.88605512000343,196.91261385419904,0.0
0.0,-41.06756314447966,206.76790560538493,0.0
0.0,-25.88605512000334,196.91261385419904,0.0
0.0,0.0,223.00681092190354,0.0
0.0,0.0,198.60681092190356,0.0
0.0,82.33465890566488,167.23786383759546,0.0
0.0,13.76748254080978,210.35676351273256,0.0
0.0,-13.767482540809691,210.35676351273256,0.0
0.0,-92.40719655078252,87.84736777857972,0.0
0.0,89.4852448787622,135.05035258774177,0.0
0.0,-82.3346589056648,167.2378638375955,0.0
0.0,88.15260998836472,114.8157904853769,0.0
0.0,-89.48524487876224,135.0503525877417,0.0
0.0,-88.15260998836465,114.81579048537694,0.0
0.0,59.834827815294005,176.54260828023476,0.0
0.0,74.63728656311731,143.7897153470321,0.0
0.0,-59.83482781529392,176.5426082802348,0.0
0.0,79.7315785484489,99.49434849363315,0.0
0.0,-74.63728656311731,143.7897153470321,0.0
0.0,-79.7315785484489,99.49434849363315,0.0
0.0,73.89199169318037,124.4729768108631,0.0
0.0,36.31416577395299,182.8353918753592,0.0
0.0,-36.31416577395292,182.8353918753592,0.0
0.0,-73.89199169318036,124.47297681086312,0.0
0.0,58.945198369961304,150.90285078225432,0.0
0.0,12.173954454470067,186.00885460379243,0.0
0.0,-12.173954454469989,186.00885460379243,0.0
0.0,-58.945198369961304,150.90285078225432,0.0
0.0,65.6025911312473,109.32771852035692,0.0
0.0,58.58532997256339,132.36807585119823,0.0
0.0,42.586454067357586,156.30931103121864,0.0
0.0,-65.60259113124725,109.32771852035695,0.0
0.0,-42.58645406735766,156.3093110312186,0.0
0.0,-58.585329972563315,132.36807585119826,0.0
0.0,25.74606714467939,159.94795032030595,0.0
0.0,-25.74606714467946,159.94795032030595,0.0
0.0,8.614498354251335,161.77761650855783,0.0
0.0,42.449311811006616,138.38932155088642,0.0
0.0,-8.614498354251406,161.77761650855783,0.0
0.0,50.27778141600467,117.16823245182312,0.0
0.0,-42.44931181100658,138.38932155088642,0.0
0.0,-50.277781416004615,117.16823245182314,0.0
0.0,25.712364881439097,142.45147484230003,0.0
0.0,-25.71236488143907,142.45147484230003,0.0
0.0,8.61142383532048,144.49703032267195,0.0
0.0,-8.611423835320453,144.49703032267195,0.0
0.0,34.036494301370816,122.8729712169147,0.0
0.0,-34.036494301370766,122.87297121691472,0.0
0.0,17.174780491222766,126.33794724894938,0.0
0.0,-17.174780491222766,126.33794724894938,0.0
0.0,0.0,127.5,0.0
